AppID,Name,Category,Discount,Price,Rating%,Release,Followers,Online,Peak
1118200,"People Playground","",,"₹ 349",97.40,"Jul 2019",100924,3674,17015
431960,"Wallpaper Engine","Application",,"₹ 250",97.28,"Nov 2018",1484795,108161,150375
1794680,"Vampire Survivors","",,"₹ 249",97.22,"Oct 2022",143755,3379,77061
3164500,"Schedule I","",,"₹ 880",96.79,"Mar 2025",268121,6653,459075
1055540,"A Short Hike","",,"₹ 299",96.74,"Jul 2019",22161,34,388
294100,"RimWorld","",,"₹ 1500",96.73,"Oct 2018",637148,29197,96040
433340,"Slime Rancher","",-75%,"₹ 224",96.67,"Aug 2017",260213,1608,17059
2795000,"The WereCleaner","",,"Free",96.54,"May 2024",5663,15,193
508440,"Totally Accurate Battle Simulator","",-66%,"₹ 305",96.49,"Apr 2021",356549,2121,13674
1289310,"Helltaker","",,"Free",96.31,"May 2020",98849,69,6509
3097300,"Creature Kitchen","",,"₹ 400",96.26,"Feb 2026",9047,57,553
1931770,"Chants of Sennaar","",,"₹ 899",96.14,"Sep 2023",38691,326,1584
264710,"Subnautica","",,"₹ 1800",96.09,"Jan 2018",642858,11586,51446
367520,"Hollow Knight","",,"₹ 690",96.04,"Feb 2017",455800,6556,95655
1040200,"Crime Scene Cleaner","",-36%,"₹ 1293",95.99,"Aug 2024",77985,1221,13577
1366540,"Dyson Sphere Program","",,"₹ 679",95.97,"Jan 2021",251694,4263,59815
1669980,"Volcano Princess","",-35%,"₹ 344",95.96,"Apr 2023",73059,786,31057
1361320,"The Room 4: Old Sins","",,"₹ 450",95.95,"Feb 2021",14036,55,1199
774181,"Rhythm Doctor","",,"₹ 880",95.94,"Dec 2025",46420,183,2892
239030,"Papers, Please","",,"₹ 480",95.72,"Aug 2013",121892,189,6129
667970,"VTOL VR","",,"₹ 729",95.66,"Aug 2017",38675,101,1777
1424330,"Wobbledogs","",,"₹ 599",95.64,"Mar 2022",15189,82,591
1082430,"Before Your Eyes","",,"₹ 480",95.64,"Apr 2021",20591,13,510
288160,"The Room","",,"₹ 259",95.62,"Jul 2014",27246,66,809
1260520,"Patrick's Parabox","",,"₹ 880",95.57,"Mar 2022",11598,75,592
1533420,"Neon White","",,"₹ 1124",95.56,"Jun 2022",34563,96,3277
2600140,"Please, Touch The Artwork 2","",,"Free",95.50,"Feb 2024",2280,12,365
457140,"Oxygen Not Included","",,"₹ 569",95.46,"Jul 2019",411722,11900,27486
1240210,"There Is No Game: Wrong Dimension","",,"₹ 419",95.45,"Aug 2020",29270,106,1348
1868140,"DAVE THE DIVER","",,"₹ 880",95.44,"Jun 2023",234616,6070,98480
531510,"Just Shapes & Beats","",-40%,"₹ 539",95.39,"May 2018",36069,106,966
1562700,"SANABI","",,"₹ 690",95.39,"Nov 2023",33358,147,7663
304430,"INSIDE","",-90%,"₹ 110",95.38,"Jul 2016",174894,217,4170
3520250,"MR DONALD: SAVE VATICAN","Demo",,"Free",95.30,"Jun 2025",0,12,438
1353230,"Bomb Rush Cyberfunk","",,"₹ 1600",95.27,"Aug 2023",48777,36,8174
1057090,"Ori and the Will of the Wisps","",-75%,"₹ 174",95.24,"Mar 2020",201865,1074,34807
274190,"Broforce","",,"₹ 690",95.23,"Oct 2015",114098,257,4285
425580,"The Room Two","",,"₹ 259",95.22,"Jul 2016",18218,52,401
636480,"Ravenfield","",,"₹ 810",95.18,"May 2017",124373,826,3939
1211020,"Wobbly Life","",,"₹ 1050",95.16,"Sep 2025",41139,845,10421
1043810,"Tactical Breach Wizards","",,"₹ 880",95.15,"Aug 2024",51503,68,4761
3419430,"Bongo Cat","",,"Free",95.15,"Mar 2025",923057,152877,194508
990630,"The Last Campfire","",-90%,"₹ 69",95.14,"Oct 2021",23623,233,1381
541570,"Sally Face - Episode One","",,"₹ 155",95.09,"Dec 2016",53555,127,2107
557600,"Gorogoa","",,"₹ 659",95.07,"Dec 2017",43262,73,813
268910,"Cuphead","",-40%,"₹ 339",95.07,"Sep 2017",355939,3285,19026
1586800,"Lil Gator Game","",-50%,"₹ 440",95.06,"Dec 2022",11039,15,458
362680,"Fran Bow","",,"₹ 479",95.06,"Aug 2015",49868,41,796
1328840,"Lost in Play","",,"₹ 409",95.05,"Aug 2022",17009,64,511
1059990,"Trombone Champ","",,"₹ 459",95.03,"Sep 2022",16858,41,1086
3370870,"Berry Bury Berry","",,"₹ 400",94.98,"Jan 2026",5891,154,2320
1070710,"Kind Words (lo fi chill beats to write to)","",,"₹ 250",94.96,"Sep 2019",16401,3,362
1927720,"Monument Valley","",-65%,"₹ 125",94.94,"Jul 2022",10545,51,363
1275670,"Outcore: Desktop Adventure","",,"Free",94.90,"Sep 2022",9052,40,453
1996010,"Crow Country","",-50%,"₹ 440",94.89,"May 2024",21257,16,836
1388880,"Doki Doki Literature Club Plus!","",,"₹ 829",94.85,"Jun 2021",74569,81,8662
629730,"Blade and Sorcery","",,"₹ 1349",94.85,"Jun 2024",87933,371,9509
3070070,"TCG Card Shop Simulator","",,"₹ 610",94.82,"Sep 2024",73199,1947,53453
1275890,"Baldi's Basics Plus","",,"₹ 349",94.81,"Jun 2020",11497,138,693
2324650,"The Murder of Sonic the Hedgehog","",,"Free",94.81,"Mar 2023",10677,20,15543
341800,"Keep Talking and Nobody Explodes","",,"₹ 690",94.78,"Oct 2015",119140,105,3386
312990,"The Expendabros","",,"Free",94.78,"Aug 2014",31611,15,3088
450540,"Hot Dogs, Horseshoes & Hand Grenades","",,"₹ 565",94.75,"Apr 2016",30674,155,992
1171370,"The Supper","",,"Free",94.74,"Jan 2020",3307,1,53
3084280,"Threefold Recital","",,"₹ 690",94.74,"Jan 2025",7701,33,715
242760,"The Forest","",-78%,"₹ 116",94.74,"Apr 2018",799970,8282,109397
597220,"West of Loathing","",,"₹ 411",94.73,"Aug 2017",33774,19,2835
2704110,"Aliya: Timelink","",,"₹ 155",94.72,"Apr 2024",5656,54,639
1290000,"PowerWash Simulator","",-50%,"₹ 500",94.70,"Jul 2022",87928,1209,14178
1469280,"SuchArt: Creative Space","",,"Free",94.69,"Jan 2021",10180,9,879
653530,"Return of the Obra Dinn","",,"₹ 880",94.68,"Oct 2018",82326,385,1792
2162800,"shapez 2 - Factory","",,"₹ 899",94.67,"Apr 2026",54557,1200,18806
206440,"To the Moon","",,"₹ 480",94.66,"Nov 2011",72443,55,637
2111190,"MULLET MADJACK","",,"₹ 880",94.65,"May 2024",29497,15,808
1746030,"Murders on the Yangtze River","",,"₹ 690",94.65,"Jan 2024",23565,111,4964
1337010,"Alba: A Wildlife Adventure","",-80%,"₹ 152",94.61,"Dec 2020",14036,23,229
683320,"GRIS","",,"₹ 690",94.61,"Dec 2018",134819,93,2535
2796340,"Illusion Carnival","",,"Free",94.58,"Jul 2024",11607,33,205
3101040,"Magical Girl Witch Trials","",,"₹ 1300",94.52,"Jul 2025",42727,695,8653
1740300,"Smushi Come Home","",-50%,"₹ 440",94.51,"Jun 2023",9114,9,189
1067850,"Kindergarten 2","",,"₹ 690",94.46,"Jul 2019",9372,18,1060
2056220,"Bloody Hell","",,"Free",94.46,"Jan 2023",3246,17,401
230290,"Universe Sandbox","",,"₹ 1300",94.43,"Aug 2015",174667,409,788
1876590,"I Am Your Beast","",-35%,"₹ 572",94.41,"Sep 2024",17008,18,317
2240530,"BABBDI","",,"Free",94.38,"Dec 2022",3156,17,117
644560,"Mirror","",-60%,"₹ 42",94.38,"Apr 2018",148576,111,8250
1955830,"Touhou Hero of Ice Fairy","",,"₹ 490",94.37,"Apr 2024",13235,77,1168
3715020,"Ye Guild Clerk!","",,"Free",94.34,"Oct 2025",1073,2,198
3035120,"Is This Seat Taken?","",-30%,"₹ 300",94.33,"Aug 2025",17204,237,1713
1455840,"Dorfromantik","",-40%,"₹ 263",94.27,"Apr 2022",74385,411,7101
597170,"Clone Drone in the Danger Zone","",,"₹ 529",94.24,"Jul 2021",34270,404,1944
220200,"Kerbal Space Program","",,"₹ 1599",94.22,"Apr 2015",299674,4800,23482
753640,"Outer Wilds","",,"₹ 1049",94.19,"Jun 2020",180212,1623,7936
1177980,"Little Kitty, Big City","",,"₹ 1100",94.18,"May 2024",64440,95,3028
1684930,"CULTIC","",,"₹ 480",94.15,"Oct 2022",19614,20,843
2678990,"Minami Lane","",-35%,"₹ 162",94.12,"Feb 2024",11922,23,587
2667970,"100 Asian Cats","",,"Free",94.12,"Dec 2023",5014,2,13382
1562430,"DREDGE","",,"₹ 1999",94.12,"Mar 2023",141731,385,12686
418240,"Shadow Tactics: Blades of the Shogun","",-90%,"₹ 160",94.10,"Dec 2016",169574,178,5037
942970,"Unheard - Voices of Crime","",,"₹ 412",94.09,"Mar 2019",79479,288,7754
1999520,"CATO: Buttered Cat","",,"₹ 530",94.08,"Sep 2024",8470,30,807
2869860,"Monster Prom 4: Monster Con","",,"₹ 690",94.07,"Apr 2025",9852,14,1839
3227590,"乌合之众 Demo","Demo",,"Free",94.07,"Jul 2025",0,54,2785
1127500,"Mini Motorways","",-30%,"₹ 244",94.05,"Jul 2021",38481,629,9914
610370,"Desperados III","",,"₹ 1600",94.02,"Jun 2020",82218,173,6057
1948280,"Stacklands","",,"₹ 399",94.01,"Apr 2022",46680,699,5186
3274300,"Awaria","",,"Free",93.98,"Dec 2024",9139,25,2467
2239150,"Thronefall","",-35%,"₹ 396",93.97,"Oct 2024",85471,467,6723
620980,"Beat Saber","",,"₹ 1300",93.97,"May 2019",163158,281,4472
337320,"Paint the Town Red","",,"₹ 880",93.96,"Jul 2021",60323,291,1423
1655140,"Alpaca Stacka","",,"Free",93.93,"Jul 2021",3306,3,111
2612680,"Cureocity","",,"Free",93.92,"Mar 2024",3194,3,534
799640,"Dungeon Munchies","",,"₹ 529",93.92,"Jul 2022",23512,9,861
367580,"Hook","",,"₹ 155",93.91,"Jan 2015",7723,2,517
589590,"Kindergarten","",,"₹ 250",93.90,"Jun 2017",19441,25,561
3265700,"Vampire Crawlers: The Turbo Wildcard from Vampire Survivors","",,"₹ 499",93.90,"Apr 2026",41520,1848,45686
2386720,"STRAFTAT","",,"Free",93.90,"Oct 2024",11856,271,2202
1714320,"Find Love or Die Trying","",,"₹ 125",93.88,"Sep 2021",16562,2,545
1171320,"Frog Detective 3: Corruption at Cowboy County","",,"₹ 250",93.83,"Oct 2022",2240,1,220
1190000,"Car Mechanic Simulator 2021","",-85%,"₹ 165",93.83,"Aug 2021",97259,3115,22561
844930,"Fox Hime Zero","",,"₹ 105",93.80,"May 2018",12362,6,383
739630,"Phasmophobia","",,"₹ 899",93.80,"Sep 2020",451662,6358,112717
512900,"Streets of Rogue","",,"₹ 880",93.76,"Jul 2019",96652,276,4320
1718870,"Spaceflight Simulator","",,"₹ 690",93.75,"Feb 2022",18844,271,1635
311690,"Enter the Gungeon","",,"₹ 690",93.75,"Apr 2016",161951,707,15792
1333910,"Sizeable","",,"₹ 320",93.74,"Mar 2021",2766,14,549
1241700,"There Is No Game: Jam Edition 2015","",,"Free",93.74,"Mar 2020",4273,6,197
2719060,"Mirage Feathers","",,"₹ 250",93.72,"Sep 2024",5430,3,302
1079260,"Fireworks Mania - An Explosive Simulator","",,"₹ 599",93.71,"Dec 2020",14154,40,1889
435400,"Hidden Folks","",,"₹ 690",93.71,"Feb 2017",30270,6,763
4515660,"Control, I'm Not Coming Back","",,"Free",93.69,"May 2026",937,27,138
1754720,"英雄黄昏-文字三国志&曹贼模拟器","",,"Free",93.69,"Sep 2021",4155,55,772
1082710,"Bug Fables: The Everlasting Sapling","",,"₹ 880",93.68,"Nov 2019",10632,29,325
553310,"Lethal League Blaze","",,"₹ 529",93.68,"Oct 2018",22522,12,2673
2085540,"Stick It to the Stickman","",,"₹ 345",93.68,"Aug 2025",21628,124,2800
837470,"Untitled Goose Game","",-60%,"₹ 359",93.66,"Sep 2020",124875,284,2014
1806040,"Snake Force","",,"Free",93.65,"Nov 2021",8595,4,450
588030,"Derail Valley","",,"₹ 1649",93.63,"Jan 2019",29517,220,2950
2871440,"Squeakross: Home Squeak Home","",-20%,"₹ 320",93.60,"Jun 2025",3469,90,569
1104380,"The Room VR: A Dark Matter","",,"₹ 1100",93.60,"Mar 2020",11998,2,139
287980,"Mini Metro","",-60%,"₹ 139",93.60,"Nov 2015",53712,274,2104
516750,"My Summer Car","",,"₹ 305",93.60,"Jan 2025",142415,958,7897
2660460,"Aviassembly","",,"₹ 480",93.59,"Apr 2025",21399,150,2762
732430,"Superflight","",,"₹ 155",93.59,"Nov 2017",13871,3,613
1122720,"Sayonara Wild Hearts","",,"₹ 589",93.58,"Dec 2019",14186,4,180
339800,"HuniePop","",,"₹ 480",93.58,"Jan 2015",49902,100,5416
1206560,"WorldBox - God Simulator","",,"₹ 880",93.57,"Dec 2021",193862,1832,11034
2743080,"100 Capitalist Cats","",,"Free",93.54,"Jan 2024",1372,2,2313
812810,"missed messages.","",,"Free",93.54,"May 2019",13326,2,184
477160,"Human Fall Flat","",,"₹ 529",93.54,"Jul 2016",581103,1687,127517
387290,"Ori and the Blind Forest: Definitive Edition","",-80%,"₹ 259",93.53,"Apr 2016",122980,324,9079
611760,"Don't Escape: 4 Days to Survive","",,"₹ 690",93.52,"Mar 2019",8479,6,249
265890,"Hexcells","",,"₹ 155",93.51,"Feb 2014",3512,4,384
511470,"Glass Masquerade","",,"₹ 250",93.51,"Nov 2016",7521,8,29689
1419860,"Tukoni: Prologue","",,"Free",93.49,"Nov 2020",5154,0,93
557340,"My Friend Pedro","",,"₹ 880",93.48,"Jun 2019",80277,14,7117
1349060,"It Steals","",,"₹ 199",93.47,"Jul 2020",3031,5,46
2475490,"Mouthwashing","",,"₹ 610",93.45,"Sep 2024",47900,25,1259
2236070,"Peaks of Yore","",,"₹ 850",93.44,"Oct 2023",5257,12,467
1161870,"Epiphyllum in Love","",,"₹ 177",93.43,"Mar 2020",3316,3,97
3562120,"Magical Princess","",,"₹ 719",93.42,"Apr 2026",14451,857,12789
1557740,"ROUNDS","",-50%,"₹ 130",93.41,"Apr 2021",22850,461,2269
2088570,"Tiny Rogues","",,"₹ 299",93.40,"Sep 2022",13669,111,4714
2062430,"BALL x PIT","",,"₹ 690",93.39,"Oct 2025",43782,852,35402
1293180,"SuchArt: Genius Artist Simulator","",-65%,"₹ 385",93.38,"Oct 2022",22707,20,920
1172450,"Carto","",,"₹ 529",93.33,"Oct 2020",21406,40,929
304410,"Hexcells Infinite","",,"₹ 250",93.32,"Sep 2014",2607,170,384
2678640,"Journey of Realm：Dawn Dew","",,"₹ 530",93.31,"Aug 2025",5385,47,1190
2776810,"100 Ninja Cats","",,"Free",93.31,"Feb 2024",1599,1,1255
2289720,"Kaiju Princess 2","",,"₹ 810",93.30,"Dec 2024",17267,37,3828
1504500,"OPUS: Echo of Starsong - Full Bloom Edition","",,"₹ 1100",93.27,"Sep 2021",28757,11,567
972660,"Spiritfarer®: Farewell Edition","",,"₹ 1300",93.26,"Aug 2020",119930,589,11726
3405340,"Megabonk","",,"₹ 480",93.23,"Sep 2025",73994,2265,117336
2291680,"The Arrogant Kaiju Princess and The Detective Servant","",,"₹ 690",93.22,"Dec 2023",26248,22,1907
2073910,"A Webbing Journey","",,"₹ 499",93.21,"May 2025",7668,15,389
1808680,"Snufkin: Melody of Moominvalley","",-45%,"₹ 484",93.20,"Mar 2024",24393,26,1125
1058830,"Spin Rhythm XD","",,"₹ 529",93.19,"Mar 2023",8900,9,313
892970,"Valheim","",,"₹ 1099",93.19,"Feb 2021",517104,10239,502387
2870350,"Pipistrello and the Cursed Yoyo","",,"₹ 880",93.18,"May 2025",5121,265,337
3265060,"Touhou Dystopian","",,"₹ 480",93.18,"Oct 2025",6818,17,1144
4270390,"D1AL-ogue","",,"Free",93.18,"Feb 2026",5335,69,759
310360,"Higurashi When They Cry Hou - Ch.1 Onikakushi","",,"Free",93.18,"May 2015",17137,39,543
2366980,"Thank Goodness You're Here!","",-50%,"₹ 449",93.17,"Aug 2024",21511,39,685
3339420,"your wife","",-21%,"₹ 41",93.14,"Nov 2024",16165,334,4007
609320,"FAR: Lone Sails","",,"₹ 459",93.14,"May 2018",58642,44,1449
3981100,"Leaf it Alone","",,"₹ 300",93.12,"Oct 2025",6056,591,1547
1827680,"枝江畔之梦","",,"Free",93.11,"Jan 2022",3299,0,1399
1970460,"Garden Galaxy","",,"₹ 480",93.10,"Dec 2022",7626,21,792
897330,"Coloring Pixels","",,"Free",93.08,"Aug 2018",4733,291,1535
499440,"klocki","",,"₹ 155",93.07,"Jul 2016",5204,1,513
1140270,"Monster Prom 2: Monster Camp","",,"₹ 399",93.07,"Oct 2020",16412,7,2252
1291340,"Townscaper","",-60%,"₹ 120",93.07,"Aug 2021",78708,50,1165
1286710,"Hylics 2","",,"₹ 690",93.06,"Jun 2020",9808,4,186
1734320,"Brutal Orchestra","",,"₹ 529",93.05,"Dec 2021",4939,10,198
1665190,"Monster Prom 3: Monster Roadtrip","",,"₹ 399",93.05,"Oct 2022",13141,7,1774
572890,"Pikuniku","",,"₹ 610",93.04,"Jan 2019",23946,79,2123
2709570,"Supermarket Together","",,"Free",93.02,"Aug 2024",68348,5117,47836
4005300,"Dating 4 Girls","",,"₹ 585",93.01,"May 2026",2253,25,4337
986800,"AVICII Invector","",,"₹ 529",92.96,"Dec 2019",4895,3,146
1147690,"NGU IDLE","",,"Free",92.96,"Oct 2019",4926,2786,8032
2207540,"Pages of Time: Prologue","",,"Free",92.95,"Nov 2022",5446,4,196
335670,"LISA: The Painful","",,"₹ 1113",92.95,"Dec 2014",38140,13,1162
3511030,"Mini Cozy Room: Lo-Fi","",,"₹ 250",92.94,"Mar 2025",6163,2782,9093
1732180,"Kaiju Princess","",,"₹ 530",92.94,"Jun 2022",37913,33,1102
2085360,"Insomnia: Theater in the Head","",,"₹ 129",92.93,"Dec 2022",2419,1,80
2459550,"Emberward","",,"₹ 690",92.92,"Jun 2024",13659,128,1367
1038740,"Fluffy Store","",,"₹ 105",92.92,"Aug 2019",6156,3,397
286160,"Tabletop Simulator","",,"₹ 880",92.92,"Jun 2015",231991,4439,37198
639790,"DEEP SPACE WAIFU","",,"—",92.90,"May 2017",14789,2,268
456750,"The Room Three","",,"₹ 300",92.90,"Nov 2018",15969,77,1339
1958220,"WitchSpring R","",,"₹ 1825",92.89,"Sep 2023",42057,224,4117
2638370,"Five Nights at Freddy's: Into the Pit","",,"₹ 880",92.89,"Aug 2024",30222,15,6995
2057080,"Resonance of the Ocean","",,"Free",92.88,"Jul 2022",1681,4,29
370360,"TIS-100","",,"₹ 345",92.88,"Jul 2015",22924,20,493
756800,"Contraband Police","",-60%,"₹ 519",92.85,"Mar 2023",94488,512,8124
632360,"Risk of Rain 2","",,"₹ 719",92.85,"Aug 2020",349481,6684,75406
2714620,"Duck Detective: The Ghost of Glamping","",-35%,"₹ 312",92.83,"May 2025",6864,19,466
2429050,"Fretless - The Wrath of Riffson","",,"₹ 690",92.82,"Jul 2025",7497,4,432
2390230,"The Chef's Shift","",,"₹ 610",92.81,"Mar 2025",4333,83,543
648100,"Raging Loop","",,"₹ 729",92.81,"Aug 2017",16543,253,1361
280220,"Creeper World 3: Arc Eternal","",,"₹ 690",92.80,"Mar 2014",12949,132,3303
788770,"Meteor 60 Seconds!","",,"Free",92.79,"Feb 2018",4445,1,346
1796580,"Sorry We're Closed","",-25%,"₹ 825",92.75,"Nov 2024",10267,5,254
1161170,"The Rewinder","",,"₹ 588",92.74,"Sep 2021",21934,8,1304
1049280,"Pilgrims","",,"₹ 349",92.73,"Oct 2019",10104,12,491
2060160,"The Farmer Was Replaced","",-20%,"₹ 384",92.73,"Oct 2025",40497,521,7436
1160490,"Master Of Pottery","",,"₹ 300",92.72,"Nov 2019",7606,2,782
1239690,"Retrowave","",-30%,"₹ 108",92.72,"May 2022",12129,14,638
2106520,"私のリアルは充実しすぎている フルボイス版","",,"₹ 480",92.70,"Dec 2022",7423,24,1340
3247500,"Shooters, Ready!","",,"₹ 250",92.69,"Mar 2025",1108,0,49
3300800,"HER TREES : PUZZLE DREAM","",,"₹ 200",92.69,"Feb 2026",3318,216,863
1148760,"I Was a Teenage Exocolonist","",,"₹ 1100",92.68,"Aug 2022",14358,42,688
1955330,"Save Room - Organization Puzzle","",,"₹ 155",92.67,"Apr 2022",1897,1,147
246620,"Plague Inc: Evolved","",-80%,"₹ 95",92.67,"Feb 2016",219933,1627,17889
1511860,"Swallow the Sea","",,"Free",92.66,"Sep 2021",1858,0,156
944020,"Dream Ending","",,"₹ 177",92.66,"Jul 2019",4099,3,62
980300,"One Finger Death Punch 2","",,"₹ 299",92.64,"Apr 2019",6459,7,1027
266010,"LYNE","",-50%,"₹ 77",92.64,"Mar 2014",8419,4,410
1256670,"Library Of Ruina","",,"₹ 699",92.64,"Aug 2021",88953,2249,8015
405640,"Pony Island","",,"₹ 259",92.63,"Jan 2016",20638,8,374
1809540,"Nine Sols","",,"₹ 1300",92.63,"May 2024",93995,969,6568
3279120,"Arisen Force: Life Devotee - Initial Ver.","",,"Free",92.62,"Nov 2024",4611,14,1212
1263240,"Skate Story","",,"₹ 880",92.62,"Dec 2025",16999,8,848
2501600,"DICEOMANCER","",,"₹ 690",92.62,"Oct 2024",16222,57,3137
977950,"A Dance of Fire and Ice","",,"₹ 219",92.62,"Jan 2019",79714,2625,9330
2742830,"Monster Train 2","",,"₹ 1100",92.61,"May 2025",24346,1029,18503
943700,"Monster Girl Island: Prologue","",,"Free",92.60,"Jun 2019",59889,10,1538
615610,"Orbt XL","",,"₹ 52",92.56,"Apr 2017",3781,1,509
410340,"Liftoff®: FPV Drone Racing","",,"₹ 899",92.56,"Sep 2018",37616,542,957
2393760,"Tall Trails","",,"₹ 480",92.55,"Aug 2025",2093,0,100
568220,"Lobotomy Corporation | Monster Management Simulation","",,"₹ 569",92.55,"Apr 2018",137574,2515,7928
2881230,"100 Funny Cats","",,"Free",92.51,"Apr 2024",1238,0,1884
1043340,"No Time","",,"₹ 250",92.51,"Apr 2019",4570,9,346
1229380,"Everhood","",,"₹ 369",92.48,"Mar 2021",14693,15,819
1481400,"Dagon: by H. P. Lovecraft","",,"Free",92.47,"Sep 2021",18518,4,755
1567440,"inbento","",-80%,"₹ 50",92.44,"Sep 2019",2492,14,658
2101390,"Lost and Found Co.","",,"₹ 810",92.42,"Mar 2026",13102,129,2171
1663220,"Coffee Talk Episode 2: Hibiscus & Butterfly","",,"₹ 690",92.42,"Apr 2023",15354,26,654
417360,"OnlyCans: Thirst Date","",,"Free",92.40,"Feb 2021",2313,3,156
312520,"Rain World","",-66%,"₹ 492",92.40,"Mar 2017",107252,1424,10884
3177920,"PUMPKIN PANIC","",,"Free",92.38,"Oct 2024",3641,41,213
2273430,"BlazBlue Entropy Effect","",,"₹ 880",92.38,"Feb 2024",85161,1094,11918
3846120,"MineMogul","",,"₹ 690",92.37,"Dec 2025",25745,160,3605
1201280,"A Space For The Unbound - Prologue","",,"Free",92.36,"Jan 2020",3307,0,19
615120,"COMPOUND","",,"₹ 565",92.36,"Jul 2022",11085,3,102
1710100,"Bing in Wonderland","",-50%,"₹ 225",92.36,"Jan 2023",5552,7,977
3341650,"PIGFACE","",,"₹ 570",92.36,"Sep 2025",8775,7,262
1064610,"Neon Beats","",,"Free",92.36,"May 2019",5755,8,210
2083040,"Nova Lands: Emilia's Mission","",,"—",92.33,"Oct 2022",3249,0,806
261570,"Ori and the Blind Forest","",,"—",92.33,"Mar 2015",226427,305,13108
2933290,"[Nightmare Files] Clap Clap","",,"Free",92.32,"Jun 2024",2081,8,171
1588550,"Cairn","",-20%,"₹ 1040",92.32,"Jan 2026",76375,518,14996
1515210,"The Past Within","",,"₹ 300",92.31,"Nov 2022",37978,119,11642
4051150,"Chronigma","",,"Free",92.28,"Nov 2025",127,5,17
3339880,"OFF","",,"₹ 690",92.27,"Aug 2025",14296,14,1754
473950,"Manifold Garden","",,"₹ 880",92.27,"Oct 2020",24070,7,326
1703340,"The Stanley Parable: Ultra Deluxe","",-50%,"₹ 284",92.26,"Apr 2022",59867,132,13802
2095090,"ウーマンコミュニケーション","",,"₹ 610",92.25,"Oct 2023",2975,4,777
1215390,"Animal Revolt Battle Simulator","",,"₹ 599",92.23,"Apr 2022",9709,159,1091
4261980,"女神的贴身男仆","",,"₹ 345",92.21,"Feb 2026",540,1,275
2845260,"100 March Cats","",,"Free",92.21,"Mar 2024",1261,0,805
674940,"Stick Fight: The Game","",-60%,"₹ 90",92.21,"Sep 2017",151819,381,5147
2182400,"Laughing to Die","",,"₹ 250",92.20,"Apr 2024",4221,7,484
577690,"Spooky's Jump Scare Mansion: HD Renovation","",,"₹ 369",92.18,"Mar 2017",6929,5,173
1297160,"a new life.","",,"₹ 125",92.16,"May 2020",3615,0,43
914800,"Coffee Talk","",,"₹ 610",92.15,"Jan 2020",30030,27,673
4225940,"SIFU Kidnapped! Adventure in the Women's Kingdom","",,"₹ 480",92.14,"Feb 2026",3450,4,3459
1205450,"Turnip Boy Commits Tax Evasion","",,"₹ 459",92.14,"Apr 2021",16167,8,356
648800,"Raft","",,"₹ 915",92.14,"Jun 2022",659698,8913,101096
3101730,"Game Of Fate Demo","Demo",,"Free",92.13,"Oct 2024",12,0,115
2093150,"A Webbing Journey Demo","Demo",,"Free",92.13,"Jul 2022",0,8,538
1506980,"Lay a Beauty to Rest: The Darkness Peach Blossom Spring","",,"₹ 519",92.13,"Oct 2021",15209,18,897
2907010,"FIND KITTENS: The last of cats","",,"Free",92.12,"May 2024",541,2,51
1889040,"Birth","",,"₹ 379",92.12,"Feb 2023",6942,8,275
1848450,"Nightmare of Decay","",-50%,"₹ 99",92.11,"May 2022",4478,5,241
1062160,"Poly Bridge 2","",,"₹ 459",92.11,"May 2020",26109,51,1924
2912430,"Platypus Reclayed","",,"₹ 690",92.10,"Sep 2025",2762,0,129
3570370,"CARIMARA: Beneath the forlorn limbs","",,"₹ 250",92.10,"Oct 2025",5811,6,105
578540,"Perfect Gold - Yuri Visual Novel","",,"₹ 400",92.09,"Apr 2021",3982,0,56
3399960,"Fish to Dish: Idle Sushi","",,"₹ 300",92.09,"Jun 2025",4162,467,3237
4164420,"My Winter Car","",,"₹ 305",92.09,"Dec 2025",37812,306,24107
3723470,"Far Fishing","",,"₹ 155",92.05,"Jun 2025",607,6,144
2011780,"Yellow Taxi Goes Vroom","",,"₹ 770",92.05,"Apr 2024",4430,7,174
1046030,"ISLANDERS","",-60%,"₹ 100",92.05,"Apr 2019",49108,26,1783
3309750,"As Long As You're Here","",,"₹ 480",92.04,"Oct 2025",1051,0,44
3483740,"Cast n Chill","",-30%,"₹ 483",92.04,"Jun 2025",40598,793,4447
900270,"Reventure","",,"₹ 603",92.02,"Jun 2019",11281,6,1309
3212530,"Anthology Of The Killer","",,"₹ 345",92.00,"Oct 2024",1240,1,22
3357960,"KuloNiku: Bowl Up!","",-20%,"₹ 456",91.98,"Apr 2026",7804,321,1252
410890,"Higurashi When They Cry Hou - Ch.2 Watanagashi","",,"₹ 349",91.98,"Nov 2015",6454,26,163
1590230,"Tyrion Cuthbert: Attorney of the Arcane","",,"₹ 1300",91.96,"Jun 2023",3378,3,167
2608350,"Snezhinka:Sentinel Girls2","",,"₹ 400",91.96,"Aug 2024",9216,13,5455
3416070,"Ropuka's Idle Island","",,"₹ 100",91.96,"Jan 2025",6457,362,3850
1255650,"Geometry Arena","",,"₹ 300",91.94,"Jun 2021",3155,2,673
937170,"Otaku's Adventure","",,"₹ 259",91.94,"May 2019",21559,17,2792
593280,"Cat Quest","",,"₹ 439",91.94,"Aug 2017",22820,25,1651
2690970,"垃圾桶军团","",,"Free",91.92,"Jan 2024",3170,5,606
373770,"LiEat","",,"₹ 169",91.92,"Feb 2016",24598,1,155
966320,"Later Alligator","",,"₹ 499",91.91,"Sep 2019",7554,1,255
1217390,"Some Some Convenience Store","",,"₹ 459",91.91,"Jan 2020",7935,4,783
1166990,"Kukoro: Stream chat games","",,"₹ 249",91.90,"Feb 2024",3089,12,101
2663530,"POOLS","",-25%,"₹ 360",91.90,"Apr 2024",16745,41,362
2113430,"Soulstone Survivors: Prologue","",,"—",91.89,"Aug 2022",5448,1,4818
3100110,"School Days","",,"—",91.88,"Aug 2024",3461,0,484
1083790,"Deathbulge: Battle of the Bands","",,"₹ 880",91.87,"Aug 2023",2213,1,99
1072390,"BirdGut","",,"Free",91.87,"May 2019",3855,8,255
1535560,"Farmer Against Potatoes Idle","",,"Free",91.87,"Sep 2024",2193,1317,8951
621060,"PC Building Simulator","",,"₹ 880",91.87,"Jan 2019",172639,143,3884
2416450,"MOUSE: P.I. For Hire","",,"₹ 1300",91.86,"Apr 2026",103702,503,13755
302380,"Floating Point","",,"Free",91.85,"Jun 2014",3443,3,754
1217060,"Gunfire Reborn","",,"₹ 869",91.84,"Nov 2021",133216,1288,35263
1250760,"Far Away","",,"₹ 610",91.83,"Aug 2021",17976,22,1053
1629530,"Spark the Electric Jester 3","",,"₹ 569",91.82,"Aug 2022",4952,1,239
359510,"Tangle Tower","",,"₹ 880",91.82,"Oct 2019",6679,27,345
3809440,"Cheese Rolling","",,"Free",91.81,"Aug 2025",2036,39,568
1497440,"COCOON","",,"₹ 1049",91.81,"Sep 2023",26438,19,417
2891020,"Undusted: Letters from the Past","",,"₹ 480",91.80,"Oct 2025",4502,2,221
588730,"Majotori","",,"₹ 309",91.80,"Mar 2017",2505,1,32
2088270,"My Sticker Book","",,"Free",91.79,"Aug 2022",1056,2,27
537110,"Angels of Death","",,"₹ 557",91.79,"Dec 2016",27872,4,245
1119980,"In Sound Mind","",,"₹ 759",91.79,"Sep 2021",13882,12,406
2442020,"Dangeresque: The Roomisode Triungulate","",,"₹ 400",91.78,"Aug 2023",1771,0,148
1049100,"泡沫冬景","",,"₹ 459",91.78,"Jan 2020",11574,2,399
2637990,"Duck Detective: The Secret Salami","",-35%,"₹ 312",91.78,"May 2024",12983,18,456
2416100,"Goodnight Universe","",,"₹ 880",91.77,"Nov 2025",6018,2,239
1071130,"The Procession to Calvary","",-60%,"₹ 180",91.76,"Apr 2020",4895,7,80
1817940,"Love Delivery","",,"₹ 459",91.76,"May 2022",3963,4,546
4147820,"Your Mom","",,"₹ 52",91.75,"Dec 2025",11496,327,4388
1138850,"Heavenly Bodies","",,"₹ 880",91.75,"Dec 2021",19026,14,443
2747770,"Wednesdays","",-50%,"₹ 240",91.74,"Mar 2025",1946,4,582
3528450,"Sweet Home","",,"₹ 450",91.74,"Aug 2025",12678,171,6295
1735700,"Back to the Dawn","",,"₹ 1155",91.73,"Jul 2025",44671,363,9624
4109130,"Phonopolis Demo","Demo",,"Free",91.72,"Feb 2026",0,4,187
1854430,"How Fish Is Made","",,"Free",91.72,"Jan 2022",2602,5,96
2320010,"Rubinite Demo","Demo",,"Free",91.69,"Sep 2024",0,9,178
3948120,"Scritchy Scratchy","",-20%,"₹ 155",91.69,"Mar 2026",10593,2918,23881
1435790,"Escape Simulator","",-40%,"₹ 539",91.68,"Oct 2021",84755,428,6616
2073250,"Rift of the NecroDancer","",,"₹ 880",91.67,"Feb 2025",21644,122,2509
461560,"MANDAGON","",,"Free",91.67,"Aug 2016",12573,4,257
1147560,"Skul: The Hero Slayer","",,"₹ 880",91.66,"Jan 2021",116272,687,18970
956030,"Creaks","",,"₹ 899",91.65,"Jul 2020",19422,36,368
2207440,"LOK Digital","",,"₹ 690",91.62,"Dec 2024",1943,5,71
332570,"Amazing Frog?","",,"₹ 880",91.61,"Nov 2014",24476,29,629
293780,"Crawl","",,"₹ 690",91.60,"Apr 2017",57518,15,319
754150,"Rolling Line","",,"₹ 529",91.57,"Apr 2018",7295,48,215
2191190,"FIND ALL 4: Magic","",,"₹ 109",91.56,"Sep 2023",485,1,155
2026000,"Our Adventurer Guild","",,"₹ 690",91.56,"Apr 2024",10828,179,995
1045720,"The Coma 2: Vicious Sisters","",,"₹ 690",91.56,"Jan 2020",10570,12,261
1591290,"Tree Simulator 2022","",,"₹ 300",91.55,"Apr 2021",1039,12,150
568320,"Pictopix","",,"₹ 259",91.55,"Jan 2017",2055,43,773
2275150,"SLUDGE LIFE 2","",,"₹ 690",91.53,"Jun 2023",4383,0,264
285740,"Kitty Powers' Matchmaker","",-33%,"₹ 247",91.52,"Apr 2015",3672,8,204
858760,"Scalak","",-50%,"₹ 77",91.51,"May 2018",647,2,32
1564090,"Landlord of the Woods","",,"₹ 52",91.51,"Mar 2021",823,2,21
250050,"Life Goes On: Done to Death","",,"₹ 610",91.51,"Apr 2014",14195,0,432
1395520,"The Séance of Blake Manor","",-30%,"₹ 616",91.51,"Oct 2025",13615,106,1072
2060590,"Wilmot Works It Out","",,"₹ 690",91.50,"Oct 2024",2272,17,208
3394250,"DUET","",,"Free",91.48,"May 2025",322,1,12
3676860,"After Inc: Revival Demo","Demo",,"Free",91.48,"May 2025",0,1,751
398850,"Epistory - Typing Chronicles","",-80%,"₹ 199",91.48,"Mar 2016",34074,10,400
554620,"Life is Strange: Before the Storm","",,"₹ 479",91.47,"Aug 2017",113614,25,16209
1200860,"The Good Time Garden","",,"Free",91.46,"Dec 2019",2707,0,73
1210250,"Island Saver","",,"Free",91.46,"May 2020",3832,19,755
1135690,"Unpacking","",-60%,"₹ 211",91.45,"Nov 2021",69051,248,2512
664180,"Draw Puzzle 画之谜","",,"₹ 259",91.44,"Aug 2017",1852,2,312
2753620,"Fruit Mountain","",,"₹ 450",91.42,"Mar 2024",944,9,311
600480,"Megaquarium","",,"₹ 1149",91.41,"Sep 2018",23415,55,917
1621690,"Core Keeper","",-40%,"₹ 528",91.41,"Aug 2024",171148,6898,46465
632470,"Disco Elysium - The Final Cut","",-44%,"₹ 1573",91.40,"Oct 2019",225809,1396,8081
1487270,"Last Command","",,"₹ 459",91.38,"Oct 2022",7662,3,422
1585220,"Melatonin","",,"₹ 690",91.37,"Dec 2022",28228,17,314
3587740,"Woodo Demo","Demo",,"Free",91.36,"Aug 2025",0,4,265
2430730,"My Child Lebensborn Remastered","",,"₹ 400",91.36,"Jul 2023",2438,5,339
884260,"Akane","",,"₹ 199",91.36,"Sep 2018",4676,0,117
962400,"Granny","",,"₹ 400",91.35,"Nov 2018",10769,240,660
2972990,"hololive Treasure Mountain","",,"₹ 450",91.34,"Aug 2024",4449,8,1681
2803000,"100 Dino Cats","",,"Free",91.33,"Feb 2024",1506,1,2049
843380,"Super Animal Royale","",,"Free",91.33,"Aug 2021",50925,445,7648
1494810,"Mortal Sin","",-24%,"₹ 1072",91.32,"Aug 2025",36419,15,1036
1147550,"Not For Broadcast","",,"₹ 1100",91.30,"Jan 2022",40539,24,864
2147950,"4D Golf","",,"₹ 880",91.29,"Mar 2024",2670,1,199
1130410,"Cyber Hook","",,"₹ 338",91.28,"Sep 2020",3687,7,288
526490,"Higurashi When They Cry Hou - Ch.4 Himatsubushi","",,"₹ 299",91.26,"Oct 2016",1833,5,68
1648390,"ScooterFlow","",,"₹ 860",91.26,"Apr 2026",4244,82,365
397950,"Clustertruck","",,"₹ 690",91.25,"Sep 2016",64078,33,2658
1296830,"暖雪 Warm Snow","",,"₹ 499",91.24,"Jan 2022",85107,953,44702
583090,"SeaBed","",,"₹ 880",91.23,"Dec 2017",5270,8,57
587220,"Jet Island","",,"₹ 565",91.23,"Sep 2018",3673,0,87
1189490,"觅长生","",,"₹ 700",91.23,"Nov 2019",73928,1969,26379
355980,"Dungeon Warfare","",,"₹ 369",91.20,"Nov 2015",5859,11,458
3180070,"No, I'm not a Human","",,"₹ 690",91.19,"Sep 2025",74116,250,8248
2798600,"Bagel Love Story","",,"₹ 200",91.18,"May 2024",1309,0,318
362620,"Software Inc.","",,"₹ 1012",91.18,"May 2015",40964,86,933
1210320,"Potion Craft: Alchemist Simulator","",,"₹ 880",91.18,"Dec 2022",125582,573,10161
3631290,"Slots & Daggers","",,"₹ 400",91.17,"Oct 2025",11657,38,2235
326460,"ShellShock Live","",,"₹ 480",91.17,"May 2020",67880,169,7455
843390,"Vertigo 2","",,"₹ 1300",91.16,"Mar 2023",8298,10,295
2873080,"The NOexistenceN of you AND me","",,"₹ 105",91.16,"Dec 2024",23731,70,1059
1040550,"Spring Falls","",,"₹ 259",91.15,"Nov 2019",2068,1,65
568090,"Tattletail","",,"₹ 400",91.15,"Dec 2016",9812,1,214
3602770,"Shroom and Gloom Demo","Demo",,"Free",91.14,"May 2025",0,10,382
2980260,"Hypogea","",,"₹ 480",91.13,"Nov 2025",2369,0,78
643270,"OLDTV","",,"Free",91.13,"Jul 2017",5929,1,353
440310,"Afterbeat (Project Arrhythmia)","",,"₹ 570",91.11,"Jun 2019",4671,13,110
758530,"Sprout","",,"Free",91.10,"Mar 2007",1812,0,46
765410,"Bean Battles","",,"₹ 52",91.10,"Aug 2018",1612,26,286
1139890,"Dictators:No Peace Countryballs","",,"₹ 52",91.09,"Jan 2020",1935,10,263
578620,"GORN","",,"₹ 880",91.09,"Jul 2019",22165,7,479
1421790,"Labyrinth City: Pierre the Maze Detective","",,"₹ 399",91.08,"Jun 2021",8914,8,566
447150,"APE OUT","",,"₹ 690",91.07,"Feb 2019",11926,3,128
4258390,"Enjoy Amoy&Sisters","",,"₹ 250",91.06,"Apr 2026",539,1,287
1328350,"Turbo Overkill","",,"₹ 788",91.06,"Aug 2023",25931,16,669
894020,"Death's Door","",,"₹ 880",91.06,"Jul 2021",64947,50,3740
868980,"DEEP SPACE WAIFU: NEKOMIMI","",,"—",91.05,"Dec 2018",2113,0,135
310080,"Hatoful Boyfriend","",,"₹ 369",91.05,"Sep 2014",11708,2,429
1181400,"Path of Giants","",-70%,"₹ 98",91.04,"Feb 2020",1629,0,43
2845270,"100 Aliens Cats","",,"Free",91.04,"Jun 2024",1324,0,14154
913550,"I wanna be the Creator","",,"₹ 219",91.04,"Nov 2019",8164,35,520
773670,"Delete","",,"₹ 105",91.03,"Jan 2018",1266,0,43
1271710,"LEWDAPOCALYPSE Hentai Evil","",,"₹ 250",91.03,"May 2020",12649,2,389
595500,"Freedom Planet 2","",,"₹ 569",91.01,"Sep 2022",9901,4,964
2441270,"Kill The Crows","",,"₹ 250",91.01,"Aug 2023",7630,7,259
1874170,"Shredders","",-40%,"₹ 419",91.01,"Mar 2022",9678,24,697
1679210,"The Spirit and the Mouse","",,"₹ 880",91.00,"Sep 2022",4993,1,57
1694420,"Card Survival: Tropical Island","",,"₹ 569",91.00,"Sep 2022",10413,268,2144
2720950,"Grunn","",,"₹ 610",90.99,"Oct 2024",4770,3,238
758990,"Ancient Warfare 3","",,"₹ 610",90.99,"Jan 2024",5475,25,180
452570,"Battle Chef Brigade Deluxe","",,"₹ 529",90.98,"Nov 2017",13301,4,535
1264520,"Vibrant Venture","",,"₹ 719",90.97,"Jul 2020",1926,0,103
469790,"Linelight","",,"₹ 349",90.97,"Jan 2017",2573,0,53
733070,"Sudoku Universe / 数独宇宙","",,"₹ 155",90.97,"Dec 2017",3603,38,232
658850,"Do Not Feed the Monkeys","",,"₹ 730",90.96,"Oct 2018",42809,176,1888
2004590,"Conbunn Cardboard","",,"₹ 345",90.95,"Sep 2023",1282,1,21
1335560,"UNREAL LIFE","",-40%,"₹ 317",90.94,"Nov 2020",7827,9,84
1111460,"小白兔电商~Bunny e-Shop","",,"₹ 410",90.94,"Nov 2021",19756,4,1935
1157740,"Iron Meat","",,"₹ 409",90.93,"Sep 2024",9291,2,125
436820,"Waltz of the Wizard (Legacy demo)","",,"—",90.93,"May 2016",7243,0,406
1850480,"Cut","",,"—",90.93,"Jan 2022",1268,0,20
461840,"Zenge","",-50%,"₹ 52",90.93,"Apr 2016",4133,0,847
368390,"The Darkside Detective","",,"₹ 674",90.92,"Jul 2017",11278,12,252
220780,"Thomas Was Alone","",,"₹ 369",90.90,"Nov 2012",7509,2,1072
2420660,"Neva","",,"₹ 880",90.90,"Oct 2024",37585,17,1245
1102130,"Florence","",,"₹ 279",90.90,"Feb 2020",19582,6,141
946050,"Soda Dungeon 2","",,"Free",90.88,"Jul 2020",7575,201,13385
3900120,"Život Není Krásný: Poslední Exekuce","",,"₹ 719",90.87,"May 2026",1304,41,969
2368930,"ISLANDERS: New Shores","",-35%,"₹ 312",90.87,"Jul 2025",7930,38,887
1064460,"Murder House","",,"₹ 399",90.87,"Oct 2020",6671,0,119
2303350,"Sticky Business","",-50%,"₹ 240",90.87,"Jul 2023",11381,49,1120
1321120,"Matsuro Palette","",,"₹ 480",90.86,"Oct 2020",929,1,18
3380950,"DISCOPUP","",,"₹ 480",90.86,"Jul 2025",1155,2,33
2505120,"Plant Therapy","",,"Free",90.86,"Sep 2023",824,3,25
1046820,"I'm on Observation Duty","",,"₹ 155",90.86,"Dec 2018",2939,6,163
510420,"The Hex","",,"₹ 349",90.86,"Oct 2018",4920,4,137
4505330,"10hit Demo","Demo",,"Free",90.85,"Mar 2026",0,1,105
1626890,"坏小孩","",,"₹ 125",90.85,"Jul 2021",2566,0,162
2056560,"Rock Life: The Rock Simulator","",,"Free",90.84,"Jul 2022",1042,7,515
3131680,"Stardust Skate","",,"₹ 155",90.82,"Mar 2025",1104,0,231
3769130,"Keep on Mining!","",,"₹ 250",90.80,"Jul 2025",5524,53,3283
785890,"Hexologic","",,"₹ 250",90.79,"May 2018",787,2,133
525510,"Guns, Gore and Cannoli 2","",,"₹ 419",90.79,"Mar 2018",27389,43,568
3666080,"Rainbow Cattle","",-21%,"₹ 41",90.78,"Jul 2025",225,1,233
3275880,"Chronoquartz","",,"₹ 480",90.78,"Oct 2025",726,5,81
3361770,"Escape from Castle Claymount","",,"Free",90.77,"Dec 2024",282,0,18
1169200,"Space Bear","",,"Free",90.76,"Mar 2020",350,0,21
1010890,"Touhou Fantasia / 东方梦想曲","",,"Free",90.76,"Jul 2019",3836,0,103
250260,"Jazzpunk: Director's Cut","",,"₹ 459",90.76,"Feb 2014",12836,6,546
2353760,"Landfall Archives","",,"Free",90.75,"Mar 2023",3172,16,1247
2240080,"Spilled!","",,"₹ 300",90.75,"Mar 2025",10014,4,494
1742020,"Idol Showdown","",,"Free",90.75,"May 2023",11558,25,10901
3122250,"9 Kings Demo","Demo",,"Free",90.74,"Jul 2024",0,8,4772
1628610,"Paquerette Down the Bunburrows","",,"₹ 570",90.73,"Aug 2023",3367,12,170
2669380,"BRUTALISTICK VR","",,"₹ 480",90.72,"Mar 2024",1408,19,112
2408680,"The Strongest TOFU","",,"₹ 250",90.71,"Oct 2024",587,0,72
827290,"Secret Little Haven","",,"₹ 199",90.71,"Feb 2018",662,0,18
3638700,"inKONBINI: Prologue Demo","Demo",,"Free",90.71,"May 2025",0,3,397
2627030,"Love Alone Death","",,"Free",90.69,"Oct 2023",432,1,12
3289470,"Tiny Terraces Demo","Demo",,"Free",90.69,"Nov 2024",0,3,253
1047220,"Frog Detective 2: The Case of the Invisible Wizard","",,"₹ 250",90.69,"Dec 2019",2070,3,55
300570,"Infinifactory","",,"₹ 1100",90.69,"Jun 2015",27138,9,471
2670630,"Supermarket Simulator","",,"₹ 880",90.69,"Jun 2025",127216,2392,51363
2201320,"Date Everything!","",,"₹ 2399",90.68,"Jun 2025",33869,166,14231
1975120,"The Lost Dachshund","",,"Free",90.67,"May 2022",638,1,28
725480,"Slap City","",,"₹ 880",90.66,"Sep 2020",6759,2,781
760640,"Tennis Elbow 4","",-20%,"₹ 799",90.65,"Jan 2026",4211,119,257
361280,"Turmoil","",,"₹ 610",90.65,"Jun 2016",60119,264,5055
1281270,"Fatum Betula","",,"₹ 219",90.64,"Jun 2020",2106,2,15
1372320,"Cloud Gardens","",,"₹ 499",90.64,"Sep 2021",16772,0,286
1280770,"Redmatch 2","",,"Free",90.64,"Jun 2021",18921,171,966
795100,"Friday the 13th: Killer Puzzle","",,"—",90.63,"Apr 2018",11608,4,1674
743450,"Monster Prom","",,"₹ 399",90.63,"Apr 2018",35082,21,1510
3012420,"Apprehending the Adventurer Chan! ~Live2D Tentacles Simulator~","",,"₹ 400",90.62,"Jun 2024",7984,10,309
353540,"Stephen's Sausage Roll","",,"₹ 1300",90.62,"Apr 2016",3214,7,90
457210,"SEUM: Speedrunners from Hell","",-60%,"₹ 276",90.62,"Jul 2016",9919,4,852
1296540,"Flatworld","",,"₹ 459",90.61,"Apr 2022",6305,0,442
2784470,"9 Kings","",-55%,"₹ 269",90.61,"May 2025",49313,1863,13905
1599880,"Cats in Time","",-20%,"₹ 180",90.59,"Aug 2021",2406,5,108
753420,"Dungreed","",,"₹ 349",90.59,"Feb 2018",26106,112,3332
271900,"Hexcells Plus","",,"₹ 155",90.58,"Feb 2014",1042,17,211
473770,"BallisticNG","",,"₹ 459",90.58,"Dec 2018",9379,7,113
1649950,"News Tower","",-30%,"₹ 786",90.58,"Nov 2025",29263,222,3662
2943150,"SNØ: Ultimate Freeriding","",,"₹ 570",90.56,"Feb 2025",2970,7,230
1682490,"Slender Threads: Prologue","",,"Free",90.55,"Sep 2021",1660,0,56
2973390,"Krypta FM","",,"Free",90.54,"Jul 2024",1398,2,173
409160,"Dr. Langeskov, The Tiger, and The Terribly Cursed Emerald: A Whirlwind Heist","",,"Free",90.54,"Dec 2015",11404,2,815
2436940,"Sephiria","",,"₹ 690",90.53,"Apr 2025",13649,1992,7451
263760,"Turbo Dismount™","",,"₹ 480",90.53,"May 2014",18853,8,761
3176850,"Second Stellar","",,"₹ 250",90.52,"Dec 2025",3914,2,202
875610,"Loop-Loop DX","",,"Free",90.52,"Apr 2020",298,0,35
2343240,"Wretched Depths","",,"Free",90.52,"Apr 2023",684,0,20
1034940,"Higurashi When They Cry Hou - Ch.7 Minagoroshi","",,"₹ 299",90.52,"Jul 2019",1272,9,49
398710,"Timberman","",,"₹ 58",90.52,"Sep 2015",4358,4,4296
2951520,"Bite Night","",,"₹ 175",90.51,"Jun 2024",543,0,9
1444300,"Teacup","",,"₹ 349",90.51,"Sep 2021",2309,2,20
3404470,"Maltese's Fluffy Onsen","",,"₹ 300",90.51,"May 2025",11947,150,5409
939400,"LoveChoice","",,"₹ 105",90.51,"Nov 2021",41455,182,10241
1262040,"Super Mombo Quest","",-60%,"₹ 352",90.50,"Nov 2021",1462,0,29
1004240,"Hentai Girl Karen","",,"₹ 52",90.50,"Apr 2019",5998,1,525
823500,"BONEWORKS","",,"₹ 1300",90.50,"Dec 2019",100541,27,8717
1146950,"Hentai Girl Fantasy","",,"₹ 52",90.49,"Oct 2019",3873,2,381
1693260,"Yugo Puzzle","",,"₹ 300",90.47,"Oct 2021",655,3,200
385250,"Paint it Back","",,"₹ 349",90.46,"Oct 2015",991,3,196
2008980,"XENOTILT: HOSTILE PINBALL ACTION","",,"₹ 880",90.46,"Nov 2024",3592,0,96
2103140,"Magicraft","",,"₹ 730",90.45,"Nov 2024",37236,815,18834
1793250,"Take Me To The Dungeon!!","",,"₹ 530",90.44,"Jun 2023",27360,42,2066
1589570,"Dunjungle","",-25%,"₹ 517",90.43,"Dec 2025",2509,7,166
1194840,"Frog Fractions: Game of the Decade Edition","",,"Free",90.42,"Aug 2020",1608,3,321
3048500,"Mr. Rightaway","",,"Free",90.41,"Dec 2024",455,9,107
1608230,"Planet of Lana","",-75%,"₹ 220",90.40,"May 2023",49131,80,855
1712830,"Baldi's Basics Classic Remastered","",,"Free",90.39,"Oct 2022",8270,181,847
858260,"Until You Fall","",-55%,"₹ 495",90.38,"Oct 2020",12516,2,146
960690,"One Step From Eden","",,"₹ 529",90.38,"Mar 2020",33227,11,2360
4053520,"Holo vs Robo","",,"₹ 345",90.37,"Jan 2026",2289,8,899
2273420,"Peeping Dorm Manager","",,"₹ 530",90.37,"Dec 2023",39446,69,3914
1960900,"Judero","",,"₹ 810",90.36,"Sep 2024",3302,0,28
2516920,"The Chef's Shift: First Course","",,"Free",90.36,"Feb 2025",660,19,526
3185890,"我打不过漂亮的她们","",,"₹ 530",90.36,"Sep 2025",8438,9,7299
1608290,"GNOSIA","",,"₹ 569",90.36,"Jan 2022",14239,82,1140
2407270,"AI LIMIT","",,"₹ 1900",90.36,"Mar 2025",67397,485,14480
3214530,"Treasure 'n Trio","",,"₹ 690",90.35,"Oct 2025",1357,2,166
2322180,"A Tiny Sticker Tale","",-45%,"₹ 264",90.35,"Oct 2023",2078,0,62
587430,"I Expect You To Die","",-50%,"₹ 550",90.35,"Apr 2017",8900,5,228
4408590,"Croak Demo","Demo",,"Free",90.33,"Feb 2026",0,2,92
823910,"Last Evil","",,"₹ 349",90.33,"Jun 2020",18819,12,734
2268470,"HOPE LEFT ME","",,"₹ 105",90.32,"Mar 2023",879,0,14
3003460,"Bang Bang Barrage","",,"₹ 400",90.32,"Aug 2025",3647,105,1934
764790,"The Messenger","",,"₹ 880",90.32,"Aug 2018",30972,28,679
1205040,"Granny: Chapter Two","",,"₹ 400",90.30,"Dec 2019",3119,19,61
2966850,"Shotgun Cop Man","",,"₹ 480",90.29,"May 2025",2759,1,64
3340750,"100 New Year Cats","",,"Free",90.28,"Dec 2024",646,1,9918
3204020,"Juufuutei Raden™'s Guide for Pixel Museum","",,"₹ 880",90.27,"Jun 2025",2625,28,680
1389630,"High Entropy: Challenges","",,"Free",90.27,"Sep 2020",2092,1,156
304930,"Unturned","",,"Free",90.27,"Jul 2017",571738,16203,112703
1070790,"Freshly Frosted","",,"₹ 349",90.25,"Jun 2022",5547,1,43
1245560,"Roots of Pacha","",-40%,"₹ 701",90.25,"Apr 2023",45107,163,6062
3902830,"How I Flex with AI","",-21%,"₹ 41",90.24,"Nov 2025",44,0,80
1216710,"Cyber Manhunt","",,"₹ 599",90.24,"Feb 2021",37121,92,2807
250600,"The Plan","",,"Free",90.24,"Feb 2013",7404,5,298
1739900,"Death of the Reprobate","",-25%,"₹ 438",90.23,"Nov 2024",5030,0,109
2286780,"Aeruta","",,"₹ 880",90.23,"Nov 2025",9633,36,1900
3148060,"Penelope Pendrick and the Art of Deceit","",,"₹ 1100",90.22,"Nov 2025",880,3,119
2195120,"Go-Go Town!","",,"₹ 1000",90.21,"Jun 2024",21456,49,2280
1875060,"Reus 2","",-60%,"₹ 526",90.21,"May 2024",21291,38,1237
2306590,"Apewar","",-50%,"₹ 27",90.21,"Mar 2023",4899,23,361
1063660,"Bendy and the Dark Revival","",,"₹ 899",90.21,"Nov 2022",29890,37,5703
3044030,"Ten Bells","",,"₹ 250",90.19,"Aug 2024",1265,2,59
1634080,"Nocturnal","",-75%,"₹ 312",90.19,"Jun 2023",6534,144,3305
535930,"Two Point Hospital","",,"₹ 1000",90.16,"Aug 2018",202111,696,34009
1664200,"Duelists of Eden","",,"₹ 250",90.14,"Mar 2024",5519,1,663
1065100,"Golden Treasure: The Great Green","",,"₹ 529",90.14,"Jun 2019",2390,0,206
523780,"Emily is Away Too","",,"₹ 259",90.14,"May 2017",12265,1,844
785790,"WHAT THE GOLF?","",,"₹ 529",90.13,"Oct 2020",14306,14,636
679900,"Swords & Souls: Neverseen","",,"₹ 690",90.12,"Jul 2019",24729,48,2137
700330,"SCP: Secret Laboratory","",,"Free",90.12,"Dec 2017",149082,5276,13908
909190,"Escape Lala - Retro Point and Click Adventure","",,"Free",90.11,"Feb 2019",365,0,16
1916890,"Slider","",,"Free",90.11,"Jul 2024",791,19,67
1170060,"Boomerang X","",,"₹ 880",90.11,"Jul 2021",5535,0,191
2238040,"Tiny Terry's Turbo Trip","",,"₹ 810",90.11,"May 2024",4465,1,162
4020490,"Smack Talk","",,"₹ 309",90.10,"Nov 2025",1845,4,253
2448340,"TRY AGAIN","",,"Free",90.10,"Jul 2023",906,1,38
2772560,"Supermarket Simulator: Prologue","",,"Free",90.10,"Jan 2024",7593,112,3681
1125240,"Ancient Dungeon","",,"₹ 880",90.09,"Nov 2021",10817,9,124
1002560,"Tiny Snow","",,"₹ 177",90.09,"Feb 2019",7226,2,87
971680,"Montaro RE","",,"₹ 52",90.08,"Nov 2018",1710,0,45
382560,"Hot Lava","",,"₹ 529",90.07,"Sep 2019",31022,6,1030
1850550,"I'm on Observation Duty 5","",,"₹ 480",90.05,"May 2022",3104,2,244
2472840,"Ducks Can Drive","",,"Free",90.04,"Jul 2023",544,0,23
440540,"Ara Fell: Enhanced Edition","",,"₹ 690",90.04,"Jun 2016",13119,2,226
1579380,"Shadow Tactics: Aiko's Choice","",-75%,"₹ 220",90.04,"Dec 2021",17015,33,1676
1288170,"Red Planet Farming","",,"Free",90.03,"May 2020",1232,1,135
3411510,"Stellar Code","",,"₹ 1213",90.02,"Aug 2025",1397,0,224
1608400,"Vermillion - VR Painting","",,"₹ 1651",90.01,"Jul 2021",4131,0,54
3237920,"Mech Havoc","",-25%,"₹ 360",90.01,"Oct 2025",4410,41,224
1932570,"Jaded","",,"₹ 250",90.01,"Jan 2025",2330,4,522
927890,"Hentai Girl Linda","",,"₹ 52",90.00,"Dec 2018",5942,1,416
1062520,"Dinkum","",,"₹ 880",90.00,"Apr 2025",105759,1305,13412
1587710,"Fossil Corner","",,"₹ 349",89.99,"Jun 2021",708,0,40
3856460,"Cursed Words: The Word Game That Isn't","",,"₹ 560",89.99,"Apr 2026",1821,63,470
263980,"Out There Somewhere","",,"₹ 480",89.99,"Mar 2016",7673,0,2615
1571100,"Passpartout 2: The Lost Artist","",-40%,"₹ 660",89.98,"Apr 2023",14499,13,591
1150950,"Timelie","",,"₹ 499",89.98,"May 2020",9373,1,215
2456860,"The Last Train","",,"Free",89.97,"Nov 2023",625,4,17
2400640,"NanoApostle","",,"₹ 915",89.97,"Sep 2024",5991,4,160
981020,"Clea","",,"₹ 439",89.96,"Jul 2019",3131,0,40
604240,"Shotgun Farmers","",-60%,"₹ 192",89.96,"Mar 2019",17390,9,486
878750,"Hentai Girl","",,"₹ 52",89.96,"Aug 2018",12030,10,450
3839300,"Dogpile","",,"₹ 480",89.95,"Dec 2025",1293,29,312
3037060,"100 Waiting Cats","",,"Free",89.95,"Oct 2024",1092,0,499
4262310,"All Hail the Orb","",-20%,"₹ 276",89.95,"Apr 2026",1724,138,753
2008920,"Lorelei and the Laser Eyes","",,"₹ 1049",89.95,"May 2024",9918,32,569
815780,"PIPE by BMX Streets","",,"₹ 349",89.95,"Mar 2018",7095,6,439
383270,"Hue","",,"₹ 479",89.93,"Aug 2016",6219,13,3316
2674590,"Beltmatic","",,"₹ 345",89.92,"Mar 2024",4154,61,852
714120,"Little Misfortune","",,"₹ 529",89.92,"Sep 2019",27890,8,750
1995780,"Aliens After Ava","",,"Free",89.91,"Jan 2023",360,0,14
2421410,"Cyber Manhunt 2: New World - The Hacking Simulator","",,"₹ 800",89.91,"Jan 2025",12446,61,3707
1789490,"Love, Ghostie","",,"₹ 880",89.90,"Aug 2024",4574,1,210
1962890,"IN HEAT: Lustful Nights","",,"₹ 329",89.90,"Jun 2024",27727,39,665
3399950,"Your Mother","",,"₹ 52",89.89,"Mar 2025",10240,50,1010
3187700,"Short Trip","",,"₹ 105",89.87,"Dec 2024",750,0,16
1654900,"Orakyubu","",,"Free",89.87,"Aug 2021",302,0,36
959080,"Unsung Warriors - Prologue","",,"Free",89.87,"Jan 2019",3725,4,113
1578650,"Citizen Sleeper","",,"₹ 880",89.87,"May 2022",38975,49,700
666140,"My Time at Portia","",,"₹ 1399",89.87,"Jan 2019",183984,504,13299
859680,"Deep Space Waifu: FANTASY","",,"—",89.86,"Sep 2018",4270,0,373
989790,"The Vale: Shadow of the Crown","",,"₹ 529",89.85,"Aug 2021",3319,1,31
4341360,"Sister","",-21%,"₹ 41",89.84,"Feb 2026",116,4,134
1296770,"Her New Memory - Hentai Simulator","",,"₹ 480",89.84,"Feb 2022",12080,7,261
2617400,"Minimalist Tower Defense","",,"₹ 250",89.83,"Jan 2024",4174,53,439
476460,"Picross Touch","",,"Free",89.83,"Aug 2016",773,45,239
896520,"Stay Out of the House","",,"₹ 459",89.83,"Oct 2022",8859,3,191
1269950,"Buddy Simulator 1984","",,"₹ 349",89.83,"Feb 2021",8818,8,368
475550,"Beholder","",-90%,"₹ 65",89.83,"Nov 2016",86383,153,7817
2191550,"Pleh!","",,"Free",89.82,"Mar 2023",433,1,124
251130,"Chroma Squad","",-75%,"₹ 168",89.82,"Apr 2015",18800,5,949
598980,"The Coin Game","",,"₹ 880",89.82,"Mar 2026",11334,9,350
1937500,"Let's School","",,"₹ 880",89.82,"Jul 2023",31927,354,7255
322500,"SUPERHOT","",,"₹ 899",89.80,"Feb 2016",134325,54,5584
4521340,"Gaming Burnout Treatment Center","",-11%,"₹ 48",89.79,"Jun 2026",27,31,102
2055910,"Poosh XL","",,"₹ 155",89.79,"May 2023",235,0,49
1822240,"Stars In The Trash","",,"₹ 570",89.79,"Dec 2024",2382,0,23
2119940,"Her World","",,"₹ 459",89.79,"Oct 2022",990,0,137
1301620,"Cross Princess","",,"₹ 154",89.79,"Sep 2020",2930,1,70
1325860,"VTube Studio","Application",,"Free",89.79,"Mar 2021",57694,10672,23651
1213230,"Rain on Your Parade","",-30%,"₹ 483",89.78,"Apr 2021",4886,0,128
2461780,"网瘾少年2005 Internet addicted youth 2005","",,"₹ 155",89.77,"Oct 2023",471,0,18
2964540,"Nurikabe World","",,"₹ 480",89.76,"Jan 2025",397,0,88
3827840,"Patch me if you can","",,"Free",89.76,"Jul 2025",248,0,22
1980530,"Kiwi Clicker - Juiced Up","",,"₹ 250",89.76,"Jul 2022",1515,20,1658
676820,"Subsurface Circular","",,"₹ 299",89.76,"Aug 2017",6167,0,193
3008200,"PAPERHEAD EP.0","",,"Free",89.76,"Nov 2024",3991,35,657
2060480,"PomoFarm","",,"₹ 199",89.75,"Jul 2022",902,17,136
4326150,"Dead Watch Demo","Demo",,"Free",89.74,"Feb 2026",0,2,265
2827560,"100 Romantic Cats","",,"Free",89.72,"Feb 2025",1197,1,15018
1525700,"Tavern Master","",-80%,"₹ 91",89.72,"Nov 2021",36617,201,5171
2393920,"Angeline Era","",-20%,"₹ 880",89.71,"Dec 2025",4366,7,187
922460,"Cheeky Chooks","",,"Free",89.70,"Nov 2018",3109,4,427
2019810,"Boxes: Lost Fragments","",-40%,"₹ 414",89.70,"Feb 2024",9078,62,512
1278360,"Clam Man 2: Open Mic","",,"Free",89.69,"Jun 2020",927,0,32
3876150,"The Secret of Weepstone Demo","Demo",,"Free",89.68,"Oct 2025",0,2,178
2943180,"Virtual Cottage 2","",-20%,"₹ 287",89.67,"Mar 2026",5017,247,501
2064610,"Relic Guardian - Tower Defense","",,"₹ 880",89.66,"Oct 2025",5103,14,390
3491570,"FIND ALL 7: Japan","",,"Free",89.65,"May 2025",262,4,79
2455780,"Eventide Matter","",,"₹ 300",89.64,"Nov 2025",1911,3,164
505040,"FORTIFY","",,"₹ 155",89.64,"Aug 2016",4721,38,374
2098790,"群侠传，启动！","",,"Free",89.63,"Sep 2022",4454,89,548
1078420,"Critters for Sale","",,"₹ 349",89.63,"Jun 2021",3702,1,58
1910580,"click to ten","",,"Free",89.63,"Mar 2022",1420,17,104
1357870,"Metel - Horror Escape","",,"₹ 155",89.61,"Sep 2020",2251,16,195
2494930,"SLUDGE LIFE: The BIG MUD Sessions","",,"Free",89.60,"Aug 2023",615,0,13
1983260,"Dungeons of Hinterberg","",-6%,"₹ 1148",89.60,"Jul 2024",22419,20,496
1507190,"Machinika: Museum","",-85%,"₹ 44",89.60,"Mar 2021",4039,15,5343
1012560,"Snakeybus","",,"₹ 349",89.59,"May 2019",6711,2,519
252110,"Lovers in a Dangerous Spacetime","",,"₹ 479",89.59,"Sep 2015",34497,19,273
3243760,"Doloc Town DEMO","Demo",,"Free",89.58,"Oct 2024",0,0,688
2212670,"MakeRoom","",,"₹ 480",89.58,"Aug 2025",11293,15,464
469820,"Genital Jousting","",,"₹ 345",89.58,"Jan 2018",28123,2,610
3090080,"Killed by Love 99 Times","",,"₹ 610",89.57,"Mar 2025",1142,1,158
2058730,"The Darkest Files","",-35%,"₹ 343",89.57,"Mar 2025",4888,12,201
1274140,"One Dreamer: Prologue","",,"Free",89.57,"May 2020",1938,0,45
2932930,"100 Korea Cats","",,"Free",89.57,"Dec 2024",1129,0,14037
1347970,"Patch Quest","",,"₹ 699",89.57,"Mar 2023",10268,5,2356
964800,"Prodeus","",,"₹ 999",89.57,"Sep 2022",33231,11,716
2685210,"Where Jellyfish 水母在哪里","",,"Free",89.56,"Dec 2023",187,0,18
1978590,"Anger Foot","",,"₹ 880",89.55,"Jul 2024",29762,6,1080
233610,"Distance","",,"₹ 569",89.55,"Sep 2018",46848,5,463
1988550,"To The Core","",,"₹ 400",89.52,"Aug 2023",6735,40,3467
1021950,"When the Darkness comes","",,"Free",89.52,"Mar 2019",6130,0,684
1093290,"The Wild at Heart","",,"₹ 569",89.51,"May 2021",8142,11,90
1335230,"Sumire","",,"₹ 300",89.51,"May 2021",2726,1,409
702670,"Donut County","",,"₹ 589",89.51,"Aug 2018",21472,22,636
1697720,"The Heilwald Loophole","",,"₹ 349",89.48,"Feb 2022",1343,0,33
3425900,"Love is All Around 2 Demo","Demo",,"Free",89.48,"Jun 2025",0,1,721
416680,"Zombie Night Terror","",,"₹ 610",89.48,"Jul 2016",17549,24,480
540840,"Lara Croft GO","",-85%,"₹ 74",89.47,"Dec 2016",10624,6,397
1239360,"Genokids","",,"₹ 880",89.46,"Oct 2025",4932,0,101
389140,"Horizon Chase Turbo","",,"—",89.45,"May 2018",9211,17,226
1404360,"A Shopping Trip to Eklan Tor","",,"Free",89.44,"Sep 2020",416,0,136
4384120,"Worthy or Not","",,"₹ 345",89.44,"Apr 2026",387,0,332
968350,"Hotel Sowls","",,"₹ 199",89.44,"Dec 2019",936,0,84
1846170,"Iron Lung","",,"₹ 400",89.44,"Mar 2022",15010,13,576
2062930,"Owinka Shooter","",,"Free",89.43,"Jul 2022",347,0,44
2533960,"SUMMERHOUSE","",,"₹ 250",89.43,"Mar 2024",20843,16,528
1562920,"7 Years From Now","",-40%,"₹ 209",89.42,"Jun 2021",887,1,10
285920,"TerraTech","",-75%,"₹ 142",89.42,"Aug 2018",118620,555,5726
4198660,"Demons' Timeline","",,"₹ 530",89.41,"Apr 2026",470,25,105
3058890,"Mewing Simulator 🤫🧏🏻‍♂️","",,"₹ 52",89.41,"Aug 2024",181,0,10
529150,"Lazerbait","",,"Free",89.41,"Oct 2016",521,0,15
235980,"Tetrobot and Co.","",,"₹ 480",89.41,"Oct 2013",2104,0,620
1878740,"Five Nights At Floppa","",,"₹ 125",89.41,"Feb 2022",1599,0,371
893850,"THE LONGING","",-23%,"₹ 469",89.41,"Mar 2020",24493,44,1063
366090,"Colony Survival","",,"₹ 1100",89.41,"Jun 2017",80340,93,1488
736190,"Chinese Parents","",,"₹ 400",89.41,"Sep 2018",90404,375,32593
2694420,"KILL KNIGHT","",,"₹ 690",89.40,"Oct 2024",15134,2,563
567030,"Under Leaves","",,"₹ 259",89.39,"Apr 2017",1414,1,20
2314720,"[Chilla's Art] Parasocial | パラソーシャル","",,"₹ 400",89.39,"Aug 2023",7310,7,498
3149840,"Скуф на рыбалке","",,"₹ 52",89.39,"Apr 2025",1220,8,136
829280,"Kaze and the Wild Masks","",,"₹ 690",89.38,"Mar 2021",5914,1,135
1394770,"Neverlooted Dungeon Demo","Demo",,"Free",89.37,"Oct 2020",4,0,65
4248450,"Database Detective: Minor Crimes Division Demo","Demo",,"Free",89.36,"Dec 2025",0,1,57
3500550,"Schrödinger’s Call Episode 1 Demo","Demo",,"Free",89.36,"Apr 2025",0,27,160
1831250,"WasteLand Express 废土快递","",,"—",89.36,"Oct 2022",5040,23,472
963690,"Hentai Girl Hime","",,"₹ 52",89.36,"Nov 2018",5698,2,415
782250,"Hush Hush - Only Your Love Can Save Them","",,"₹ 880",89.35,"Apr 2023",13422,9,512
1720850,"A=B","",,"₹ 250",89.33,"Mar 2022",3429,17,280
757240,"Aimtastic","",,"Free",89.33,"Jan 2018",8770,5,230
3596670,"MOCHI-O","",,"₹ 250",89.32,"Jan 2026",583,2,232
2330500,"BETON BRUTAL","",,"₹ 345",89.32,"Mar 2023",2438,8,269
588040,"WILL: A Wonderful World / WILL：美好世界","",,"₹ 719",89.31,"Jun 2017",33187,2,1126
1121910,"I Love You, Colonel Sanders! A Finger Lickin’ Good Dating Simulator","",,"Free",89.31,"Sep 2019",14585,2,4372
2207970,"Interior Worlds","",,"₹ 480",89.29,"Apr 2023",1684,0,46
3334660,"Winion Virus","",,"₹ 900",89.28,"Dec 2024",759,5,103
1114070,"My Child Lebensborn","",,"—",89.28,"Jun 2021",6125,2,239
553420,"TUNIC","",,"₹ 1300",89.28,"Mar 2022",78145,106,2501
1889740,"Paper Trail","",-75%,"₹ 220",89.27,"May 2024",6427,13,169
375950,"Viridi","",,"Free",89.27,"Aug 2015",15563,69,1282
383870,"Firewatch","",,"₹ 880",89.27,"Feb 2016",201160,38,17568
3601790,"your girl","",-21%,"₹ 41",89.26,"Apr 2025",504,2,303
290690,"Tonight We Riot","",,"₹ 459",89.26,"May 2020",3910,0,84
3501610,"Cheap Car Repair Demo","Demo",,"Free",89.26,"Mar 2025",0,153,1192
951240,"Obenseuer","",-35%,"₹ 572",89.26,"Dec 2018",6689,91,677
1570010,"FAR: Changing Tides","",,"₹ 799",89.25,"Mar 2022",24327,25,989
3047750,"Herdling","",-40%,"₹ 674",89.24,"Aug 2025",11965,1,175
1839810,"Out Of Hands","",,"₹ 850",89.24,"Apr 2025",5607,8,1387
1274570,"DEVOUR","",,"₹ 480",89.24,"Jan 2021",93495,741,12331
2796550,"Rental","",,"Free",89.23,"Mar 2024",4026,7,130
1601280,"Potato Flowers in Full Bloom","",,"₹ 499",89.22,"Mar 2022",4189,5,272
1750770,"Starcom: Unknown Space","",,"₹ 1100",89.22,"Sep 2024",32268,57,3491
1195290,"Moncage","",,"₹ 459",89.22,"Nov 2021",27963,9,1965
2966870,"Shotgun Cop Man Demo","Demo",,"Free",89.21,"Feb 2025",0,0,39
2506580,"Gearbits","",,"₹ 480",89.20,"Oct 2023",2564,0,35
1284240,"Black Book: Prologue","",,"—",89.20,"May 2020",5155,0,123
1085220,"Figment 2: Creed Valley","",-80%,"₹ 162",89.20,"Mar 2023",5886,6,72
505230,"Pathologic 2","",,"₹ 1500",89.20,"May 2019",60615,39,1422
3070390,"Master Lemon: The Quest for Iceland","",,"₹ 499",89.19,"Nov 2025",704,0,12
1243670,"Higurashi When They Cry Hou - Ch.8 Matsuribayashi","",,"₹ 299",89.18,"May 2020",1151,9,79
242820,"140","",,"₹ 250",89.18,"Oct 2013",3825,1,551
2237970,"Outpath","",-70%,"₹ 207",89.17,"Oct 2023",13825,105,1706
1955110,"Star Stuff","",,"₹ 690",89.16,"Jun 2024",1104,1,39
4015530,"MyVoiceZoo","",,"₹ 155",89.15,"Sep 2025",10028,57,1043
774171,"Muse Dash","",,"₹ 180",89.15,"Jun 2019",149952,858,11478
3219650,"Squeakross: Home Squeak Home - Demo","Demo",,"Free",89.14,"Dec 2024",0,1,202
3915140,"Onigiri Shop Simulator","",,"₹ 450",89.14,"Sep 2025",1325,27,500
949370,"Cateau","",,"Free",89.14,"Oct 2018",839,0,30
435300,"We Know the Devil","",,"₹ 259",89.14,"Feb 2016",2102,0,32
3762790,"Terraformental","",,"₹ 300",89.13,"Jan 2026",1234,123,599
1768470,"The Heroes Around Me","",,"₹ 345",89.13,"Jun 2024",3995,2,118
3337210,"GIRLS MADE PUDDING","",,"₹ 480",89.13,"Apr 2025",3620,4,135
639780,"Deep Space Waifu: FLAT JUSTICE","",,"—",89.13,"Nov 2017",4286,0,241
1295920,"The Mortuary Assistant","",,"₹ 569",89.13,"Aug 2022",37756,29,1399
1801110,"BOKURA","",,"₹ 265",89.13,"Aug 2023",23190,80,2292
1590900,"(Old) Drova - Teaser","",,"—",89.12,"May 2021",1414,0,19
3461920,"The Boba Teashop","",,"₹ 250",89.12,"Apr 2025",2249,1,90
728880,"Overcooked! 2","",,"₹ 569",89.12,"Aug 2018",223105,3864,17356
2494720,"Little Man Has a Day","",,"Free",89.11,"Aug 2023",261,0,16
4512720,"Zupay: Shadows of Independence Demo","Demo",,"Free",89.09,"Mar 2026",0,0,39
4111940,"Gretel & Hansel Demo","Demo",,"Free",89.09,"Dec 2025",0,1,71
4130120,"Genome Guardian 2","",-25%,"₹ 466",89.08,"Mar 2026",756,19,169
1549550,"Haven Park","",-60%,"₹ 131",89.08,"Aug 2021",3092,4,98
2456350,"The Scourge | Tai Ương","",,"₹ 1100",89.08,"Mar 2026",4376,17,531
2172030,"Elong Plug","",,"Free",89.05,"Feb 2023",290,0,34
2914320,"Press Any Key","",,"Free",89.05,"Apr 2024",103,0,25
1290760,"Gecko Gods","",-20%,"₹ 704",89.05,"Apr 2026",9908,19,246
3633450,"Fingerdance","",,"₹ 159",89.04,"Jun 2025",442,1,64
422510,"DEMON'S TILT","",,"₹ 529",89.04,"Dec 2019",4248,0,32
1951230,"Pizza Possum","",-60%,"₹ 138",89.04,"Sep 2023",10942,61,268
3503440,"Astro Prospector","",,"₹ 250",89.04,"Jul 2025",3491,29,1237
2725090,"HER TREES : THE PUZZLE HOUSE","",,"₹ 105",89.01,"Mar 2024",1306,68,292
1781260,"Promenade","",,"₹ 880",89.01,"Feb 2024",1740,5,241
444770,"Mimpi Dreams","",,"Free",89.01,"Mar 2016",2940,26,64
550320,"art of rally","",,"₹ 1149",89.01,"Sep 2020",20021,43,477
2403950,"Double Cheeseburger, Medium Fries","",,"Free",89.00,"Jul 2023",364,2,30
1300600,"Blind Drive","",,"₹ 349",89.00,"Mar 2021",1263,1,23
2081460,"Breeze","",,"Free",89.00,"Aug 2022",544,2,35
1546540,"The Tenants - Free Trial","",,"—",89.00,"Mar 2021",6496,0,1729
1018800,"DEEEER Simulator: Your Average Everyday Deer Game","",,"₹ 459",89.00,"Nov 2021",18327,17,292
388880,"Oxenfree","",,"₹ 480",89.00,"Jan 2016",45566,10,733
757320,"Atomicrops","",-80%,"₹ 138",88.99,"Sep 2020",13296,122,796
2989820,"Pocket Waifu: Desktop Pet","",,"Free",88.98,"Aug 2024",3450,253,2852
4109100,"Magical Princess Demo","Demo",,"Free",88.97,"Nov 2025",0,7,281
3966360,"After School Grounds (방과후운동장)","",,"₹ 200",88.96,"Nov 2025",40,1,25
367450,"Poly Bridge","",,"₹ 349",88.95,"Jul 2016",85502,68,4134
1139280,"The Big Con","",,"₹ 690",88.94,"Aug 2021",2840,23,120
2334780,"CANINE","",,"₹ 300",88.93,"May 2023",619,1,8
1311570,"Desecrators","",-35%,"₹ 448",88.93,"Feb 2025",2275,0,65
623940,"HIVESWAP: ACT 1","",,"₹ 299",88.93,"Sep 2017",19292,3,4842
3583210,"Crashout Crew","",-38%,"₹ 222",88.92,"May 2026",8130,718,2620
848450,"Subnautica: Below Zero","",,"₹ 1800",88.92,"May 2021",246118,2813,42115
1085040,"Raider Kid and the Ruby Chest","",,"₹ 400",88.91,"Mar 2026",501,1,16
1983220,"Ugly","",,"₹ 880",88.91,"Sep 2023",2068,1,26
2090390,"Schrödinger's Call","",-10%,"₹ 729",88.90,"May 2026",5136,163,485
2517850,"Toy Shire: Room One","",,"Free",88.90,"Mar 2024",2388,1,1290
684410,"Bridge Constructor Portal","",-90%,"₹ 48",88.90,"Dec 2017",47781,66,1745
746400,"Speed Dating for Ghosts","",,"₹ 259",88.89,"Feb 2018",1395,0,66
814370,"Monster Sanctuary","",,"₹ 1499",88.89,"Dec 2020",48792,85,1397
2000120,"Time Flies","",-50%,"₹ 345",88.88,"Jul 2025",2267,2,34
251830,"Stick it to The Man!","",-70%,"₹ 107",88.87,"Dec 2013",1816,2,73
1212620,"Pretty Neko","",,"₹ 52",88.87,"Feb 2020",5028,2,343
1491670,"Venba","",-67%,"₹ 227",88.87,"Jul 2023",8903,10,204
2180300,"Void Sols: Prologue","",,"—",88.86,"Nov 2022",1133,0,32
1335940,"Ball-it Hell","",,"₹ 155",88.86,"Feb 2024",534,4,53
259810,"Home Sheep Home: Farmageddon Party Edition","",,"₹ 710",88.86,"Feb 2014",3737,33,420
725340,"Lines X Free","",,"Free",88.86,"Oct 2017",1697,2,121
963000,"Frog Detective 1: The Haunted Island","",,"₹ 250",88.86,"Nov 2018",2893,2,42
572220,"MageQuit","",,"₹ 690",88.85,"Oct 2019",4654,0,222
2219470,"memories","",,"Free",88.85,"Feb 2023",694,0,106
1144110,"Open World Game: the Open World Game","",,"Free",88.85,"Nov 2019",1693,0,133
1162960,"Angry Video Game Nerd I & II Deluxe","",,"₹ 205",88.84,"Oct 2020",2334,0,101
1086410,"Golf Around!","",,"₹ 480",88.84,"Dec 2020",848,1,214
1941110,"Higurashi When They Cry Hou - Rei","",,"₹ 300",88.83,"Jun 2022",1100,4,29
2571880,"Free Will","",,"Free",88.83,"May 2024",361,1,15
2671970,"‎My Suika – Kyo’s Fruit Merge","",,"₹ 52",88.83,"Nov 2023",1964,8,1903
3188550,"Trainee Death Simulator","",,"₹ 300",88.83,"Nov 2024",7913,10,2912
1140150,"Touhou: Lost Branch of Legend","",,"₹ 999",88.83,"Aug 2022",7122,128,511
389510,"Wild Animal Racing","",,"₹ 200",88.83,"Mar 2016",3225,2,74
1237730,"Catlateral Damage: Remeowstered","",,"₹ 690",88.82,"Sep 2021",1157,1,32
3064060,"Super Chipflake Ü: Quest for the Uncooked Schnitzel","",,"₹ 880",88.82,"Jan 2026",2703,0,172
4197890,"The Last Cat in the Universe","",,"₹ 359",88.82,"Apr 2026",700,14,90
2542120,"NINJA GAIDEN: Ragebound","",,"₹ 1100",88.82,"Jul 2025",19074,8,1606
667600,"Sky Force Reloaded","",,"₹ 480",88.82,"Nov 2017",7943,18,330
641990,"The Escapists 2","",,"₹ 1499",88.82,"Aug 2017",145229,349,11202
4258770,"Dread Fields","",,"₹ 145",88.81,"May 2026",838,17,55
2163330,"Yet Another Zombie Survivors","",-50%,"₹ 345",88.81,"Jul 2023",38907,336,10173
374190,"Infernax","",,"₹ 880",88.80,"Feb 2022",11736,3,645
1988940,"からぱりうぉーず","",,"Free",88.78,"May 2022",833,0,90
1573630,"Choice of Life: Middle Ages 2","",,"₹ 345",88.78,"Sep 2022",1521,4,261
2879840,"Escape Simulator 2","",-20%,"₹ 719",88.78,"Oct 2025",25722,800,7340
1307960,"Quartet","",,"₹ 599",88.77,"Aug 2025",5918,8,213
3531160,"荒岛求生：逃出美女岛","",-20%,"₹ 384",88.77,"Dec 2025",2146,11,548
976010,"I hate this game","",,"₹ 87",88.77,"Mar 2019",1864,2,84
1796220,"Laika: Aged Through Blood","",-75%,"₹ 220",88.77,"Oct 2023",23784,36,641
1924360,"Lil' Guardsman","",,"₹ 880",88.76,"Jan 2024",6494,9,363
1062110,"UNSIGHTED","",,"₹ 529",88.76,"Sep 2021",14570,10,238
1264280,"Slipways","",,"₹ 489",88.75,"Jun 2021",11921,7,1012
1336600,"Cabin Fever","",,"₹ 480",88.74,"Jul 2021",2569,0,70
1619230,"The Star Named EOS","",-50%,"₹ 345",88.74,"Jul 2024",4727,6,88
2346840,"One-Eyed Likho","",,"₹ 880",88.74,"Jul 2025",4166,2,261
1607670,"Secret Agent HD","",,"₹ 299",88.73,"Jun 2021",475,2,25
1043500,"Tree Simulator 2020","",-50%,"₹ 52",88.73,"Mar 2019",305,1,15
1260810,"Touhou Blooming Chaos 2","",,"₹ 474",88.73,"Apr 2020",8693,5,530
2878450,"Master of Command","",-20%,"₹ 799",88.73,"Oct 2025",27499,794,5142
2074480,"Sunset Routes","",,"₹ 52",88.71,"Nov 2022",1464,2,503
323320,"Grow Home","",-75%,"₹ 99",88.71,"Feb 2015",23044,4,712
3389860,"Puff Love Story","",,"₹ 200",88.70,"Mar 2025",878,0,274
1583280,"Hog Hunter 2021","",,"Free",88.70,"May 2021",480,0,31
4211860,"Mushroom Nook","",,"₹ 250",88.69,"Mar 2026",430,83,293
3765600,"Scriptorium: Master of Manuscripts Demo","Demo",,"Free",88.69,"Feb 2026",0,2,470
2705820,"Some Goodbyes We Made","",,"₹ 250",88.67,"Oct 2024",686,0,14
368230,"Kingdom: Classic","",,"Free",88.67,"Oct 2015",50680,28,64944
4542660,"Hidden Girls","",,"₹ 89",88.66,"May 2026",197,2,75
2431090,"FISHGUN","",,"Free",88.66,"Jul 2023",393,0,33
518580,"Accounting (Legacy)","",,"Free",88.66,"Oct 2016",3641,0,244
3793150,"Gecko Gods Demo","Demo",,"Free",88.65,"Jun 2025",0,1,216
1068460,"Stuffo the Puzzle Bot","",,"₹ 480",88.64,"Mar 2023",355,0,9
2088670,"Puzzline","",,"₹ 200",88.64,"Nov 2022",843,22,235
3484140,"东方异域见闻 ~ Touhou Dystopian Demo","Demo",,"Free",88.63,"Feb 2025",0,0,135
1679510,"Plushie from the Sky","",,"₹ 570",88.63,"May 2024",2647,0,46
4006090,"Froggin' Around Demo","Demo",,"Free",88.62,"Nov 2025",0,28,295
2543030,"Midnight Ramen","",,"₹ 570",88.62,"Jul 2024",1514,1,100
1309950,"Children of the Sun","",,"₹ 690",88.62,"Apr 2024",12655,1,224
1142810,"Toasterball","",-70%,"₹ 144",88.61,"May 2023",1191,0,23
2735630,"Frostrain","",,"Free",88.61,"Jan 2024",2662,6,838
1253920,"Rogue Legacy 2","",,"₹ 1100",88.60,"Apr 2022",57687,324,22811
2116510,"Creepy Redneck Dinosaur Mansion 3","",-35%,"₹ 584",88.59,"Apr 2025",1111,1,91
1731520,"Ark Mobius: Censored Edition","",,"₹ 199",88.59,"Oct 2021",10385,0,229
464360,"3030 Deathwar Redux - A Space Odyssey","",,"₹ 479",88.59,"Sep 2017",10400,0,138
3462260,"Aethermancer Demo","Demo",,"Free",88.59,"Feb 2025",0,6,1308
274350,"Dropsy","",,"₹ 480",88.59,"Sep 2015",6256,4,114
1095260,"Airtight City 密闭之城1.0","",,"₹ 85",88.58,"Jul 2021",2644,0,19
3480990,"There Are No Orcs","",,"₹ 450",88.58,"Nov 2025",5691,88,1833
654880,"Dream Daddy: A Dad Dating Simulator","",,"₹ 459",88.58,"Jul 2017",42501,9,14471
930210,"HuniePop 2: Double Date","",,"₹ 880",88.58,"Feb 2021",23249,54,15388
3924170,"Eternal Afternoon","",,"₹ 450",88.57,"Mar 2026",1855,2,68
2512820,"BOOMEROAD","",,"—",88.57,"Mar 2024",995,0,144
1141550,"CUCKOLD SIMULATOR: Life as a Beta Male Cuck","",,"₹ 250",88.57,"Nov 2025",3022,4,70
2812480,"MoonWhite","",,"₹ 52",88.56,"Mar 2024",232,0,5
1637670,"晚上nano好","",,"Free",88.56,"Jul 2021",682,0,72
2239140,"Grapples Galore","",,"Free",88.56,"Feb 2025",7050,166,1205
2500460,"Inventorix","",,"₹ 250",88.55,"Sep 2025",305,2,92
1895630,"VRM Posing Desktop","Application",,"₹ 595",88.55,"Feb 2022",1633,73,130
851670,"LUMINES REMASTERED","",,"₹ 459",88.55,"Jun 2018",2041,7,74
2788520,"Cozy Caravan","",-30%,"₹ 616",88.55,"Jan 2026",14438,37,900
619150,"while True: learn()","",,"₹ 419",88.55,"Jan 2019",36608,12,844
445980,"Wizard of Legend","",,"₹ 479",88.55,"May 2018",105292,97,6487
428080,"Racket: Nx","",,"₹ 565",88.54,"Jul 2018",2323,0,31
3800340,"ScootX","",,"₹ 880",88.54,"Oct 2025",2713,91,590
378610,"Valley","",,"₹ 459",88.54,"Aug 2016",36118,0,483
3332060,"Feng Shui Meowjong","",,"₹ 450",88.53,"Feb 2026",1439,2,202
2321580,"StormEdge: Wind of Change","",,"—",88.53,"Sep 2023",4319,0,761
3364770,"Misty Judgment","",,"₹ 450",88.53,"Sep 2025",1057,1,175
552590,"The Sexy Brutale","",,"₹ 565",88.53,"Apr 2017",19868,4,348
2321460,"Dynopunk: Welcome to Synth-City","",,"Free",88.52,"Apr 2023",640,0,72
1432850,"Farewell North","",,"₹ 1299",88.52,"Aug 2024",8763,0,99
2720280,"Follow the meaning","",,"₹ 250",88.52,"Nov 2024",2895,1,276
2026820,"Die in the Dungeon","",,"₹ 690",88.50,"May 2026",16403,145,2848
1104660,"MO:Astray","",,"₹ 459",88.50,"Oct 2019",16982,1,492
1030300,"Hollow Knight: Silksong","",,"₹ 880",88.50,"Sep 2025",596605,7133,587150
3629400,"Loophole","",,"₹ 480",88.49,"Jul 2025",267,1,22
1515200,"Mission in Snowdriftland","",,"₹ 259",88.49,"Dec 2021",1508,0,55
1234400,"Handy Dandy","",,"Free",88.49,"May 2020",762,4,334
1974520,"Dusk Pub - Adult Only","",,"₹ 610",88.49,"Apr 2024",24440,16,679
544970,"Milkmaid of the Milky Way","",,"₹ 300",88.48,"Jan 2017",1562,1,22
3402530,"Screen Cat","",,"₹ 52",88.48,"Jan 2025",1571,96,1483
2527690,"Through time the girl puzzle","",,"Free",88.47,"Sep 2023",1375,8,169
757480,"Broken Reality","",,"₹ 459",88.47,"Nov 2018",4505,1,59
3129930,"Nonentity Galaxy","",,"₹ 480",88.46,"Feb 2026",1776,11,666
470780,"She Remembered Caterpillars","",,"₹ 399",88.46,"Jan 2017",1821,1,206
2200780,"My Dream Setup","",-50%,"₹ 150",88.46,"Feb 2023",22551,75,726
3500750,"Score the Fear","",,"₹ 200",88.45,"Jul 2025",264,0,35
1068070,"Lords Of The Lockerroom","",,"Free",88.45,"May 2019",276,0,10
1332470,"Gladiator Guild Manager: Prologue","",,"Free",88.45,"Aug 2020",6285,0,482
1344740,"FOOTSIES Rollback Edition","",,"₹ 165",88.44,"Sep 2020",1518,0,99
1578220,"Mister Furry: Hot Muscles","",,"₹ 52",88.44,"May 2024",10380,6,352
2743850,"Tricky Madness","",,"₹ 400",88.42,"Nov 2024",2969,1,32
402530,"The Last Door: Season 2 - Collector's Edition","",,"₹ 369",88.42,"Mar 2016",2623,0,64
3062680,"Sculplings","",,"₹ 480",88.41,"Mar 2026",623,2,12
251490,"Gravity Ghost","",,"₹ 480",88.41,"Jan 2015",2134,0,67
1206070,"Phonopolis","",,"₹ 999",88.41,"May 2026",10111,88,560
774361,"Blasphemous","",,"₹ 1999",88.40,"Sep 2019",99159,400,4595
1727520,"Yamafuda! 2nd station","",,"₹ 419",88.39,"Sep 2021",1056,2,24
1188080,"Cats are Liquid - A Better Place","",,"₹ 109",88.39,"Dec 2019",424,0,13
357300,"Snakebird","",,"₹ 259",88.39,"May 2015",1600,0,199
3314790,"CloverPit","",-20%,"₹ 384",88.39,"Sep 2025",37245,1121,25190
2782400,"Papercut Art Gallery-Nature","",,"₹ 105",88.37,"Feb 2024",265,0,15
671700,"Dead Horizon: Origin","",,"Free",88.37,"Aug 2017",577,0,10
998740,"Ring of Pain","",,"₹ 529",88.36,"Oct 2020",8890,23,1280
3343590,"FIND ALL: Christmas","",,"Free",88.35,"Dec 2024",249,3,101
978460,"Emily is Away <3","",,"₹ 349",88.35,"Apr 2021",10150,5,882
973250,"Altered","",,"₹ 415",88.34,"Mar 2021",285,0,11
399600,"I and Me","",,"₹ 369",88.34,"May 2016",3180,0,21
2597080,"Realm of Ink","",,"₹ 1100",88.34,"May 2026",26388,4122,7832
1118520,"Paralives","",,"₹ 1600",88.34,"May 2026",241999,9977,78603
3772810,"Desktop Defender","",,"₹ 250",88.33,"Nov 2025",3420,55,2694
3097560,"Liar's Bar","",,"₹ 345",88.33,"Oct 2024",138110,522,113798
2430900,"Among Ashes","",,"₹ 690",88.32,"Dec 2024",1628,3,20
3835170,"Kimchi: A Stars in the Trash Story","",,"Free",88.31,"Aug 2025",381,0,9
2168600,"In The Rural Village of Nagoro","",,"Free",88.30,"Nov 2022",333,0,12
1466230,"The Holy Gosh Darn","",-19%,"₹ 767",88.30,"Sep 2024",1681,0,39
746510,"Duck Season PC","",,"₹ 480",88.30,"Jun 2019",3892,2,70
1755830,"Astrea: Six-Sided Oracles","",-35%,"₹ 715",88.30,"Sep 2023",17934,42,3900
4649960,"Restitched: Wardrobe Demo","Demo",,"Free",88.29,"May 2026",0,7,421
3820130,"The Dream Globe","",,"₹ 155",88.29,"Oct 2025",847,52,537
1397980,"THE NORMAL THING","",,"Free",88.29,"Dec 2020",333,0,39
2925450,"Letter Lancers: Prologue","",,"—",88.28,"Jun 2024",113,0,44
1463890,"Slay the Dragon!","",,"Free",88.28,"Feb 2021",979,0,32
766280,"A Light in the Dark","",,"₹ 690",88.28,"Jun 2018",9710,1,158
417290,"Ghost of a Tale","",,"₹ 880",88.27,"Mar 2018",67183,7,883
1188930,"Chrono Ark","",,"₹ 1100",88.27,"May 2024",42666,291,7084
921700,"Crashphalt","",,"Free",88.26,"Oct 2018",117,19,140
982270,"Dealer's Life","",-50%,"₹ 249",88.26,"Jan 2019",2554,2,200
2739590,"Mad Island","",,"₹ 880",88.26,"May 2024",50009,423,4806
1173940,"Barrage Musical ~ Basic Danmaku Tutorial ~ / 弹幕音乐绘 ~ 基础教学篇 ~","",,"₹ 85",88.25,"Dec 2019",410,0,13
1180540,"Puddle Knights","",,"₹ 349",88.25,"Mar 2020",764,4,26
2578110,"We're Tethered Together","",,"Free",88.25,"Oct 2023",274,0,27
476240,"KNIGHTS","",,"₹ 52",88.25,"May 2016",1186,0,653
2252680,"Farlands","",-30%,"₹ 384",88.25,"Jul 2024",13279,1,478
3543040,"Conquer the world","",,"₹ 610",88.25,"Jul 2025",4190,10,3136
1700870,"Clanfolk","",-50%,"₹ 499",88.25,"Jul 2022",52123,399,2784
322210,"Guns, Gore & Cannoli","",,"₹ 369",88.25,"Apr 2015",16899,23,263
1151080,"Legend of Keepers: Prologue","",,"Free",88.23,"Oct 2019",8345,0,803
1747760,"Momodora: Moonlit Farewell","",,"₹ 770",88.23,"Jan 2024",26172,19,1373
2296990,"We Were Here Expeditions: The FriendShip","",,"₹ 200",88.23,"Sep 2023",15973,70,22392
3752730,"Life of a Lonely Indie Game Developer Demo","Demo",,"Free",88.22,"Jun 2025",0,0,233
1766010,"Force Reboot","",,"₹ 155",88.22,"Aug 2022",1877,0,25
2431660,"Let's School Homeroom","",,"—",88.22,"Jun 2023",3489,2,1075
95700,"The Cat and the Coup","",,"Free",88.22,"Jun 2011",1177,1,15
4062610,"DEG Demo","Demo",,"Free",88.20,"Oct 2025",0,48,190
4407700,"Horde of Distraction Demo","Demo",,"Free",88.20,"Feb 2026",0,2,159
1254670,"Night Reverie","",,"₹ 499",88.20,"Oct 2021",1992,0,27
829660,"No Time to Relax","",,"₹ 439",88.20,"Feb 2019",8905,47,1649
448280,"Job Simulator","",,"₹ 880",88.20,"Apr 2016",26759,48,611
1293230,"House of Detention","",,"₹ 52",88.20,"May 2020",21045,1,2515
1170640,"When The Past Was Around - Prologue","",,"Free",88.19,"Nov 2019",2043,0,14
363970,"Clicker Heroes","",,"Free",88.19,"May 2015",33953,1616,65882
758480,"Ukrainian ball in search of gas","",,"₹ 52",88.18,"Dec 2017",346,1,16
2530470,"Garden of Witches","",-20%,"₹ 680",88.18,"May 2025",7428,13,715
3151670,"Trombone Champ: Unflattened","",,"₹ 880",88.16,"Nov 2024",821,0,43
3444050,"FIND ALL 6: Netherlands","",-27%,"₹ 80",88.16,"Mar 2025",182,3,73
1771070,"Midnight Scenes: The Nanny","",-30%,"₹ 97",88.16,"Oct 2021",663,1,11
986280,"Lingua Fleur: Lily","",,"₹ 250",88.16,"Mar 2019",1465,1,19
541930,"Panoptic","",,"₹ 489",88.16,"Oct 2020",3020,0,29
1709880,"Loco Motive","",,"₹ 810",88.16,"Nov 2024",8932,4,352
2507640,"Pyroworks","",,"Free",88.16,"Sep 2023",1795,22,771
1005930,"Timeflow – Life Sim","",,"₹ 599",88.14,"Jan 2019",2908,8,646
491950,"Orwell: Keeping an Eye On You","",,"₹ 349",88.14,"Oct 2016",40612,10,154375
4025170,"GRIME II Demo","Demo",,"Free",88.13,"Nov 2025",0,1,155
512890,"Elsinore","",,"₹ 349",88.13,"Jul 2019",2784,0,46
1771360,"Gerda: A Flame in Winter","",,"₹ 940",88.13,"Sep 2022",4131,2,59
963710,"Lost in Vivo","",,"₹ 399",88.13,"Nov 2018",9600,2,79
1617220,"Thirsty Suitors","",,"₹ 1349",88.12,"Nov 2023",4147,6,53
2432200,"The Chef's Shift Demo","Demo",,"Free",88.12,"May 2023",0,18,223
1642220,"FIND ALL","",,"₹ 54",88.12,"Jun 2021",449,0,52
877810,"Anodyne 2: Return to Dust","",,"₹ 880",88.12,"Aug 2019",4037,2,95
817840,"Max Gentlemen Sexy Business!","",,"₹ 529",88.12,"Feb 2020",10587,4,1084
2442460,"Citizen Sleeper 2: Starward Vector","",,"₹ 1100",88.12,"Jan 2025",18044,71,1327
1745510,"Lunacid","",,"₹ 650",88.12,"Oct 2023",29838,35,1855
2189640,"Cannibal Abduction","",,"₹ 250",88.11,"Jan 2023",1256,0,25
1996210,"Sakura Hime 3","",,"₹ 200",88.11,"Dec 2022",3611,0,88
1235110,"Rising Star 2","",,"₹ 880",88.11,"Aug 2020",1816,26,126
4311000,"Trust Me, I Nailed It","",,"Free",88.10,"Feb 2026",749,9,96
900400,"Sacred Fire: A Role Playing Game","",,"₹ 850",88.10,"Oct 2021",8286,2,83
2951580,"Rhythm Witch: Beat Death","",,"₹ 300",88.10,"May 2025",1893,1,592
1668690,"Alina of the Arena","",,"₹ 459",88.10,"Oct 2022",15894,21,1636
3261900,"Dinocop Demo","Demo",,"Free",88.09,"Oct 2024",0,1,43
1909750,"Last Time I Saw You","",,"₹ 480",88.09,"Oct 2024",2567,0,23
355050,"Sky Force Anniversary","",,"₹ 480",88.09,"Apr 2015",5319,6,223
1148510,"Pretty Angel","",,"₹ 52",88.09,"Dec 2019",7407,1,354
4094990,"SimuLadron","",,"₹ 52",88.08,"Nov 2025",672,0,195
2120900,"Fears to Fathom - Carson House","",,"₹ 250",88.08,"Jan 2023",6090,9,383
2246700,"TET","",,"Free",88.07,"Jan 2023",164,1,5
2964280,"Penguin Helper","",,"₹ 105",88.07,"Sep 2024",1921,1,29
1866880,"Cultivation Story: Reincarnation","",,"₹ 349",88.07,"Jan 2023",8130,9,1626
553640,"ICEY","",,"₹ 563",88.07,"Nov 2016",103560,23,3240
2429100,"Homestar Runner: Halloween Hide n' Seek","",,"₹ 105",88.06,"Aug 2023",392,0,12
1079450,"Escape Lala 2 - Retro Point and Click Adventure","",,"₹ 199",88.06,"Jul 2019",305,0,8
424200,"Little Mouse's Encyclopedia","",,"₹ 199",88.06,"Feb 2019",1036,4,21
3979310,"FIND KITTENS 6: After us","",,"Free",88.06,"Nov 2025",222,1,348
1232130,"BEAR, VODKA, STALINGRAD!🐻","",,"₹ 200",88.06,"Mar 2020",1243,0,899
727020,"Arcade Moonlander","",,"₹ 42",88.06,"Oct 2017",543,1,247
3819640,"Megastore Simulator","",-21%,"₹ 513",88.06,"Feb 2026",5590,831,1858
2289650,"Mini Airways - ATC simulator","",,"₹ 330",88.06,"Jul 2024",6073,76,637
604450,"Another Adventure","",,"₹ 119",88.06,"Mar 2017",6359,0,392
1989120,"Bubblegum Galaxy","",,"₹ 650",88.05,"Mar 2026",1576,1,52
2101350,"BLACK SHEEP TOWN","",,"₹ 569",88.04,"Sep 2022",784,2,152
4045430,"夢迷 -Mumei- Demo","Demo",,"Free",88.03,"Oct 2025",0,0,5
2516820,"LuckLand","",,"₹ 450",88.03,"Aug 2023",450,0,104
2918500,"Cozy Island","",-25%,"₹ 337",88.03,"Sep 2025",24693,216,6273
938560,"INMOST","",,"₹ 690",88.02,"Aug 2020",27540,4,489
1646030,"Cat Slide Tiles","",-50%,"₹ 77",88.00,"Jun 2021",315,0,18
2184010,"Star Leaping Story","",,"₹ 560",88.00,"May 2024",566,0,26
2017370,"Trash Horror Collection","",,"₹ 219",87.99,"Jun 2022",896,1,19
3418990,"Shattered Divinities","",,"₹ 559",87.99,"May 2026",1991,23,390
354400,"Tadpole Treble","",,"₹ 249",87.98,"Sep 2016",1206,0,201
1234520,"The Escaper","",,"₹ 165",87.98,"Mar 2020",1343,0,186
1749630,"Chill Corner","",,"Free",87.98,"Dec 2021",17822,16,866
2560050,"The Local","",,"Free",87.97,"Feb 2025",777,2,215
587470,"Chroma Lab","",,"₹ 259",87.96,"Aug 2017",828,0,28
3395930,"Mashina","",,"₹ 810",87.94,"Jul 2025",1039,0,29
1865370,"The one who pulls out the sword will be crowned king","",,"Free",87.94,"Mar 2022",2799,3,2247
1144770,"SLUDGE LIFE","",,"₹ 690",87.93,"Jun 2021",5112,3,2712
1892140,"Cryptid Farm","",,"₹ 250",87.92,"Oct 2024",582,0,140
1273250,"Breakpoint","",,"₹ 250",87.92,"Sep 2020",1087,0,42
3821770,"Scale the Depths Demo","Demo",,"Free",87.92,"Jun 2025",0,119,617
2825530,"Beholder: Conductor","",-50%,"₹ 325",87.92,"Apr 2025",13302,48,1348
1202900,"Assemble with Care","",-75%,"₹ 89",87.92,"Mar 2020",9604,17,561
1114130,"My Koi","",,"₹ 199",87.91,"Jul 2020",1644,2,148
1203420,"Miss Neko 2","",,"₹ 105",87.91,"Dec 2021",10948,0,818
2259330,"Mind Diver","",-40%,"₹ 486",87.90,"Sep 2025",2136,3,61
2530670,"IronWolf: Free Non-VR Edition","",,"Free",87.89,"Sep 2023",1104,8,167
2059660,"Cavern of Dreams","",,"₹ 610",87.89,"Oct 2023",4064,1,129
3717520,"Sick Samurai Demo","Demo",,"Free",87.88,"May 2025",0,1,37
660880,"b","",,"Free",87.88,"Jun 2017",2721,1,87
653950,"Your Smile Beyond Twilight:黄昏下的月台上","",,"₹ 119",87.87,"Jun 2017",2233,0,21
2909230,"This Curse Is Metal as Hell! | Kusodeka Bayashi","",,"₹ 200",87.86,"Nov 2024",366,0,66
2494810,"Dark Hunting Ground","",,"₹ 610",87.86,"Sep 2025",2620,18,1489
616110,"SPACEPLAN","",,"₹ 155",87.86,"May 2017",3514,9,760
4341800,"心象天儀本線 ~Per aspera ad astra~ Demo","Demo",,"Free",87.85,"Jan 2026",0,0,38
3746840,"PIGFACE Demo","Demo",,"Free",87.85,"Jun 2025",0,1,288
3047240,"Jotunnslayer: Hordes of Hel Demo","Demo",,"Free",87.85,"Aug 2024",0,1,716
426790,"Grow Up","",-75%,"₹ 124",87.85,"Aug 2016",8982,6,558
2452920,"Ouros","",,"₹ 250",87.84,"May 2024",574,1,55
1422420,"Dodgeball Academia","",,"₹ 569",87.84,"Aug 2021",4174,1,168
1894430,"Plan B: Terraform","",,"₹ 730",87.84,"Aug 2025",34370,36,2352
1594320,"Captain of Industry","",-30%,"₹ 1050",87.84,"May 2022",83029,2985,11121
992300,"嗜血印 Bloody Spell","",,"₹ 879",87.84,"Jan 2022",168434,79,7267
3739210,"Condo","",,"Free",87.83,"Jun 2025",256,0,8
1470120,"Atopes","",,"Free",87.83,"Jul 2021",563,1,73
3228180,"Click Mage","",,"₹ 250",87.83,"Jan 2025",2215,7,505
3359320,"SchoolBoy Runaway","",,"₹ 105",87.83,"Dec 2024",4707,59,887
3350190,"Anxiety Puppy","",,"₹ 250",87.82,"Dec 2025",969,0,34
323380,"The Magic Circle","",,"₹ 880",87.82,"Jul 2015",15224,0,270
2904040,"Cheap Car Repair","",-55%,"₹ 629",87.82,"May 2026",21750,1403,6038
742250,"OPUS: Rocket of Whispers","",,"₹ 690",87.82,"Feb 2018",8976,1,51
582500,"We Were Here","",,"Free",87.82,"Feb 2017",38967,163,1793
3349840,"InKing","",,"Free",87.81,"Dec 2024",357,0,14
356570,"Party Hard","",,"₹ 480",87.81,"Aug 2015",38044,25,840
3510060,"Hellbrella","",,"₹ 400",87.80,"Sep 2025",857,0,43
2657900,"For Sale","",,"₹ 300",87.80,"Jan 2025",543,0,18
2772430,"Looking For Cats In a Badly Drawn City","",,"Free",87.80,"Jan 2024",128,0,7
1324780,"Easy Red 2","",,"₹ 469",87.80,"Nov 2020",55162,784,12026
4137260,"Kitty Burger Demo","Demo",,"Free",87.79,"Nov 2025",0,0,32
1896880,"Dungeons of Dreadrock","",,"₹ 300",87.79,"Mar 2022",1191,0,15
928950,"LOEK","",,"Free",87.79,"Feb 2020",650,0,32
446840,"Splasher","",-90%,"₹ 47",87.79,"Feb 2017",3639,7,217
1661690,"Wanna Make It","",,"₹ 530",87.78,"Jun 2021",191,0,380
2988300,"Bugtopia","",,"₹ 300",87.78,"May 2025",2206,43,1116
2600700,"CONERU -DIMENSION GIRL-","",-25%,"₹ 660",87.77,"May 2025",2208,2,73
1459910,"Isolomus","",,"₹ 52",87.77,"Dec 2020",508,0,5
1232570,"Paper Beast","",-90%,"₹ 52",87.77,"Jul 2020",3243,0,36
2991740,"Z Rush","",,"Free",87.76,"Jun 2024",18,0,16
1486450,"The Lonesome Guild","",,"₹ 1175",87.76,"Oct 2025",4030,3,78
690420,"Quickscoper Doge: The Dank Illuminati Memes","",,"₹ 165",87.76,"Jun 2020",299,0,9
3672480,"Map Map - A Game About Maps Demo","Demo",,"Free",87.76,"May 2025",0,8,72
656350,"UnderMine","",,"₹ 529",87.76,"Aug 2020",43468,49,3245
3201570,"VR Sailing","",,"₹ 400",87.75,"Oct 2024",341,0,4
2382030,"Voice of Belldona Demo","Demo",,"Free",87.74,"Apr 2023",0,0,28
1271090,"Let's Cook Together","",,"₹ 479",87.74,"Nov 2020",426,4,41
2492390,"Logiart Grimoire","",,"₹ 880",87.74,"Mar 2024",915,14,80
530120,"VR The Diner Duo","",,"₹ 479",87.74,"Nov 2016",1399,2,53
931270,"MicroTown","",,"₹ 480",87.74,"Aug 2019",5353,0,50
1813860,"NAIAD","",,"₹ 849",87.74,"Dec 2024",7270,6,49
943380,"Timberman VS","",,"₹ 85",87.74,"Oct 2018",1076,1,2649
1323000,"Space Court","",,"₹ 125",87.73,"Jun 2020",274,0,16
1198040,"Wide Ocean Big Jacket","",,"₹ 299",87.73,"Feb 2020",567,0,5
423230,"Furi","",,"₹ 880",87.73,"Jul 2016",46097,21,640
3530160,"Heartreasure: Stellar Journey","",,"₹ 350",87.72,"Dec 2025",256,0,39
4189740,"Los Pilarcitos","",,"Free",87.72,"Dec 2025",139,0,12
1722520,"FIND ALL 2: Middle Ages","",,"₹ 109",87.72,"Mar 2022",287,1,132
994140,"Lightmatter","",,"₹ 880",87.72,"Jan 2020",7287,2,396
2754340,"Lagoon Lounge 2 : The Secret Roommate","",,"₹ 650",87.71,"Jan 2024",1142,0,141
2010530,"MONSTER CARDS","",,"Free",87.71,"Aug 2022",942,143,294
2157340,"Meowjiro","",,"₹ 250",87.71,"Nov 2022",2408,2,200
488550,"Dream Car Builder","",,"₹ 349",87.71,"Sep 2018",6934,3,75
821890,"Steven Universe: Save the Light","",,"—",87.71,"Aug 2018",6885,1,200
592270,"Neko Navy","",,"₹ 530",87.70,"Jun 2017",896,0,19
525680,"Deisim","",,"₹ 690",87.70,"Sep 2022",4676,3,38
3344320,"Lethal Dungeon","",,"₹ 250",87.69,"Feb 2026",833,13,484
909380,"Traditional Chinese Medicine Simulator","",,"₹ 690",87.69,"Jul 2021",8928,3,58
3894520,"Keine's Expanding Class!","",,"₹ 309",87.68,"Apr 2026",1132,2,215
280160,"Aragami","",,"₹ 880",87.68,"Oct 2016",79873,10,1713
2646600,"Spilled! Demo","Demo",,"Free",87.67,"Oct 2023",0,0,67
1153130,"Wurroom","",,"Free",87.67,"Nov 2019",813,0,14
1627870,"ODDADA","",,"₹ 480",87.66,"Aug 2024",2453,2,68
1611580,"Behind Glass: Aquarium Simulator","",,"₹ 690",87.66,"Jan 2025",2226,5,47
2498480,"Milthm","",,"Free",87.66,"Nov 2023",636,9,45
381020,"Sky Rogue","",,"₹ 565",87.66,"Aug 2017",8934,3,107
305620,"The Long Dark","",,"₹ 899",87.66,"Aug 2017",503200,2397,15037
2980050,"机械恋心","",,"Free",87.65,"May 2024",308,2,161
1605690,"Ruka","",,"Free",87.65,"Oct 2021",458,0,41
3992630,"There Are No Ghosts at the Grand Demo","Demo",,"Free",87.65,"Oct 2025",0,0,140
1813150,"Jack Move: I.C.E. Breaker","",,"—",87.65,"May 2022",3537,0,332
209080,"Guns of Icarus Online","",,"₹ 199",87.65,"Oct 2012",51524,2,107883
1541830,"Biphase","",,"Free",87.64,"Mar 2021",338,0,34
872130,"DEEP SPACE WAIFU: WORLD","",,"—",87.64,"Apr 2019",1938,0,105
3593490,"Days Without Incident","",,"Free",87.63,"Oct 2025",755,3,50
1378060,"Hidden Lands - Spot the differences","",,"Free",87.62,"Jan 2021",437,5,51
4196510,"THROUGH TIME·SUMMER OF GIRL PUZZLE","",,"₹ 250",87.61,"May 2026",122,0,22
448510,"Overcooked","",,"₹ 799",87.61,"Aug 2016",97431,183,2313
2795860,"Looking For Cats In a Badly Drawn Forest","",,"Free",87.60,"Feb 2024",161,0,14
985080,"食用系少女 Food Girls","",,"₹ 529",87.60,"Jun 2019",5663,1,138
2891370,"Pieced Together","",-30%,"₹ 336",87.59,"Mar 2026",1048,2,34
2379720,"Every Letter","",,"Free",87.59,"Sep 2023",466,2,11
1733500,"Looking for Aliens","",-70%,"₹ 120",87.59,"Dec 2021",811,2,22
1817500,"Abandoned Archive","",,"₹ 300",87.59,"Nov 2025",5257,0,540
396710,"The Adventure Pals","",-84%,"₹ 110",87.59,"Apr 2018",3698,5,336
4175870,"Project: Doors Demo","Demo",,"Free",87.58,"May 2026",0,457,1159
1959350,"Homebody","",,"₹ 880",87.58,"Jun 2023",3034,0,98
3198680,"Puttler","",-35%,"₹ 260",87.57,"Mar 2025",374,2,61
952420,"Shan Gui II: Sweet Osmanthus II","",,"₹ 259",87.57,"Dec 2018",2378,0,232
3213850,"gogh: Focus with Your Avatar","",,"₹ 570",87.57,"Apr 2025",23555,2764,8236
2654470,"BUNNY GARDEN","",,"₹ 1100",87.56,"Apr 2024",18747,22,3454
2288470,"Aethermancer","",,"₹ 875",87.56,"Sep 2025",34472,98,3123
1278540,"Esports Godfather","",,"₹ 880",87.56,"May 2024",9232,280,5183
3569400,"Rocket delivery: Space Wok","",,"Free",87.55,"Mar 2025",173,3,63
851950,"Heroine of the Sniper","",,"₹ 349",87.55,"May 2019",2160,0,49
1506510,"The Ramp","",,"₹ 300",87.55,"Aug 2021",2943,0,110
2897240,"Puffin Planes","",,"₹ 570",87.54,"Sep 2024",1825,4,246
2735870,"Underminer","",,"Free",87.54,"Jan 2024",505,0,156
3689520,"Bioprototype","",,"₹ 105",87.54,"May 2025",2372,25,2231
1109360,"Hentai Mosaique Fix-IT Shoppe","",-50%,"₹ 77",87.53,"Jul 2019",1975,1,334
860890,"Factory Town","",-60%,"₹ 352",87.53,"Nov 2021",54746,47,2648
3323850,"Blippo+","",-40%,"₹ 404",87.52,"Sep 2025",2358,3,55
1089630,"奇迹一刻 Surmount","",,"₹ 639",87.52,"Feb 2022",3772,1,557
856890,"JUSTICE SUCKS: Tactical Vacuum Action","",,"₹ 880",87.51,"Sep 2022",2118,1,30
2911850,"Playing Kafka","",,"Free",87.51,"May 2024",568,0,22
1614730,"TM - Prologue","",,"Free",87.51,"Jun 2021",6717,0,281
905340,"Heave Ho","",,"₹ 480",87.51,"Aug 2019",10074,18,289
1545250,"ECHOLOCAUTION","",,"₹ 199",87.50,"Mar 2021",508,0,11
4111020,"Flipping is Hard Demo","Demo",,"Free",87.50,"Dec 2025",0,16,391
2424650,"Froggy's Battle","",-40%,"₹ 63",87.50,"Jul 2023",719,1,38
2476100,"Creepy Tale: Some Other Place","",,"₹ 480",87.50,"May 2024",1830,0,92
1065970,"狼と香辛料VR/Spice&WolfVR","",,"₹ 569",87.50,"Jun 2019",14695,2,144
341000,"Mad Games Tycoon","",,"₹ 690",87.50,"Sep 2016",25268,5,1434
1936360,"Escape From Mandrillia: Local Asymmetric VR+PC","",,"₹ 419",87.49,"Sep 2025",878,0,28
1318090,"Vertigo Remastered","",,"₹ 500",87.49,"Jul 2020",2796,0,63
3384610,"Glider Simulator","",,"₹ 400",87.48,"Dec 2024",145,0,3
1572040,"Through The Fragmentation","",,"₹ 250",87.48,"May 2021",399,1,6
3332600,"Cubic Cosmos","",,"₹ 610",87.48,"Apr 2026",3509,153,1211
1012630,"Epido","",,"₹ 105",87.48,"May 2019",2577,1,321
564050,"Bud Spencer & Terence Hill - Slaps And Beans","",,"₹ 529",87.48,"Dec 2017",13481,1,226
1764700,"ふりかけ☆スペイシー","",,"₹ 850",87.47,"Mar 2023",625,0,48
518150,"Intruder","",,"₹ 529",87.47,"Mar 2019",28501,2,1421
3155430,"FIND ALL 5: Vikings","",-27%,"₹ 80",87.46,"Nov 2024",204,5,71
1929360,"Tumbleweed Destiny","",,"₹ 155",87.46,"Apr 2022",770,0,429
689900,"Darkestville Castle","",-26%,"₹ 661",87.46,"Sep 2017",3500,1,29
4116110,"Creature Kitchen Demo","Demo",,"Free",87.45,"Dec 2025",0,9,70
1000830,"Gachi Finder 3000","",,"₹ 52",87.45,"Jan 2019",404,0,7
1268860,"Raindrops","",,"₹ 259",87.45,"Apr 2020",292,0,27
1086850,"Garden of the Sea (VR)","",,"₹ 480",87.45,"Jan 2022",4647,0,72
864060,"Marble It Up! Ultra","",,"₹ 1300",87.45,"Nov 2018",3558,7,172
422900,"Particle Fleet: Emergence","",,"₹ 690",87.44,"Sep 2016",8071,21,932
2499470,"Pumping Simulator 2","",,"₹ 595",87.44,"Sep 2023",4179,30,1348
2898940,"Mellstroy Survivor","",,"—",87.43,"Jul 2025",54,0,60
2721530,"Afterplace","",,"₹ 690",87.43,"Jul 2024",655,0,11
1286220,"Sea Power : Naval Combat in the Missile Age","",,"₹ 2000",87.43,"Nov 2024",55946,468,5944
1285160,"Depanneur Nocturne","",,"₹ 250",87.42,"May 2020",634,0,14
3296200,"5 nights at Timokha 4: School","",-72%,"₹ 29",87.42,"Dec 2024",884,2,75
107800,"Rochard","",,"—",87.42,"Nov 2011",3123,1,415
915460,"ULTIMATE HARDBASS DEFENCE","",,"₹ 105",87.42,"Apr 2019",5901,0,853
907000,"The Navigator","",,"Free",87.41,"Aug 2018",612,0,22
881040,"Bug Academy","",,"₹ 480",87.41,"Jan 2020",1226,0,26
512250,"Oh...Sir!! The Insult Simulator","",,"₹ 105",87.40,"Oct 2016",6961,1,1193
1952910,"Social Moth","",,"₹ 52",87.39,"May 2022",208,0,22
3837970,"Don't Let Me Fade","",,"Free",87.39,"Jul 2025",132,0,5
4264890,"Cursed Words Demo","Demo",,"Free",87.39,"Jan 2026",0,4,155
2689460,"Strange Pong","",,"Free",87.39,"Feb 2025",121,0,68
2978440,"PROJEKT GODHAND","",,"₹ 329",87.39,"Mar 2026",623,0,52
3173130,"Gun Frog","",,"₹ 250",87.39,"Oct 2024",1112,4,32
612370,"PAKO 2","",,"₹ 219",87.39,"Nov 2017",1707,0,20
3843480,"Touhou Rinrinki ~ Crafts of the Lucky Beast (Demo)","Demo",,"Free",87.38,"Jul 2025",0,1,34
692130,"Rise Of Titans","",,"Free",87.38,"Jul 2018",522,0,21
303430,"Roundabout","",,"₹ 349",87.38,"Sep 2014",3141,0,98
1199030,"Tainted Grail: Conquest","",,"₹ 529",87.38,"May 2021",42061,27,3294
1037190,"Shipped","",,"₹ 499",87.37,"Mar 2019",2941,2,1060
4137460,"我的机器人女友","",-10%,"₹ 315",87.37,"Mar 2026",1727,2,1287
1732740,"Sakura Hime","",,"₹ 200",87.37,"Oct 2021",10686,0,162
4037600,"FROGGY HATES SNOW Demo","Demo",,"Free",87.36,"Sep 2025",0,11,209
1583850,"Asleep: Act 1","",,"₹ 480",87.36,"May 2024",2273,0,87
2289970,"In Sink: A Co-Op Escape Prologue","",,"Free",87.36,"Feb 2023",6200,23,1323
1257860,"Clea 2","",,"₹ 439",87.35,"Mar 2021",856,0,33
948100,"ニンジャスレイヤー : AREA 4643","",,"₹ 379",87.35,"Dec 2018",1020,0,60
3219580,"Theta and Paralldox on Worldlines","",,"₹ 480",87.35,"Feb 2026",609,13,96
1726400,"The Death | Thần Trùng","",,"₹ 219",87.35,"Sep 2022",7286,1,2894
2428840,"Miniatures","",,"₹ 200",87.34,"Nov 2024",1296,0,16
480450,"Floppy Heroes","",,"₹ 169",87.34,"Sep 2016",1282,0,80
810660,"The Office Quest","",,"₹ 300",87.34,"May 2018",1152,1,101
2116610,"Seclusa","",,"₹ 390",87.33,"Feb 2026",1552,0,47
2775690,"Don't Forget","",,"Free",87.33,"Jun 2024",211,1,22
1721960,"Mirth Melody","",,"Free",87.33,"Aug 2024",634,0,49
364230,"Lucius Demake","",,"₹ 250",87.33,"Aug 2016",2297,0,188
461620,"Predynastic Egypt","",-75%,"₹ 120",87.33,"Oct 2016",12050,6,295
950140,"Hiding Spot","",,"₹ 199",87.32,"Oct 2018",223,0,10
743940,"Together We Live","",,"₹ 480",87.32,"Dec 2017",777,0,9
2074890,"少女妖精弹珠台 Elf Girl Pinball","",,"₹ 480",87.32,"Nov 2022",7808,10,126
1671340,"Fears to Fathom - Home Alone","",,"Free",87.32,"Jul 2021",17009,37,361
1191770,"混世萌王喵霸霸 Cute Chaos Demon Nyanbaba","",,"₹ 52",87.30,"Sep 2022",248,0,6
441050,"Polandball: Can into Space!","",,"₹ 169",87.30,"Jun 2016",894,0,47
622650,"Bendy and the Ink Machine","",,"₹ 899",87.30,"Feb 2017",58618,72,3457
2452820,"Skogdal","",,"₹ 880",87.29,"Apr 2025",573,0,33
2564960,"I'm on Observation Duty 8","",,"₹ 570",87.29,"Dec 2025",1535,9,279
2317510,"Revenant","",,"Free",87.29,"Mar 2023",736,0,20
1370170,"Diorama Builder","",,"₹ 250",87.28,"Jun 2024",1232,3,101
1396890,"Boss of this gym","",,"₹ 42",87.28,"Mar 2021",6028,0,13
1017180,"The Long Drive","",,"₹ 730",87.28,"Sep 2019",75410,285,4375
3979300,"FIND ALL: Halloween","",-28%,"₹ 39",87.27,"Oct 2025",181,2,114
3308550,"Sky End Market","",,"₹ 850",87.27,"Feb 2025",610,4,58
315460,"Dig or Die","",,"₹ 570",87.27,"Jul 2018",63053,11,868
2383820,"Super 10 Pin","",,"₹ 570",87.26,"Jul 2025",388,1,13
4663130,"Normal Golf Game Demo","Demo",,"Free",87.26,"May 2026",0,11,116
3320930,"Paranormal Night Shift","",,"₹ 200",87.26,"Jan 2025",290,2,15
971220,"Rogue Monster Rush","",,"₹ 570",87.26,"Mar 2026",873,7,196
1531490,"Harmony's Odyssey","",,"₹ 459",87.26,"Oct 2022",2024,1,30
1789650,"NEKO-MIMI SWEET HOUSEMATES Vol. 1","",,"₹ 730",87.25,"Apr 2022",3983,2,61
1727210,"MINDHACK","",,"₹ 610",87.25,"Apr 2023",5580,4,218
2435090,"Talented","",,"₹ 309",87.25,"Dec 2024",3542,17,1097
2414630,"Hollow Cocoon","",,"₹ 690",87.24,"Dec 2023",6462,4,863
653930,"Tiny Town VR","",,"₹ 479",87.24,"Aug 2017",3149,8,58
885000,"Synth Riders","",,"₹ 1100",87.24,"Jul 2018",5751,1,144
865270,"LIBRARY","",,"₹ 85",87.23,"Aug 2018",259,0,13
377660,"Blockwick 2","",,"₹ 250",87.23,"Jun 2015",408,0,75
4160020,"FIND ALL: Christmas 2025 🎁🎄🔔","",,"₹ 54",87.22,"Dec 2025",141,0,133
676420,"SiNKR","",,"₹ 200",87.22,"Oct 2017",1257,1,50
3528960,"Arcane Eats Demo","Demo",,"Free",87.21,"Nov 2025",0,13,801
823130,"Totally Accurate Battlegrounds","",,"Free",87.21,"Jun 2018",86886,118,29438
4659940,"Booster Pack Heroes Demo","Demo",,"Free",87.20,"Apr 2026",0,31,152
3168310,"True Fear: Forsaken Souls Part 3","",,"₹ 480",87.20,"Apr 2025",1574,9,461
2994870,"S4U: CITYPUNK 2011 AND LOVE PUNCH Demo","Demo",,"Free",87.19,"May 2024",0,0,105
550010,"Happy Room","",-50%,"₹ 125",87.19,"Dec 2016",9029,4,1530
965580,"Root","",,"₹ 459",87.19,"Sep 2020",29784,74,860
4291500,"Secrets of the Heart","",,"₹ 480",87.18,"May 2026",606,14,44
655480,"Solar Settlers","",,"₹ 369",87.18,"Jul 2017",1629,1,30
2784620,"ROGUE FLIGHT","",-35%,"₹ 572",87.18,"Oct 2024",3288,4,51
466110,"Shaolin vs Wutang","",,"₹ 439",87.17,"Jul 2018",5686,1,38
1622770,"Doors: Paradox","",,"₹ 690",87.17,"Nov 2022",4753,26,341
935880,"Glass Masquerade 2: Illusions","",,"₹ 250",87.17,"Feb 2019",4870,6,932
296710,"Monstrum","",,"₹ 440",87.17,"May 2015",16535,19,244
880940,"Pummel Party","",,"₹ 690",87.17,"Sep 2018",166154,1660,20957
2843550,"GhoulScrapers","",,"₹ 250",87.16,"Sep 2024",311,0,13
1471960,"Room to Grow","",,"₹ 349",87.16,"Feb 2021",457,0,25
2194790,"Studio System : Guardian Angel","",,"₹ 570",87.16,"Feb 2025",2968,5,44
1201400,"Not For Broadcast: Prologue","",,"Free",87.16,"Dec 2019",2875,0,31
4126480,"Fishing Inc","",,"₹ 250",87.16,"Apr 2026",1857,141,1351
2191770,"Gregory Horror Show: Soul of Roses","",,"₹ 770",87.15,"Nov 2024",614,1,42
3861280,"挂机手游模拟器","",,"₹ 155",87.15,"Jul 2025",1304,163,1664
925950,"Here Comes Niko!","",,"₹ 1100",87.15,"Aug 2021",5004,2,415
1236720,"Spirit Island","",,"₹ 1100",87.15,"Jul 2020",7129,72,422
2533590,"Desktop Explorer Demo","Demo",,"Free",87.14,"Aug 2023",0,10,26
2744260,"The Zhukov Line","",,"Free",87.14,"Feb 2024",209,0,8
1708770,"30 Birds","",-50%,"₹ 405",87.14,"Nov 2024",1731,0,22
1702990,"Legend of the Outlaw Mage","",,"Free",87.14,"Feb 2022",727,0,28
3438800,"Doodle Empires","",,"₹ 345",87.14,"May 2025",3343,57,226
1163870,"Mecha Knights: Nightmare","",-55%,"₹ 328",87.14,"Aug 2021",11172,4,433
720620,"TaleSpire","",,"₹ 569",87.14,"Apr 2021",81686,139,1416
2524360,"With My Past","",,"₹ 450",87.13,"May 2024",1133,0,68
591630,"Candleman: The Complete Journey","",,"₹ 459",87.13,"Feb 2018",9429,1,127
2835690,"The Demons Told Me to Make This Game","",,"₹ 669",87.12,"Jul 2025",1338,0,39
1270990,"West of Dead Beta","",,"—",87.12,"Mar 2020",2732,0,160
1259840,"The House of Da Vinci 2","",,"₹ 990",87.12,"May 2020",6750,14,219
1395560,"Kandidatos","",,"₹ 52",87.12,"Sep 2020",2672,1,3006
4309160,"Photomaly Demo","Demo",,"Free",87.11,"Jan 2026",0,2,40
3732560,"KuloNiku: Bowl Up! Demo","Demo",,"Free",87.11,"Jun 2025",0,29,193
1383570,"Ballex²: The Hanging Gardens","",,"₹ 459",87.11,"May 2025",525,4,34
4083190,"The Apothecary of Trubiz","",,"₹ 200",87.11,"Nov 2025",675,20,146
4264230,"Vampire's Fall 2","",,"Free",87.11,"Feb 2026",2354,275,862
1458100,"Cozy Grove","",,"₹ 690",87.11,"Apr 2021",26433,62,873
2899680,"Island Of Enchantment","",,"₹ 250",87.10,"Feb 2026",1134,1,124
1215270,"Down the Rabbit Hole","",,"₹ 529",87.10,"Mar 2020",2477,0,22
347620,"Gaokao.Love.100Days","",,"₹ 437",87.10,"May 2015",34315,20,456
241320,"Ittle Dew","",,"₹ 880",87.09,"Jul 2013",4123,1,146
2503550,"Operation Octo","",,"₹ 345",87.08,"Sep 2025",271,0,23
3363040,"Flan's BN","",,"₹ 300",87.08,"Feb 2026",262,0,42
459820,"Crush Crush","",,"Free",87.08,"May 2016",37487,1999,4572
973220,"SiNKR 2","",,"₹ 200",87.07,"May 2019",519,1,76
3366110,"Sil and the Fading World Demo","Demo",,"Free",87.06,"Nov 2024",0,6,49
1751980,"The Savior From Above","",,"Free",87.06,"Dec 2021",665,1,28
774091,"Ostalgie: The Berlin Wall","",,"₹ 300",87.06,"Mar 2018",2745,6,2548
2843190,"Camper Van: Make it Home","",-60%,"₹ 276",87.06,"Jun 2025",9213,22,632
3733510,"Book of Fei","",,"₹ 159",87.05,"Feb 2026",231,166,299
2305500,"FAIRY TAIL: DUNGEONS","",,"₹ 650",87.05,"Aug 2024",4853,10,1193
529520,"Mutant Football League","",,"₹ 1248",87.05,"Oct 2017",3953,0,93
711540,"Lonely Mountains: Downhill","",,"₹ 899",87.05,"Oct 2019",15705,10,277
1582600,"The Palace on the Hill Prologue","",,"Free",87.04,"May 2023",942,0,13
498330,"Cats are Liquid - A Light in the Shadows","",,"₹ 54",87.04,"Dec 2015",862,2,81
1129310,"Receiver 2","",,"₹ 880",87.04,"Apr 2020",8957,4,1150
3363270,"Fischer's Fishing Journey","",,"₹ 400",87.03,"Aug 2025",4712,270,4219
2914150,"Yunyun Syndrome!? Rhythm Psychosis","",,"₹ 349",87.03,"Apr 2026",23312,221,3285
1053680,"Granny Simulator","",,"₹ 199",87.03,"Aug 2019",7783,6,172
1232010,"Radical Rabbit Stew","",,"₹ 450",87.02,"Jul 2020",869,0,11
1350350,"Touhou Gensokyo Visitor","",,"₹ 165",87.02,"Oct 2020",806,1,8
1533680,"Dead Grid","",-25%,"₹ 457",87.02,"Feb 2026",2629,7,194
3650480,"代号三国：龙起 Demo","Demo",,"Free",87.02,"Oct 2025",0,5,175
1272840,"Dordogne","",,"₹ 699",87.02,"Jun 2023",9597,7,223
1949740,"Banana Shooter","",,"Free",87.02,"May 2022",5141,148,16242
317320,"Nelly Cootalot: The Fowl Fleet","",-50%,"₹ 440",87.01,"Mar 2016",2309,0,164
3545940,"Kollywood: The Game","",,"Free",87.00,"Apr 2025",105,0,579
4123850,"Cropdeck Demo","Demo",,"Free",87.00,"Nov 2025",0,6,185
2685200,"Where Christmas Elves 圣诞精灵在哪里","",,"₹ 54",87.00,"Nov 2023",99,0,4
1273640,"Bring You Home","",,"₹ 345",87.00,"Jul 2025",746,3,48
4200560,"Stitchlings","",,"Free",87.00,"May 2026",429,5,78
482390,"The Night Cafe: A VR Tribute to Vincent Van Gogh","",,"Free",87.00,"Jun 2016",1088,0,16
377080,"Hatoful Boyfriend: Holiday Star","",,"₹ 369",87.00,"Dec 2015",1990,0,105
1272160,"The Life and Suffering of Sir Brante","",-60%,"₹ 279",87.00,"Mar 2021",21173,51,1819
1661260,"Animal Shelter: Prologue","",,"Free",86.99,"Nov 2021",9913,3,1038
673880,"Warhammer 40,000: Mechanicus","",,"₹ 1300",86.99,"Nov 2018",48152,143,2748
1105110,"OXXO","",-50%,"₹ 52",86.98,"Aug 2019",248,1,14
505700,"Anyland","",,"—",86.98,"Oct 2016",1882,0,31
715010,"Diamo XL","",,"₹ 52",86.98,"Oct 2017",561,0,724
1405440,"The Horror Of Salazar House","",,"₹ 165",86.97,"Oct 2020",1033,0,14
2335130,"FROM ASHES, BLOOM","",,"Free",86.97,"Mar 2024",511,0,103
1196630,"Nexomon: Extinction","",,"₹ 880",86.97,"Aug 2020",13385,41,1359
4247760,"Angel Clicker","",-25%,"₹ 156",86.96,"Apr 2026",207,1,16
1382730,"Midnight Scenes: The Goodbye Note","",-35%,"₹ 97",86.95,"Sep 2020",486,0,5
418070,"Turbo Pug","",,"₹ 52",86.95,"Nov 2015",1605,0,15462
833140,"Supaplex","",,"₹ 459",86.94,"May 2018",556,8,37
1160330,"Fight of Animals","",,"₹ 349",86.94,"Dec 2019",3909,0,109
3637730,"FIND ALL 8: The road to the Maya","",,"₹ 109",86.93,"Jul 2025",115,3,86
1527510,"Romeow: in the cracked world","",,"₹ 480",86.93,"Mar 2021",154,0,4
3861430,"Bongo Waifu","",,"Free",86.93,"Apr 2026",2304,3605,7107
1411020,"Perennial Order","",,"₹ 879",86.93,"Sep 2024",4917,5,117
1391200,"Pixel With Your Friends","",-70%,"₹ 59",86.92,"Aug 2024",142,1,22
2692730,"Three Wishes","",,"₹ 570",86.92,"Aug 2025",567,0,11
1117310,"Sandwich Sudoku","",,"₹ 199",86.92,"Aug 2019",199,1,62
1354910,"Tiny Lands","",,"₹ 259",86.92,"Jan 2021",2454,4,132
2683150,"Ale & Tale Tavern","",-55%,"₹ 265",86.92,"Sep 2024",43232,1045,6075
1244090,"Sea of Stars","",,"₹ 1500",86.92,"Aug 2023",112350,90,8635
4267840,"Be Queen Bee","",,"Free",86.91,"Feb 2026",313,2,19
2361480,"The RPG: My First Dungeon Smells","",,"—",86.91,"Jun 2025",508,0,777
2582150,"Ruffy and the Riverside Demo","Demo",,"Free",86.91,"Feb 2025",0,0,60
1223870,"Sakura Hime 2","",,"₹ 200",86.91,"Apr 2022",6280,0,150
2816950,"Yaoling: Mythical Journey","",,"₹ 780",86.91,"Jun 2025",18628,48,6889
3400930,"Guilty as Sock!","",-20%,"₹ 240",86.91,"May 2025",27435,117,8409
1146630,"Yokai's Secret","",,"₹ 105",86.91,"Feb 2020",30007,2,1015
417860,"Emily is Away","",,"Free",86.91,"Nov 2015",15105,8,2803
1281040,"Baby Steps","",,"₹ 880",86.90,"Sep 2025",12216,52,1032
2885480,"BattleCap","",,"₹ 570",86.89,"Dec 2024",672,0,44
2063420,"CozyTyper","",,"₹ 199",86.89,"Jul 2022",631,4,39
2746910,"Three Kingdoms: The Blood Moon","",,"₹ 450",86.89,"Apr 2025",2220,22,630
903630,"The Last Cube","",,"₹ 529",86.88,"Mar 2022",1318,0,47
2172900,"Little Friends: Puppy Island","",,"₹ 1600",86.88,"Jun 2023",1563,1,31
1091320,"DEPO : Death Epileptic Pixel Origins","",,"Free",86.88,"Jul 2022",386,0,37
4058240,"Shroud of Gloom Demo","Demo",,"Free",86.87,"Oct 2025",0,0,10
2611580,"Quiet is the Eyes","",,"Free",86.87,"Dec 2023",347,0,4
2603910,"桂花落","",,"₹ 300",86.87,"Feb 2026",1202,1,72
702810,"Shooty Skies","",,"Free",86.87,"Mar 2018",3451,1,345
3039020,"Dreamline 404","",,"Free",86.86,"Oct 2024",174,0,12
4038780,"ONE IN THE BACK","",,"Free",86.86,"Oct 2025",174,0,16
3344160,"FIND KITTENS 2: Crafts","",,"₹ 54",86.85,"Dec 2024",120,1,8
1961520,"FIND ALL 3: Travel","",,"₹ 109",86.85,"Jul 2022",349,1,104
661430,"LineWay","",,"₹ 52",86.84,"Jun 2017",625,0,164
2731330,"TROLEU","",,"₹ 480",86.83,"Sep 2025",4259,6,149
544390,"NITE Team 4 - Military Hacking Division","",-30%,"₹ 809",86.83,"Feb 2019",9588,2,209
4031420,"The Floor Above Demo","Demo",,"Free",86.82,"Oct 2025",0,3,45
2107550,"Valley Peaks","",,"₹ 690",86.82,"Jul 2024",1544,0,33
3607790,"Brick Breaker Maker","",,"Free",86.81,"Apr 2025",217,1,9
3854250,"Animas Prologue","Demo",,"Free",86.81,"Oct 2025",0,0,47
823580,"Isoland 2 - Ashes of Time","",,"₹ 155",86.81,"May 2018",1191,1,77
3337220,"That Level Again","",,"₹ 155",86.80,"Dec 2024",120,0,10
2995500,"FantasyKingdom","",,"Free",86.80,"Jun 2024",79,0,20
3822990,"Stellar Witch","",,"Free",86.80,"Jul 2025",197,1,17
2091370,"Songs from the Iron Sea","",,"Free",86.80,"Sep 2022",259,0,21
1267950,"Cosmic Flow: A Relaxing VR Experience","",,"Free",86.80,"Mar 2020",511,0,9
1484800,"Zardy's Maze","",,"Free",86.79,"Sep 2020",1759,2,101
266510,"Hand of Fate","",,"₹ 565",86.78,"Feb 2015",71383,6,2178
1181790,"Circle of Sumo: Online Rumble!","",,"Free",86.77,"Oct 2020",1125,0,259
1371720,"Card Shark","",,"₹ 880",86.77,"Jun 2022",16633,9,1017
898580,"Premium Bowling","",,"₹ 529",86.76,"Oct 2019",1383,2,34
518730,"Zombo Buster Rising","",,"₹ 105",86.76,"Oct 2016",472,1,716
1328890,"Succubus Affection","",,"₹ 800",86.76,"Oct 2020",10060,4,287
1727180,"NeverAwake","",,"₹ 1058",86.75,"Sep 2022",1797,0,53
2302640,"SkyIsland","",,"Free",86.75,"Feb 2023",2418,0,216
398030,"Old School Musical","",-90%,"₹ 41",86.75,"Sep 2018",2054,1,92
2612700,"S4U: CITYPUNK 2011 AND LOVE PUNCH","",,"₹ 650",86.75,"Jan 2025",8500,5,1064
666150,"Prehistoric Kingdom","",-25%,"₹ 524",86.75,"Apr 2022",74827,157,2520
464900,"Pitfall Planet","",,"₹ 480",86.74,"May 2016",634,0,28
678310,"Pinball Deluxe: Reloaded","",,"₹ 349",86.74,"Oct 2017",442,3,15
721390,"Pipe Push Paradise","",,"₹ 349",86.74,"Jan 2018",404,0,8
1911390,"Knightfall: A Daring Journey","",,"Free",86.74,"Apr 2022",16876,3,3328
1594940,"Little Witch in the Woods","",,"₹ 880",86.74,"Sep 2025",90444,445,4850
2786160,"Skeleton War","",,"₹ 200",86.73,"Feb 2024",42,0,10
3526730,"Rainbow Unicorn Dash","",,"Free",86.73,"Feb 2026",87,0,14
1055850,"Inspector Waffles","",,"₹ 610",86.73,"Mar 2021",1436,1,30
298600,"Lovely Planet","",,"₹ 300",86.73,"Jul 2014",4990,0,2999
1245640,"The Book of Distance","",,"Free",86.72,"Oct 2020",476,0,14
1620720,"The Forest Quartet","",-80%,"₹ 96",86.72,"Dec 2022",2057,0,28
3027160,"Lost Girl Platformer","",,"Free",86.70,"Jun 2024",21,0,12
864100,"Sagebrush","",,"₹ 259",86.70,"Sep 2018",822,0,22
467210,"Evo Explores","",,"₹ 229",86.70,"May 2016",1025,0,28
857690,"Lagoon Lounge : The Poisonous Fountain","",,"₹ 650",86.70,"Jul 2018",5546,0,90
1684720,"Hitler Hates Anime","",,"₹ 109",86.70,"Aug 2021",869,0,15
291650,"Pillars of Eternity","",-60%,"₹ 339",86.69,"Mar 2015",157562,335,41906
3892080,"The Temple of Children (Demo)","Demo",,"Free",86.68,"Sep 2025",0,1,37
1865670,"Gensokyo Odyssey","",-30%,"₹ 251",86.68,"Apr 2024",661,3,68
1188720,"Drunken Wrestlers","",,"Free",86.68,"Oct 2013",564,1,46
792220,"Paunch","",,"Free",86.67,"Dec 2019",10184,3,384
1667920,"SUPERゆきおんなちゃん","",,"Free",86.66,"Jul 2021",371,0,14
1067900,"HOME","",,"Free",86.66,"May 2019",4285,1,102
1887390,"PEPPERED Demo","Demo",,"Free",86.65,"Apr 2022",0,1,26
3463790,"Hypogea Demo","Demo",,"Free",86.65,"Feb 2025",0,0,20
1098840,"ZACH-LIKE","",,"Free",86.65,"Jun 2019",1216,0,58
1768920,"Splatter","",,"₹ 690",86.65,"Dec 2022",944,0,21
1147500,"A Gay's Life","",,"₹ 155",86.65,"Nov 2019",1342,1,17
390720,"Anarcute","",-90%,"₹ 47",86.65,"Jul 2016",3779,4,125
503560,"911 Operator","",,"₹ 479",86.65,"Feb 2017",50468,98,10019
3181470,"Cat & Farm Pals","",,"₹ 54",86.64,"May 2025",329,5,264
1060600,"Lair of the Clockwork God","",,"₹ 529",86.64,"Feb 2020",2191,1,41
1265820,"Fights in Tight Spaces","",,"₹ 569",86.64,"Dec 2021",21482,59,1469
965590,"Sagrada","",,"₹ 349",86.63,"Mar 2020",1214,5,89
3406810,"Dyping Escape","",,"₹ 480",86.63,"Mar 2026",1903,16,201
391720,"Layers of Fear (2016)","",,"₹ 565",86.63,"Feb 2016",70339,32,145384
3034400,"Medieval Businessman","",,"Free",86.62,"Jun 2024",18,0,18
1778500,"Dee's Nuts","",,"₹ 52",86.62,"Oct 2021",93,0,6
2638180,"Hokkaido Game","",,"₹ 200",86.62,"Oct 2023",225,2,276
2329130,"Rewind Or Die","",,"₹ 570",86.62,"Apr 2023",1973,2,82
3083520,"Hero Guider","",,"₹ 85",86.61,"Sep 2024",48,0,14
1147890,"Bonfire Peaks","",,"₹ 880",86.61,"Sep 2021",1880,6,57
2079120,"Warudo","Application",,"Free",86.61,"Jul 2023",4682,937,1644
1250560,"Chess Sudoku","",,"₹ 199",86.60,"Mar 2020",252,0,74
1276790,"Ruined King: A League of Legends Story™","",,"₹ 1289",86.60,"Nov 2021",58195,23,16297
1568970,"Torn Away","",,"₹ 690",86.59,"Sep 2023",2615,0,56
290510,"GNOG","",,"₹ 480",86.59,"Jul 2018",2036,0,68
1911610,"Windblown","",,"₹ 1100",86.59,"Oct 2024",67473,114,10179
3013460,"Judofuri","",-34%,"₹ 455",86.58,"Dec 2024",349,0,34
1304420,"Super Cable Boy","",,"₹ 479",86.58,"Nov 2020",483,0,17
4584240,"Cheap Car Repair: Welcome to Nowhere","",,"—",86.58,"May 2026",1996,24,1367
562410,"Panty Party","",,"₹ 369",86.58,"Jan 2017",16310,0,76
1477810,"Robolife-Days with Aino","",,"₹ 459",86.58,"Jun 2021",24318,5,543
2642840,"Humans are not that against Lizardwomen 2","",,"₹ 480",86.57,"Nov 2025",3944,2,367
1909810,"Seventh Lair","",,"₹ 299",86.57,"Mar 2022",924,0,43
704850,"Thief Simulator","",-90%,"₹ 88",86.57,"Nov 2018",123840,810,7188
1339580,"Fox! Hen! Bag!","",,"Free",86.56,"Mar 2020",280,0,6
1352930,"HAAK","",,"₹ 667",86.56,"Aug 2022",9277,26,898
2334500,"Wizard Shrimp","",,"₹ 155",86.55,"Dec 2024",202,0,27
4189910,"Dice In You","",,"Free",86.55,"Dec 2025",128,4,23
2088080,"KEEK","",,"Free",86.55,"Aug 2022",253,0,27
2010420,"Pewt 'em Up!","",,"Free",86.55,"Jun 2022",245,0,44
338170,"Ratz Instagib","",,"₹ 359",86.55,"Jul 2016",5526,0,2102
3564090,"Smoke Break!","",,"Free",86.54,"May 2025",206,0,23
2150490,"Gnomdom","",,"₹ 155",86.54,"Dec 2024",281,0,7
1816950,"Nobodies: After Death","",,"₹ 345",86.54,"Apr 2023",731,0,38
1721980,"Loading Story","",,"Free",86.54,"Sep 2021",539,0,29
979120,"Autonauts","",,"₹ 1029",86.54,"Oct 2019",20684,44,3598
2941360,"Pie in the Sky","",,"₹ 610",86.53,"Feb 2026",689,0,14
3006240,"Polylylyrhythm","",,"₹ 155",86.53,"Dec 2024",261,1,35
300550,"Shadowrun: Dragonfall - Director's Cut","",,"₹ 819",86.53,"Sep 2014",35546,24,2703
1482340,"Battle Bears -1","",,"₹ 125",86.52,"Dec 2020",254,0,10
1297210,"Tandis","",,"₹ 690",86.52,"Apr 2022",1259,0,40
368650,"Dark Echo","",,"—",86.52,"May 2015",2651,0,205
1454540,"LAPIN","",,"₹ 850",86.51,"Aug 2023",2377,2,34
2325920,"Forestrike","",,"₹ 480",86.51,"Nov 2025",7091,14,627
1057850,"Neon Boost","",,"Free",86.51,"May 2019",2852,0,107
297590,"Monsters Ate My Birthday Cake","",,"₹ 480",86.50,"Jul 2014",489,0,23
3496500,"Orb Tower","",,"₹ 105",86.50,"Mar 2025",248,0,31
3847100,"アイアイ喫茶店","",,"₹ 192",86.50,"Aug 2025",475,1,96
1747890,"Demon Turf: Neon Splash","",-40%,"₹ 119",86.50,"Apr 2022",1317,0,22
368570,"Beat Da Beat","",,"₹ 119",86.50,"Mar 2016",914,0,77
2059210,"DragonLoop","",,"₹ 450",86.50,"Jun 2025",1919,3,185
1041920,"If Found...","",,"₹ 589",86.49,"May 2020",4733,2,43
862130,"Rainy Day Racer","",,"₹ 165",86.48,"Jul 2018",128,0,6
1745170,"Primitier","",,"₹ 880",86.48,"May 2025",1972,0,25
950740,"China: Mao's legacy","",,"₹ 345",86.48,"May 2019",5139,12,2225
867380,"Up Left Out","",,"₹ 155",86.47,"Jun 2018",352,0,8
1206060,"Happy Game","",,"₹ 699",86.47,"Oct 2021",9012,6,363
705340,"Kofi Quest","",,"₹ 529",86.46,"Jan 2020",3066,0,100
3544080,"Analog - Skin off","",,"Free",86.46,"Jul 2025",275,0,14
380670,"Final Approach","",,"₹ 459",86.46,"Apr 2016",2702,0,34
1084600,"My Time at Sandrock","",-65%,"₹ 664",86.46,"Nov 2023",139622,966,21778
1738710,"SCP: Observer","",,"Free",86.45,"Apr 2023",2061,2,84
978270,"Sam & Dan: Floaty Flatmates","",,"Free",86.45,"Dec 2018",2390,2,37
1264740,"Lucid Dream","",,"Free",86.45,"May 2020",1648,0,73
1242980,"KeyWe","",,"₹ 569",86.44,"Aug 2021",13109,17,581
475190,"Scanner Sombre","",,"₹ 345",86.44,"Apr 2017",7347,4,194
893790,"Newfound Courage","",,"₹ 450",86.43,"Mar 2019",1381,1,15
939620,"Pleasure Puzzle:Portrait 趣拼拼：肖像画","",,"₹ 52",86.42,"Sep 2018",1323,0,619
680700,"OK K.O.! Let’s Play Heroes","",,"—",86.41,"Jan 2018",1774,0,48
2613610,"Drift.Wav","",,"Free",86.41,"Oct 2023",242,2,25
3237970,"Bubsy 4D","",,"₹ 880",86.41,"May 2026",5487,12,570
593960,"Lorelai","",,"₹ 450",86.41,"Apr 2019",4485,0,253
502520,"Ultimate General: Civil War","",,"₹ 1300",86.41,"Jul 2017",63738,383,1678
868360,"Project Hospital","",,"₹ 1000",86.41,"Oct 2018",69410,398,2673
252490,"Rust","",,"₹ 1799",86.41,"Feb 2018",1302482,115040,262284
3453690,"Supercar Collection Simulator Demo","Demo",,"Free",86.40,"Feb 2025",0,1,705
2485750,"Midnight Scenes: A Safe Place","",-30%,"₹ 116",86.40,"Mar 2024",950,1,14
3680510,"Sip Fisher","",,"₹ 250",86.40,"Aug 2025",1171,3,118
2729480,"NightClub Simulator","",,"₹ 345",86.40,"Feb 2024",1084,11,79
758500,"Loot Box Quest","",,"₹ 52",86.39,"Dec 2017",322,0,65
2431100,"That Which Gave Chase","",,"₹ 250",86.39,"Jun 2023",2036,0,72
834740,"Circle Empires","",,"₹ 450",86.38,"Aug 2018",16927,58,1011
3299080,"Snow Resort Simulator","",,"₹ 635",86.37,"Apr 2026",753,4,93
1581500,"Dragon Drop","",,"₹ 99",86.37,"Jun 2022",385,0,10
3298150,"Flip Flop XL","",,"₹ 105",86.37,"Dec 2024",68,0,31
574820,"Cat or Bread?","",,"₹ 105",86.37,"May 2017",355,1,3169
1133590,"Stilt Fella","",,"₹ 610",86.37,"Feb 2020",4241,4,307
486310,"Meadow - A Shelter Game","",,"₹ 345",86.37,"Oct 2016",25951,2,15036
952040,"MUSYNX","",,"₹ 200",86.37,"Dec 2018",13330,61,458
2403430,"Soccer Kids Alpha","",,"Free",86.36,"Jun 2023",1182,0,44
434210,"It's Spring Again","",,"₹ 54",86.36,"Feb 2016",515,1,1654
1127850,"Apple Slash","",,"₹ 250",86.35,"Feb 2020",616,0,9
581120,"Griptape Backbone","",,"Free",86.34,"May 2017",726,1,14
1707550,"Granny 3","",,"₹ 400",86.34,"Aug 2021",2832,8,92
3583790,"Virtual Skate","",,"₹ 1500",86.33,"Aug 2025",468,2,22
3894570,"Novel Haven","",,"Free",86.33,"Feb 2026",263,0,106
1341450,"Yolo Space Hacker","",,"₹ 569",86.33,"Dec 2020",1334,0,29
370150,"LOOP: A Tranquil Puzzle Game","",,"₹ 199",86.32,"May 2015",438,1,29
3615480,"Sisyphe's Backspace","",,"Free",86.32,"May 2025",93,0,4
622270,"Show It 2 Me","",,"Free",86.32,"Dec 2017",203,0,4
3443820,"BUNNY GARDEN 2","",,"₹ 1100",86.32,"Apr 2026",9183,177,3594
1571940,"Ctrl Alt Ego","",,"₹ 880",86.32,"Jul 2022",4024,0,37
1689080,"Mercury Abbey","",,"₹ 810",86.32,"Nov 2024",7816,1,605
1102930,"KoboldKare","",,"₹ 459",86.32,"Dec 2022",11125,78,470
353640,"Train Valley","",,"₹ 349",86.32,"Sep 2015",19675,7,1000
334230,"Town of Salem","",,"₹ 250",86.32,"Dec 2014",36660,74,3787
527230,"For The King","",,"₹ 529",86.32,"Apr 2018",138147,569,9993
2412240,"Bubble Ghost Remake","",,"₹ 690",86.31,"Mar 2025",420,0,10
4395600,"Kintsugi","",,"Free",86.31,"Mar 2026",176,0,6
2279440,"Soul Mates","",,"₹ 610",86.31,"Oct 2025",2131,2,32
1004330,"My Exercise","",,"₹ 200",86.31,"Aug 2020",877,0,35
3648400,"The Wellmonts Case","",,"₹ 329",86.30,"Jan 2026",648,0,29
2587450,"Tank Team","",,"Free",86.30,"Apr 2024",1388,4,432
227580,"10,000,000","",,"₹ 259",86.30,"Jan 2013",1655,3,1210
3641420,"Magecraft: Spellbuilding","",,"Free",86.29,"Sep 2025",196,5,37
467780,"simian.interface++","",,"₹ 85",86.29,"Jun 2016",162,0,7
3371510,"Roulette Hero","",,"₹ 480",86.29,"Oct 2025",1243,2,568
1422540,"云端之约","",,"₹ 350",86.29,"Oct 2020",2082,0,65
244870,"Electronic Super Joy","",,"₹ 349",86.29,"Aug 2013",3844,0,949
250620,"Among the Sleep - Enhanced Edition","",,"₹ 489",86.29,"Nov 2017",26233,7,488
1554550,"Unlock The Cat","",-50%,"₹ 77",86.28,"Mar 2021",249,0,6
1829540,"Seashell","",,"₹ 165",86.28,"Mar 2022",227,0,12
3953060,"Galaxy Defense War","",,"₹ 386",86.28,"Dec 2025",70,0,32
381780,"80 Days","",,"₹ 419",86.28,"Sep 2015",11594,0,168
863590,"Starcom: Nexus","",-60%,"₹ 211",86.28,"Dec 2019",13577,6,922
570900,"Art Plunge","",,"Free",86.27,"Sep 2019",572,0,8
595430,"Sky Knights","",,"₹ 369",86.27,"Jul 2017",2030,0,54
1223500,"Umurangi Generation","",,"₹ 459",86.27,"May 2020",4729,7,50
321480,"Sigils of Elohim","",,"Free",86.27,"Oct 2014",2065,0,250
269050,"Year Walk","",,"₹ 300",86.27,"Mar 2014",9138,0,79
1380990,"Hyper Team Recon","",,"₹ 880",86.26,"Sep 2025",676,0,15
3286710,"Softie","",,"₹ 105",86.26,"Oct 2024",83,0,6
3337920,"Hidden Winter Things","",,"₹ 155",86.26,"Dec 2024",85,0,6
2655740,"CatBox","",,"₹ 159",86.26,"Sep 2024",196,0,12
1161640,"Kowloon's Curse: Lost Report","",,"Free",86.26,"Mar 2023",889,0,11
750170,"Diesel Railcar Simulator","",,"₹ 880",86.25,"Mar 2018",2473,3,37
2154650,"Pawperty Damage","",,"₹ 450",86.25,"May 2023",2400,1,63
2206270,"Vampire Hunters","",-65%,"₹ 241",86.25,"Oct 2024",8478,40,1242
3983520,"MindLoop","",,"Free",86.24,"Sep 2025",65,0,13
639270,"Operation Warcade VR","",,"₹ 565",86.24,"Jun 2017",1538,0,15
1229240,"Chained Echoes","",,"₹ 569",86.24,"Dec 2022",46384,219,2212
1831800,"Grief like a stray dog","",,"₹ 250",86.23,"Jan 2025",328,0,7
514620,"Ellipsis","",,"₹ 250",86.23,"Jan 2017",298,0,66
3583060,"5 NIGHTS AT BOBR KURWA","",-80%,"₹ 31",86.23,"Mar 2025",924,3,49
689910,"Another Lost Phone: Laura's Story","",,"—",86.23,"Sep 2017",1930,0,32
3238670,"Conquest Dark","",,"₹ 480",86.23,"Apr 2025",16820,48,6605
431240,"Golf With Your Friends","",,"₹ 1129",86.23,"May 2020",86582,539,20750
1221480,"Big Hops","",,"₹ 880",86.22,"Jan 2026",4613,3,237
3293610,"ФИЛЬМОСКОП УЖАСОВ: Зелёные Глаза Demo","Demo",,"Free",86.21,"Oct 2024",0,1,10
2172490,"Detective Ridelle","",,"₹ 690",86.21,"Feb 2024",317,0,8
2695350,"MULLET MAD JACK DEMO","Demo",,"Free",86.21,"Jan 2024",0,1,191
544310,"Jumps","",,"₹ 345",86.21,"Mar 2017",473,0,2642
726830,"Vacation Simulator","",,"₹ 880",86.21,"Apr 2019",6677,3,426
2803010,"100 Robo Cats","",,"Free",86.21,"Feb 2024",974,1,937
602320,"Train Valley 2","",,"₹ 459",86.21,"Apr 2019",15608,122,475
302750,"The Counting Kingdom","",,"—",86.20,"Aug 2014",532,0,25
1840490,"Christmas Massacre","",,"₹ 299",86.19,"Dec 2021",1997,1,43
1342890,"Who Needs a Hero?","",,"₹ 480",86.19,"Jan 2021",1946,1,516
4005910,"Lunchbreak Tactics Demo","Demo",,"Free",86.18,"Sep 2025",0,1,95
3298940,"Static Dread: The Lighthouse","",-40%,"₹ 327",86.18,"Aug 2025",7546,16,503
3376480,"Delivery & Beyond","",,"Free",86.18,"Jan 2026",2047,132,971
758190,"Dragon Cliff","",,"₹ 349",86.18,"May 2018",31482,260,5953
234650,"Shadowrun Returns","",,"₹ 819",86.17,"Jul 2013",24626,15,24329
2653480,"Shanshui Haven","",,"₹ 390",86.16,"Jul 2024",265,1,5
2520000,"HYNPYTOL","",,"₹ 690",86.16,"Sep 2023",175,0,7
3407070,"Sex With Friends","",-33%,"₹ 167",86.16,"Apr 2025",1132,3,92
1207780,"Wish","",-30%,"₹ 108",86.16,"May 2020",12746,7,270
1236990,"Boris and the Dark Survival","",,"—",86.16,"Feb 2020",5613,1,686
1622350,"Copycat","",,"₹ 500",86.16,"Sep 2024",13260,8,445
2726560,"Kona & SnowRabbit: Pilot","",,"Free",86.15,"Jan 2024",233,0,6
1070330,"Russian Life Simulator","",,"₹ 52",86.15,"May 2019",9634,7,2901
4317020,"Clerks and Quirks Demo","Demo",,"Free",86.14,"Feb 2026",0,4,30
3779730,"Space Revolver Demo","Demo",,"Free",86.14,"Feb 2026",0,0,6
603390,"Stone Story RPG","",,"₹ 1300",86.14,"Jul 2023",8889,15,739
2207490,"Factory Town Idle","",-60%,"₹ 100",86.14,"Jan 2024",2767,51,2650
554310,"Rage Wars","",,"₹ 58",86.14,"Nov 2016",930,26,221
1170370,"Whimsy","",,"Free",86.13,"Dec 2019",281,0,7
2825180,"WOWOWOW KORONE BOX","",,"Free",86.13,"Apr 2024",1507,1,363
818500,"Colorzzle","",,"₹ 109",86.12,"Aug 2018",225,0,60
1492160,"Doll Explorer Prologue","",,"Free",86.12,"Jan 2021",787,0,41
2114370,"Takoyaki Party Survival","",,"₹ 155",86.12,"Aug 2022",1125,0,654
836450,"Heaven Will Be Mine","",,"₹ 459",86.12,"Jul 2018",3516,0,111
3141080,"100 Fantasy Cats","",-55%,"₹ 49",86.11,"Jun 2025",581,0,10
2479960,"Animal Planner","",,"₹ 250",86.11,"Nov 2023",209,0,7
1981380,"Static of Eve –凝滯聖夜–","",,"Free",86.11,"Jul 2022",458,0,34
1386710,"The HeartBeat","",,"₹ 42",86.11,"Oct 2020",510,0,5
1043860,"Glad Valakas: Cyberban","",,"₹ 125",86.11,"Jun 2019",136,0,23
3070240,"Derpy's Fun House","",,"Free",86.11,"Aug 2024",154,0,8
3949730,"打炮的女孩","",,"₹ 250",86.11,"Sep 2025",717,0,44
313340,"Mountain","",,"₹ 42",86.11,"Jul 2014",13765,31,1667
368160,"WORLD END ECONOMiCA episode.02","",,"₹ 610",86.10,"Jul 2015",3125,1,58
2070850,"Sakura Hime 4","",,"₹ 200",86.10,"May 2024",1499,1,31
1015940,"Welcome to Elk","",-60%,"₹ 184",86.10,"Sep 2020",1747,0,18
1501410,"Dwarf Journey","",-60%,"₹ 192",86.10,"Mar 2021",847,0,25
3553210,"Auto Rogue","",,"₹ 345",86.10,"May 2025",2223,12,1567
1463920,"hexceed","",,"Free",86.10,"Jan 2021",1535,23,779
1723260,"CaseCracker","",,"₹ 349",86.10,"Dec 2022",10284,146,638
465100,"LUNA The Shadow Dust","",-35%,"₹ 435",86.09,"Feb 2020",10514,2,245
3282210,"The Fire Nobody Started","",,"₹ 155",86.08,"Feb 2025",126,0,7
3809870,"Scary Game","",,"Free",86.08,"Jul 2025",338,6,32
3035500,"Fantasy Map Simulator","",-27%,"₹ 292",86.08,"Sep 2024",42700,488,2475
449540,"There's Poop In My Soup","",,"₹ 58",86.08,"Mar 2016",4132,1,2826
1184420,"天降锦鲤 ~ My Lucky Koi","",,"₹ 199",86.07,"Nov 2019",1196,0,11
1422440,"Cataclismo","",-50%,"₹ 499",86.07,"Mar 2025",67135,73,3152
1139980,"Travellers Rest","",-25%,"₹ 607",86.07,"Jul 2020",102088,1070,6030
3970920,"Cats Visiting El Dorado","",,"Free",86.06,"Nov 2025",64,0,12
1182830,"QT","",,"₹ 349",86.06,"Jan 2020",801,0,11
1251460,"Tanuki Sunset","",,"₹ 459",86.06,"Dec 2020",2435,0,75
2367480,"Speed Crew","",-50%,"₹ 440",86.05,"Jan 2024",1215,0,41
2368190,"Bem Feito","",-60%,"₹ 192",86.05,"Nov 2023",488,0,8
889480,"Virtual Virtual Reality","",,"₹ 459",86.05,"Mar 2017",2561,0,49
1820000,"Homura Hime","",,"₹ 1100",86.05,"Mar 2026",18554,51,1339
498470,"Switch 'N' Shoot","",,"₹ 209",86.04,"Oct 2016",378,0,199
853770,"Maximum Action","",,"₹ 880",86.04,"Sep 2018",13636,4,132
1070580,"Drift86","",-26%,"₹ 78",86.04,"Nov 2019",5334,216,1889
2174720,"The Will of Arthur Flabbington","",,"₹ 570",86.03,"Nov 2023",481,1,21
1096060,"Teenage Blob","",,"₹ 299",86.03,"Aug 2020",535,0,5
359140,"Kick Ass Commandos","",,"₹ 349",86.02,"Nov 2016",1467,0,169
375440,"Hero-U: Rogue to Redemption","",,"₹ 699",86.02,"Jul 2018",3959,2,209
2863840,"YIIK Nameless Psychosis","",,"Free",86.02,"Apr 2024",1169,0,222
862800,"Storm Chasers","",,"₹ 419",86.02,"Jun 2019",5379,5,160
2027530,"non-binary","",,"Free",86.01,"Jul 2022",294,0,16
373180,"Kung Fury: Street Rage - Ultimate Edition","",,"₹ 880",86.01,"May 2015",9779,1,224
3840060,"Tavern Talk Stories: Dreamwalker Demo","Demo",,"Free",86.00,"Jul 2025",0,1,22
3671910,"Sashimi Slayer","",,"Free",86.00,"Mar 2026",203,0,12
1452540,"Frincess&Cnight","",,"₹ 165",86.00,"Sep 2021",213,0,17
1860350,"Dream Swing","",,"₹ 159",86.00,"Jul 2023",293,0,12
1190160,"LIT: Bend the Light","",,"₹ 259",86.00,"May 2020",1240,0,69
1188330,"Classic Sudoku","",,"₹ 199",86.00,"Nov 2019",471,2,125
1501610,"Nova Lands","",-50%,"₹ 440",86.00,"Jun 2023",23966,50,2822
2280430,"The Berlin Apartment","",-50%,"₹ 550",85.99,"Nov 2025",7745,13,96
1018830,"Element TD 2 - Tower Defense","",,"₹ 600",85.99,"Apr 2021",13460,59,1490
2848800,"Pup Champs","",,"₹ 610",85.98,"May 2025",815,0,21
2085040,"ToriDori","",,"₹ 259",85.98,"Apr 2023",444,0,16
1177420,"UncleNeighbor:uncle Dating Simulator","",,"₹ 439",85.98,"Jun 2020",3788,5,310
595140,"Immortal Redneck","",,"₹ 565",85.98,"Apr 2017",14287,8,590
1881800,"CatNab","",,"Free",85.97,"Mar 2022",164,0,15
1355650,"Filcher","",-28%,"₹ 329",85.97,"Sep 2021",1163,1,14
1000440,"东方雪莲华 ～ Abyss Soul Lotus.","",,"₹ 610",85.97,"Feb 2023",1006,2,290
1847240,"Game Dev Story","",-63%,"₹ 37",85.97,"Mar 2022",4725,184,588
3285820,"True Fear: Forsaken Souls Part 3 Demo","Demo",,"Free",85.96,"Nov 2024",0,0,17
2824780,"TORSO TENNIS","",,"₹ 250",85.96,"Sep 2025",272,0,19
2295700,"Berry People","",,"₹ 155",85.96,"Feb 2023",356,0,11
1742610,"Spirits of the Hellements - TD","",-60%,"₹ 159",85.96,"Apr 2022",1321,2,252
1235830,"Dark Water : Slime Invader","",,"₹ 459",85.95,"Mar 2021",787,0,29
3192360,"Rainy Day","",,"Free",85.95,"Sep 2024",957,2,69
327560,"Near Death","",,"₹ 415",85.95,"Aug 2016",9297,0,44
2325310,"Gensokyo：Presumption of Guilt~Pansies Before Dawn","",,"₹ 899",85.94,"Mar 2026",795,5,157
408520,"FORM","",,"₹ 459",85.94,"Jun 2017",2287,0,28
755410,"Vengeful Rites","",,"₹ 529",85.93,"Jul 2021",1229,0,13
824850,"Some Distant Memory","",,"₹ 419",85.93,"Nov 2019",1830,0,9
908100,"九州：商旅（Nine Provinces: Caravan）","",,"₹ 329",85.93,"Feb 2021",5199,9,628
3919860,"Consumption Line","",,"Free",85.92,"Sep 2025",160,0,10
290380,"Micron","",,"₹ 155",85.92,"Jul 2014",412,0,23
1462570,"Lost in Random™","",,"₹ 1799",85.92,"Sep 2021",22110,6,508
4142980,"Toilet 8","",,"₹ 155",85.91,"Jan 2026",476,4,56
2025610,"Once Again","",,"₹ 200",85.91,"Oct 2022",1403,1,32
4522280,"Luna's Room","",,"₹ 494",85.90,"May 2026",175,0,11
3358680,"Salvage Protocol","",,"₹ 400",85.90,"Apr 2025",472,0,9
3140810,"D3AD HAND","",,"₹ 250",85.90,"Sep 2024",206,1,4
4206970,"Wireworks Demo","Demo",,"Free",85.90,"Jan 2026",0,0,81
1189060,"The Floor Is Still Really Cheap Lava","",,"Free",85.90,"Nov 2020",312,0,24
1177130,"NABOKI","",,"₹ 155",85.90,"Nov 2019",253,0,7
520010,"Climbey","",,"₹ 369",85.90,"Jan 2022",2243,0,69
705210,"Cube Racer","",,"Free",85.90,"Oct 2017",3126,781,3283
3401050,"FACE LOVE: Face Designer","",,"Free",85.89,"Mar 2025",218,0,74
778330,"Squirm","",,"₹ 125",85.89,"Mar 2018",337,0,15
1494840,"Scoot","",,"₹ 610",85.89,"Dec 2020",1814,9,116
1046400,"Astalon: Tears of the Earth","",,"₹ 880",85.89,"Jun 2021",5229,10,252
2824660,"Old School Rally","",,"₹ 610",85.89,"Dec 2025",9453,7,294
981430,"Gordian Quest","",,"₹ 529",85.89,"Jun 2022",33207,46,1913
3862720,"Deadliest Pigeon Demo","Demo",,"Free",85.88,"Jul 2025",0,3,16
4215780,"Hidden Things Beach Elves","",,"Free",85.88,"Apr 2026",81,0,9
2051130,"Ghostland Yard","",,"₹ 480",85.88,"Oct 2023",377,1,16
2511290,"Two Cubes","",,"₹ 52",85.88,"Aug 2023",114,0,12
2682750,"PAPERHEAD Demo","Demo",,"Free",85.88,"Dec 2023",0,4,564
3729770,"The Wind and the Wisp","",,"Free",85.88,"Aug 2025",319,0,9
1735670,"rote² (roteSquare)","",,"Free",85.88,"Aug 2023",344,1,18
605230,"Grey Hack","",,"₹ 915",85.88,"Dec 2017",17200,34,339
2127010,"Handyman Legend","",,"₹ 259",85.88,"Mar 2023",17363,26,1002
1960880,"无名者","",,"₹ 400",85.87,"Apr 2026",1340,2,54
2579840,"Chill Drive","",,"Free",85.86,"Dec 2023",326,8,22
858040,"Sudoku Jigsaw / 拼图数独","",,"₹ 155",85.86,"Sep 2018",464,4,23
869690,"Cat Lady - The Card Game","",,"₹ 200",85.86,"Dec 2019",694,0,16
4304930,"Chef Knight","",-10%,"₹ 278",85.86,"Jun 2026",1218,523,905
3091770,"Bleeding Roots","",,"Free",85.86,"Sep 2024",311,0,27
2251010,"The Witch's Cauldron","",,"₹ 400",85.85,"Jan 2024",1815,0,168
1808060,"Obama Maze","",,"Free",85.85,"Aug 2022",1061,0,46
419460,"That Dragon, Cancer","",,"₹ 369",85.85,"Jan 2016",15049,1,165
1411740,"Urbek City Builder","",-83%,"₹ 88",85.85,"Jul 2022",18985,43,665
968500,"A Bewitching Revolution","",,"Free",85.84,"Apr 2019",357,0,9
4035570,"My Ghost Roommate","",,"₹ 300",85.83,"Apr 2026",922,1,11
1628440,"Trick & Treat Remake","",,"₹ 85",85.83,"Sep 2021",321,0,6
2517770,"SWORDCAR","",,"₹ 250",85.83,"Nov 2023",498,0,10
1520250,"Gnome Jigsaw Puzzles","",,"₹ 105",85.83,"Jan 2021",55,0,8
2347110,"Quasimorph: End of Dream","",,"—",85.83,"May 2023",4699,0,913
4159740,"Muri: Wildwoods Demo","Demo",,"Free",85.82,"Feb 2026",0,4,22
1275790,"Space Otter Charlie","",,"₹ 459",85.82,"Mar 2021",1255,0,21
1647920,"Valfaris: Mecha Therion","",,"₹ 1100",85.82,"Nov 2023",3603,1,33
568040,"Macbat 64","",,"₹ 85",85.82,"Mar 2017",665,0,19
2685240,"Where Cats 猫咪在哪里","",,"₹ 52",85.81,"Nov 2023",167,0,8
2994170,"Undusted: Letters from the Past Demo","Demo",,"Free",85.80,"May 2024",0,0,67
1797930,"Para Eyes","",,"₹ 349",85.80,"Jul 2025",687,0,28
2382250,"Seven Nights Ghost","",,"₹ 570",85.80,"Aug 2023",3801,1,176
1198510,"Paperball","",,"₹ 345",85.79,"Mar 2020",461,0,30
1032590,"Heaven Dust","",,"₹ 299",85.79,"Feb 2020",3395,1,195
705220,"Tactical Monsters Rumble Arena","",,"—",85.79,"Feb 2018",9337,0,1283
1593310,"NEKOPARA - Catboys Paradise","",,"Free",85.79,"Jul 2021",11321,14,1235
1316390,"Thermo Sudoku","",,"₹ 199",85.78,"May 2020",216,1,103
2837600,"The Alto Collection","",,"₹ 480",85.78,"Mar 2024",724,0,18
1272070,"Silicon Dreams  |  cyberpunk interrogation","",,"₹ 690",85.78,"Apr 2021",2019,1,21
1054950,"Starstruck: Hands of Time","",,"₹ 880",85.78,"Sep 2024",1600,0,38
1365940,"Eye of the Temple: First Steps","",,"—",85.78,"Aug 2020",709,0,20
3979440,"Puzzle Gallery: Jigsaw Art Collection","",,"Free",85.77,"Oct 2025",102,0,13
1569750,"Ninja Ming: Wu","",,"₹ 105",85.77,"Oct 2024",96,0,8
2098190,"NAME OF THE WILL Demo","Demo",,"Free",85.77,"Aug 2022",2,1,23
3189340,"Dungeons of Eternity","",,"₹ 1300",85.77,"Sep 2025",9217,9,474
3343160,"Fill Up The Hole","",,"₹ 155",85.77,"Jul 2025",2190,7,1246
582550,"Passpartout: The Starving Artist","",,"₹ 369",85.77,"Jun 2017",24055,12,481
4504460,"Lihiman","",,"₹ 250",85.76,"Mar 2026",237,1,11
4301270,"FIND ALL: Valentine's Day 💘💌🍫","",,"₹ 54",85.76,"Feb 2026",97,0,93
3296920,"Flibbius McDoogle and the Mysterious Flying Machine","",,"₹ 250",85.76,"Apr 2025",239,0,5
1067540,"Röki","",,"₹ 1299",85.76,"Jul 2020",11186,5,270
2337140,"Can't Live Without Electricity","",,"₹ 250",85.75,"Apr 2023",524,2,163
589200,"Dreadhalls","",,"₹ 369",85.75,"Mar 2017",1404,0,21
1921780,"The Sushi Spinnery","",,"₹ 329",85.75,"May 2022",1882,6,227
1863750,"挂机神话","",,"₹ 105",85.75,"Apr 2023",1861,14,1142
468050,"The Last Time","",,"₹ 229",85.74,"Sep 2016",382,0,13
2794330,"Atuel","",,"Free",85.74,"Jun 2025",445,0,14
1138410,"Demons Never Lie","",,"₹ 200",85.74,"Oct 2019",1781,0,160
1094390,"Waltz of the Wizard","",,"₹ 529",85.74,"Jul 2019",7749,8,179
578850,"64.0","",,"₹ 169",85.74,"Mar 2017",4389,2,763
3155570,"Decollate Decoration","",,"₹ 450",85.73,"Jan 2026",1835,2,49
870200,"Juno: New Origins","",,"₹ 880",85.73,"Jan 2023",21398,52,780
1283410,"Tails of Iron","",,"₹ 1299",85.73,"Sep 2021",35016,44,1549
2264070,"无梦少女 DreamlessGirl Demo","Demo",,"Free",85.72,"Jan 2023",0,0,19
1750350,"Sebil Engineering","",,"₹ 570",85.72,"Nov 2023",420,0,14
1347600,"Dad's Monster House","",,"₹ 125",85.72,"Sep 2021",779,0,35
350740,"The Bug Butcher","",,"₹ 349",85.72,"Jan 2016",9659,0,139
542050,"Forgotton Anne","",,"₹ 529",85.72,"May 2018",16566,1,143
1148150,"Man of the House","",,"₹ 529",85.72,"Oct 2019",22303,55,1061
1484900,"Hoa","",,"₹ 499",85.72,"Aug 2021",9328,3,492
2380320,"Choice of Life: Wild Islands","",,"₹ 345",85.71,"Sep 2024",862,1,81
1257810,"I'm on Observation Duty 2","",,"₹ 155",85.71,"Mar 2020",1047,0,41
1517340,"From The Darkness","",,"₹ 259",85.71,"Mar 2021",4878,0,51
4319990,"Freefall '95 Demo","Demo",,"Free",85.70,"Jan 2026",0,6,25
3823650,"LUCKROT","",,"₹ 259",85.70,"Apr 2026",739,2,15
746560,"Gadgeteer","",,"₹ 459",85.70,"Apr 2019",1501,0,11
1257660,"Time Rift","",,"₹ 480",85.70,"Feb 2022",381,0,15
1584830,"Duck Creator","",,"₹ 52",85.70,"Nov 2021",613,0,120
1174390,"ANNIE:Last Hope","",,"₹ 349",85.70,"Apr 2020",4345,0,76
914020,"Gibbous -  A Cthulhu Adventure","",-75%,"₹ 220",85.70,"Aug 2019",11770,2,297
2014470,"The Abandoned Planet","",,"₹ 690",85.69,"Aug 2024",1537,1,22
2093900,"Island Cities - Jigsaw Puzzle","",,"₹ 105",85.69,"Aug 2022",425,0,36
252330,"Slender: The Arrival","",,"₹ 880",85.69,"Oct 2013",23615,5,494
351940,"The Descendant","",,"₹ 479",85.68,"Mar 2016",6136,4,128847
3349820,"Big Blind","",,"Free",85.67,"Dec 2024",164,0,8
1849310,"天天地下城","",,"₹ 199",85.67,"Jan 2022",94,0,4
3915610,"Meow Palace: Forbidden City","",,"₹ 300",85.67,"Dec 2025",328,1,716
1191900,"Say No! More","",-80%,"₹ 91",85.67,"Apr 2021",3501,5,85
3247750,"Mycopunk","",,"₹ 690",85.67,"Jul 2025",22894,51,2832
1332720,"Thief Simulator 2","",-72%,"₹ 246",85.67,"Oct 2023",33169,368,4152
2373830,"Hyper Hentai Sister Nun","",,"₹ 52",85.66,"Apr 2023",443,0,32
3718990,"Hidden Hijinks: No Cats in the Orgy, Please!","",,"₹ 105",85.66,"Dec 2025",254,0,12
2525300,"Bahamut and the Waqwaq Tree","",,"₹ 690",85.66,"May 2025",459,1,16
1447350,"Arcus Chroma: Classic","",,"₹ 200",85.66,"May 2024",1569,0,43
2158740,"Within the Backrooms","",-40%,"₹ 240",85.66,"Jan 2023",558,0,9
720300,"Toran","",,"Free",85.66,"Apr 2019",826,0,12
3136330,"Tiny Terraces","",,"₹ 145",85.66,"Jul 2025",3033,154,429
434000,"Paws - A Shelter 2 Game","",,"₹ 880",85.65,"Mar 2016",8158,0,79
4423640,"Someday Youll Get There(언젠가는 도착해)","",,"₹ 400",85.64,"Apr 2026",27,2,28
3084740,"Command Deck","",,"₹ 690",85.64,"Sep 2025",605,1,22
2757670,"NODE","",-30%,"₹ 454",85.64,"Aug 2025",1171,0,18
561080,"The Price of Freedom","",,"₹ 85",85.64,"Dec 2016",1646,0,178
3601120,"Toffee Cats","",,"₹ 105",85.63,"May 2025",76,1,7
2299930,"Fiz and the Rainbow Planet","",,"₹ 480",85.63,"Jul 2024",341,0,33
956140,"Lifeslide","",,"₹ 349",85.63,"Aug 2021",2064,0,33
509220,"Save Jesus","",,"₹ 260",85.63,"Aug 2016",1464,1,3855
818760,"Woodways","",,"Free",85.62,"Apr 2018",184,1,8
1938850,"Temp Zero","",,"₹ 199",85.62,"Apr 2022",508,0,20
606920,"EXA: The Infinite Instrument","Application",,"₹ 479",85.61,"Jan 2020",1035,0,8
1373930,"Dino Nest","",,"₹ 250",85.61,"Apr 2022",843,0,45
2303610,"Fragrance Point","",,"₹ 400",85.60,"Jan 2025",775,1,22
3048930,"Duriano","",,"₹ 719",85.60,"May 2026",444,0,37
720660,"Overloop","",,"₹ 399",85.60,"Aug 2022",1254,0,33
959000,"Edna & Harvey: The Breakout - Anniversary Edition","",-90%,"₹ 52",85.60,"Dec 2019",2224,11,89
1181140,"PerfectLover","",,"₹ 439",85.60,"Nov 2019",20414,1,179
390520,"PewDiePie: Legend of the Brofist","",,"₹ 349",85.60,"Dec 2015",14035,2,376
537800,"Bomber Crew","",,"₹ 749",85.60,"Oct 2017",44258,62,9898
2858430,"Lake Minnewaska","",,"Free",85.59,"Jun 2024",436,1,16
3400650,"Creepy Shift: House For Sale","",,"₹ 345",85.59,"Apr 2025",927,0,29
1642130,"Runo","",,"Free",85.59,"Jul 2021",1112,0,138
797390,"How To Cope With Boredom and Loneliness","",,"Free",85.59,"Apr 2018",649,0,21
849740,"Love Esquire - RPG/Dating Sim/Visual Novel","",,"₹ 1100",85.59,"Oct 2019",13337,4,528
2174900,"The Secret of Varonis","",,"₹ 650",85.58,"Mar 2024",432,0,17
3409620,"The Path Home","",,"₹ 200",85.58,"Dec 2025",186,0,20
1755280,"Super Grappling Gecko","",,"₹ 105",85.58,"Dec 2021",164,0,5
1855830,"We Are One Prologue","",,"—",85.58,"Feb 2022",221,0,10
994500,"Sky Racket","",,"₹ 459",85.58,"Oct 2019",801,0,13
1621140,"Clawfish","",,"₹ 125",85.58,"Jun 2021",644,0,33
1129220,"BEARS, VODKA, BALALAIKA! 🐻","",,"₹ 200",85.58,"Nov 2019",2448,1,505
3049150,"DEPERSON - Chapter 1 Demo","Demo",,"Free",85.57,"Jul 2024",0,1,18
4140980,"Harventure Demo","Demo",,"Free",85.57,"Nov 2025",0,1,221
1978080,"Is It You?™","",,"—",85.57,"Nov 2022",167,0,24
3818230,"Maru Expedition: We can fly","",,"Free",85.57,"Jul 2025",307,0,59
1492720,"GunBlocks - Prologue","",,"Free",85.56,"Jan 2021",319,0,20
2416050,"Cento","",,"₹ 480",85.56,"May 2024",642,0,28
283160,"House of the Dying Sun","",-70%,"₹ 169",85.56,"Nov 2016",21769,0,207
746850,"Cloudpunk","",,"₹ 799",85.56,"Apr 2020",76329,15,932
1888660,"Mini Pipes - A Logic Puzzle Pipes Game","",,"₹ 52",85.55,"Apr 2022",116,0,15
3234330,"Ninja Ming","",,"₹ 480",85.55,"Apr 2025",730,0,42
821790,"Who Am I: The Tale of Dorothy","",,"—",85.55,"Apr 2018",1493,0,78
1163910,"Brass Brigade","",,"₹ 690",85.55,"Nov 2019",2019,0,32
3209480,"Last Report","",-25%,"₹ 187",85.55,"Jul 2025",5720,10,368
1878910,"WooLoop","",,"Free",85.55,"Jan 2023",1214,11,404
2067760,"Trash Bomber","",,"Free",85.54,"Jul 2022",151,0,36
1476350,"Brain Meltdown - Into Despair","",,"₹ 165",85.54,"Dec 2020",394,0,24
357600,"Unium","",,"₹ 105",85.54,"Feb 2015",827,0,148
1710920,"Dwerve: Prologue","",,"Free",85.54,"Sep 2021",3658,0,165
1390410,"Midnight Fight Express","",,"₹ 739",85.54,"Aug 2022",20915,9,783
2457890,"DRACOMATON","",,"₹ 250",85.53,"Aug 2023",1462,4,622
3475770,"Meta Card Backpack Legend","",,"₹ 400",85.52,"Mar 2026",150,0,19
2583330,"Zlime: Return Of Demon Lord","",,"₹ 345",85.52,"Apr 2024",356,0,12
2732540,"Journey of Realm: Dawn Dew Demo","Demo",,"Free",85.52,"Dec 2023",0,1,98
4173130,"Cats vs Zombies II","",,"Free",85.52,"Dec 2025",89,0,5
1554650,"DROS","",,"₹ 480",85.52,"Jul 2023",1412,0,17
3381200,"Lost in Random: The Eternal Die Demo","Demo",,"Free",85.52,"Feb 2025",0,0,118
3500680,"Cropdeck","",,"₹ 450",85.52,"Apr 2026",2349,66,528
4032170,"Bubsy 4D Demo","Demo",,"Free",85.52,"Oct 2025",0,0,363
1910680,"Orb of Creation","",,"₹ 199",85.52,"Mar 2022",3875,66,1710
331480,"Pinstripe","",,"₹ 690",85.52,"Apr 2017",12418,3,694
1569620,"Lab Rags","",,"Free",85.51,"May 2021",728,0,155
997380,"The Sapling","",,"₹ 810",85.51,"Dec 2019",6107,25,229
1280060,"Hoverflow","",,"₹ 690",85.50,"Feb 2026",497,0,13
1161160,"Talesshop Puzzle","",,"Free",85.50,"Oct 2019",634,0,32
3412560,"Retro Endurance 8bit","",,"₹ 200",85.49,"Jan 2025",320,0,6
613450,"Please Knock on My Door","",,"₹ 439",85.49,"Sep 2017",1273,0,18
2066250,"HBDIE: 2","",,"—",85.49,"Aug 2022",356,0,34
3907880,"Thunder Spikes Volleyball","",,"₹ 500",85.48,"Oct 2025",1133,10,50
2011410,"Monstrous Love","",-60%,"₹ 120",85.48,"May 2023",1526,1,15
2744010,"Urban Jungle","",,"₹ 570",85.48,"Mar 2025",7068,5,251
416770,"SquareCells","",,"₹ 155",85.47,"Dec 2015",978,6,136
337150,"Sentinels of the Multiverse","",,"₹ 480",85.47,"Dec 2014",4708,12,330
686770,"The Wind and Wilting Blossom","",,"₹ 480",85.46,"Dec 2020",1622,0,35
1305080,"GearBlocks","",,"₹ 690",85.46,"Nov 2023",5489,24,247
2995530,"Escape from Hornhead","",,"Free",85.45,"Jun 2024",36,0,10
1107230,"The 13th Doll: A Fan Game of The 7th Guest","",,"₹ 529",85.45,"Oct 2019",859,1,77
1424870,"Cross Maid","",,"₹ 154",85.45,"Aug 2021",737,0,17
595790,"Hell is Other Demons","",,"₹ 349",85.45,"May 2019",2392,0,28
1182090,"Mr. Pumpkin 2: Kowloon walled city","",,"₹ 300",85.45,"Nov 2019",1471,2,108
664830,"Zombotron","",,"₹ 459",85.45,"Apr 2019",10336,3,195
2707870,"Streetdog BMX","",,"₹ 1100",85.44,"Jan 2026",1837,3,92
3347620,"Deadland: Fallen Apartment 禁闭乐园：堕罪之寓","",,"₹ 200",85.44,"Sep 2025",1463,6,54
3912310,"blank_01","",,"Free",85.44,"Aug 2025",130,0,10
3133310,"Jackal Demo","Demo",,"Free",85.44,"Sep 2025",0,1,86
3642000,"Space Warlord Baby Trading Simulator","",-20%,"₹ 719",85.44,"Jan 2026",3346,10,616
1807080,"Ghost Exile","",,"₹ 459",85.44,"Jan 2022",7632,24,476
1958400,"That's Not How it Happened","",,"Free",85.43,"Aug 2022",199,0,3
1376420,"StopGate","",,"Free",85.43,"Sep 2020",1841,0,175
3146700,"Oneiro Man","",,"Free",85.42,"Nov 2024",104,0,6
1750600,"Crate Mates","",,"₹ 199",85.42,"Feb 2022",121,0,11
1779180,"Knight's Try","",,"₹ 349",85.42,"Jan 2022",670,0,33
3100370,"Black Jacket","",,"₹ 699",85.42,"May 2026",6164,186,1366
1681480,"The Repairing Mantis","",,"₹ 219",85.41,"Sep 2021",398,0,5
1325880,"Eternal Hope: Prologue","",,"—",85.41,"Jun 2020",932,0,73
1158220,"Kraken Academy!!","",-80%,"₹ 162",85.41,"Sep 2021",4381,1,119
3034390,"Apocalypse Secrets","",,"Free",85.40,"Jun 2024",17,0,5
1535490,"Eggcelerate!","",,"₹ 480",85.40,"Mar 2021",283,0,18
420840,"BLARP!","",,"₹ 169",85.40,"Apr 2016",316,0,9
3640210,"Thank You For Your Application Demo","Demo",,"Free",85.40,"Apr 2025",0,40,445
467360,"Off-Peak","",,"Free",85.40,"Feb 2015",2779,0,66
3150440,"Laundry Store Simulator","",,"₹ 550",85.40,"Dec 2024",3618,34,1790
3913270,"Slimeward","",,"₹ 159",85.39,"Apr 2026",361,27,323
2575060,"Lively Chair Simulator","",,"Free",85.39,"Oct 2023",440,3,140
2423270,"Pilo and the Holobook","",,"₹ 304",85.38,"Apr 2025",1318,1,26
3162110,"Space Cycle","",,"₹ 105",85.38,"Oct 2024",1721,0,60
3755320,"BakeryDiary","",,"₹ 400",85.38,"Mar 2026",800,330,1138
3737620,"Marisa!ReturnTheBook!","",,"₹ 300",85.38,"Nov 2025",1937,12,911
416690,"Oh...Sir! Prototype","",,"Free",85.38,"Dec 2015",2073,1,223
2143770,"Drift racing car","",,"₹ 160",85.37,"Sep 2022",2440,0,412
1213220,"IRON GUARD","",-60%,"₹ 183",85.37,"Sep 2021",939,0,18
255300,"Journey of a Roach","",-85%,"₹ 51",85.37,"Nov 2013",2499,63,2011
407130,"Tank Mechanic Simulator","",-89%,"₹ 58",85.37,"Feb 2020",42146,223,5022
3077190,"Super reaKtor","",,"₹ 110",85.35,"Nov 2025",128,0,12
1940410,"Starri","",,"₹ 810",85.35,"Oct 2023",796,1,31
1585910,"Roll","",,"₹ 250",85.35,"May 2021",699,0,223
1641500,"The Blind Of The New World","",,"₹ 349",85.34,"May 2021",385,0,14
1418830,"Sayonara Golden Days","",,"₹ 85",85.34,"May 2021",358,0,8
3137530,"Escape from Mutation Station","",,"₹ 200",85.34,"Mar 2025",145,0,13
2387460,"Aureole - Wings of Hope","",-40%,"₹ 366",85.34,"May 2025",633,0,23
401810,"Poi","",,"₹ 480",85.34,"Feb 2017",2870,1,146
2710480,"The Wife Next Door","",,"₹ 770",85.33,"Nov 2024",15901,168,1042
1568590,"Goose Goose Duck","",,"Free",85.33,"Oct 2021",131276,3346,702845
875930,"Rehtona  幻境双生","",,"₹ 419",85.32,"Jan 2019",1601,0,28
922100,"Nauticrawl","",,"₹ 690",85.32,"Sep 2019",3765,2,49
2336830,"Rogue Blight Demo","Demo",,"Free",85.31,"Dec 2024",0,0,66
2119650,"Convenience Stories","",,"₹ 635",85.31,"Jun 2023",1488,13,271
1084480,"Wanna Survive","",,"₹ 399",85.31,"Aug 2019",1571,0,51
746920,"Rapid Tap","",,"Free",85.31,"Jan 2018",390,0,25
642560,"Art Of Gravity","",-50%,"₹ 52",85.31,"Jun 2017",812,0,211
3925760,"Unfair Flips","",,"₹ 105",85.31,"Sep 2025",961,32,438
434370,"Buried: An Interactive Story","",,"₹ 169",85.30,"Jan 2016",667,0,78
3693720,"Concerto on White: Cajon Story","",,"₹ 450",85.29,"Dec 2025",159,0,16
2723730,"Scarlet Deer Inn Demo","Demo",,"Free",85.29,"Aug 2024",0,0,62
3016170,"Insects Awaken Prologue","",,"—",85.29,"Aug 2024",227,0,30
3229910,"Later","",,"₹ 155",85.29,"Jun 2025",195,0,10
1649630,"Berserk Mode","",,"₹ 299",85.29,"May 2023",1573,0,18
733050,"Lines Infinite","",,"₹ 105",85.29,"Nov 2017",675,1,21
2587770,"The Stalked","",,"₹ 155",85.28,"Mar 2024",940,0,17
3177890,"Rana Card","",,"₹ 610",85.28,"Sep 2025",4170,38,4451
3743400,"Drunken Rogue Demo","Demo",,"Free",85.27,"May 2025",0,0,25
4230120,"Mute","",,"₹ 345",85.27,"Jan 2026",187,0,126
2081180,"SquishCraft","",,"₹ 259",85.27,"Jul 2022",187,1,26
2733920,"Cat Search in Feudal Japan","",,"₹ 52",85.27,"Feb 2024",100,0,11
3734400,"Creepy Shift: Uncle Joe’s Motel","",-35%,"₹ 224",85.27,"Mar 2026",561,3,48
1297720,"Starstruck: Prologue","",,"—",85.27,"May 2020",609,0,33
2752720,"Dice Player One","",,"₹ 690",85.27,"Sep 2024",1708,2,540
3072450,"FAKEBOOK","",,"₹ 690",85.27,"Nov 2024",619,4,346
1520500,"Succubus Cafe","",,"₹ 699",85.27,"May 2021",40401,1,352
2739460,"Esports Godfather Origin","",,"—",85.26,"Jan 2024",1233,0,598
1613680,"Arrow Sudoku","",,"₹ 199",85.25,"May 2021",144,0,61
1933180,"Varney Lake","",,"₹ 480",85.25,"Apr 2023",535,0,8
3815530,"Cockroach!","",,"₹ 52",85.25,"Aug 2025",69,0,36
3223000,"Roombattle","",,"₹ 375",85.25,"Mar 2026",361,0,18
1229060,"Dungeon and Puzzles","",,"₹ 299",85.25,"Jan 2021",1236,0,55
4100440,"Black Jacket Demo","Demo",,"Free",85.25,"Nov 2025",0,5,390
373970,"Letter Quest: Grimm's Journey Remastered","",,"₹ 299",85.25,"Aug 2015",1383,1,1284
1483370,"The Use of Life","",,"₹ 880",85.25,"Nov 2025",5947,8,205
1294420,"Rollerdrome","",-75%,"₹ 424",85.25,"Aug 2022",10733,2,542
727730,"Shiver","",,"Free",85.24,"Oct 2017",628,0,13
1107300,"Down in Bermuda","",,"₹ 529",85.24,"Jan 2021",2480,5,188
3196180,"Trivia About You","",,"₹ 690",85.23,"Apr 2026",1329,9,209
1348160,"Turn on the light","",,"₹ 52",85.23,"Jul 2020",204,0,6
4546880,"Breaking Armor Demo","Demo",,"Free",85.22,"Apr 2026",0,6,167
1677140,"CUCCCHI","",,"₹ 299",85.22,"Jul 2021",435,0,4
1174090,"Unicorn Tails","",,"₹ 349",85.22,"Jun 2020",499,2,27
4303790,"Acrolyte Demo","Demo",,"Free",85.22,"Jan 2026",0,0,44
2191490,"Pocket Academy 3","",,"₹ 329",85.22,"Jul 2023",1204,0,164
1437500,"Dread X Collection 3","",,"₹ 349",85.22,"Oct 2020",1151,0,103
1297330,"Olija","",,"₹ 690",85.22,"Jan 2021",5835,0,81
1142500,"Fun with Ragdolls: The Game","",,"₹ 459",85.22,"Sep 2019",6687,19,490
1108370,"Ratropolis","",,"₹ 499",85.21,"Dec 2020",23339,27,1470
2614480,"PortalSnake","",,"₹ 345",85.20,"Dec 2023",143,1,11
4141860,"Tail of Glory","",,"₹ 250",85.20,"May 2026",117,1,8
4078150,"Nekotype Keyboard Cat Simulator","",,"₹ 200",85.20,"Dec 2025",153,3,35
1759150,"Space Control","",,"₹ 880",85.20,"Apr 2026",354,0,19
3133340,"Velvet 89","",,"Free",85.20,"Oct 2024",325,0,14
1140570,"A Street Cat's Tale","",,"₹ 199",85.20,"Sep 2019",1012,0,18
751280,"Snail Trek - Chapter 1: Intershellar","",,"Free",85.19,"Nov 2017",226,0,4
2415960,"Femboy Aim Trainer","",,"₹ 52",85.19,"Jun 2024",924,5,25
1649080,"Two Point Campus","",,"₹ 1000",85.19,"Aug 2022",53907,292,7553
2649800,"Vinecard","",,"₹ 480",85.18,"May 2025",250,0,23
1079000,"Ord.","",,"Free",85.18,"Jun 2019",779,0,14
3279830,"导演，请多多指教","",,"₹ 530",85.18,"Sep 2025",758,0,203
1783780,"OHV","",,"₹ 2200",85.18,"Dec 2024",12057,12,696
2862990,"Zerko","",,"₹ 155",85.17,"Mar 2024",139,0,9
1065070,"Été","",,"₹ 690",85.16,"Jul 2024",2759,0,69
2771600,"Maid Survivors : Little Angels","",,"₹ 450",85.16,"Aug 2025",1814,1,75
1258710,"BEAR, VODKA, FALL OF BERLIN! 🐻","",,"₹ 200",85.16,"May 2020",493,0,734
746710,"Cypher","",,"₹ 250",85.16,"Feb 2018",3907,3,201
2923390,"Clothing Store Simulator","",,"₹ 399",85.16,"Nov 2025",5039,8,975
2216130,"沉默的蟋蟀","",,"₹ 690",85.16,"Jul 2023",5180,66,4075
523210,"A Normal Lost Phone","",,"—",85.16,"Jan 2017",4145,0,452
513490,"1943 Berlin Blitz","",,"Free",85.15,"Oct 2018",659,0,20
1603640,"The House of Da Vinci 3","",,"₹ 990",85.15,"Dec 2022",5849,14,338
1782600,"Owlone in the Woods","",,"Free",85.14,"Jan 2022",276,0,29
765640,"Change","",,"₹ 199",85.14,"Dec 2017",3194,0,17
691160,"Electronauts - VR Music","",,"₹ 529",85.14,"Aug 2018",2219,0,69
596590,"Linked","",,"₹ 200",85.14,"Feb 2017",222,0,2308
2789460,"Ale Abbey - Monastery Brewery Tycoon","",-35%,"₹ 461",85.14,"Sep 2025",14401,37,923
2074630,"Little Nemo and the Guardians of Slumberland","",,"₹ 880",85.13,"Mar 2026",1686,3,49
548340,"Abode","",,"₹ 369",85.13,"Nov 2016",682,0,16
3521410,"Cats & Cups","",,"₹ 480",85.13,"Nov 2025",2466,25,331
698540,"Dungeon Warfare 2","",,"₹ 459",85.13,"Jul 2018",3979,8,684
4563820,"Coin Tavern Demo","Demo",,"Free",85.12,"Apr 2026",0,51,215
1412660,"Rivals","",,"₹ 300",85.12,"Sep 2020",204,0,6
1352020,"Yupitergrad 🚀(Virtual Reality Adventure)","",,"₹ 690",85.12,"Aug 2020",727,0,5
1660290,"Monmusu Gladiator","",,"₹ 250",85.12,"Jul 2021",803,2,28
522040,"Princess Remedy 2: In A Heap of Trouble","",,"₹ 480",85.12,"Sep 2016",1549,0,234
1337890,"Choice of Life: Middle Ages","",,"₹ 250",85.12,"Nov 2020",1986,1,96
1334910,"Space Slurpies","",,"₹ 199",85.11,"Apr 2021",122,0,8
3921850,"FIND KITTENS 5: Magic Tree","",-28%,"₹ 39",85.11,"Sep 2025",102,0,22
2946390,"Jump the Track","",,"₹ 480",85.11,"May 2025",482,0,13
1561090,"Sweet Dreams Alex","",,"₹ 690",85.11,"Oct 2023",782,0,24
566490,"Keen: One Girl Army","",,"₹ 199",85.11,"Jun 2020",1098,0,17
843440,"Pivot XL","",,"₹ 52",85.11,"May 2018",248,0,60
4150180,"Erma: The Game","",,"₹ 250",85.11,"Jan 2026",1444,0,71
760510,"Cat Burglar: A Tail of Purrsuit","",,"Free",85.11,"Mar 2019",2075,0,899
1536980,"Glass Masquerade 3: Honeylines","",,"₹ 250",85.11,"May 2023",1884,10,234
1027990,"Antenna Dilemma: Prologue","",,"Free",85.10,"Apr 2019",403,0,11
2065330,"Catto Pew Pew! CLASSIC","",,"Free",85.10,"Aug 2022",746,0,127
3034130,"Love is...","",,"₹ 480",85.09,"Aug 2024",987,1,28
3249100,"Virtual Interactive Fireplace","",,"Free",85.09,"Nov 2024",412,4,121
1116480,"Slender Threads","",,"₹ 880",85.09,"Feb 2025",4459,2,165
340520,"Tallowmere","",,"₹ 81",85.09,"Mar 2015",4869,1,567
1421760,"What Comes After","",-50%,"₹ 99",85.09,"Nov 2020",2190,0,17
1059980,"Just King","",,"₹ 250",85.09,"Dec 2023",4890,0,1247
3450230,"Starless Abyss Demo","Demo",,"Free",85.08,"Feb 2025",0,1,115
2543350,"KoroNeko","",,"₹ 450",85.08,"Jun 2024",239,0,22
3967210,"The seven days i spent with you Demo","Demo",,"Free",85.08,"Aug 2025",0,1,15
1384940,"Egression","",-50%,"₹ 264",85.08,"Oct 2022",637,0,16
2506090,"Twisted Tower Demo","Demo",,"Free",85.08,"Feb 2025",0,0,179
968420,"Fururu Project : Ruby","",,"₹ 199",85.07,"Feb 2019",811,0,13
3161220,"Coffee Talk Tokyo","",,"₹ 690",85.07,"May 2026",5798,83,354
1260590,"Hadean Tactics","",,"₹ 880",85.07,"Aug 2023",11046,15,2045
1214410,"Zooma VR","",,"₹ 219",85.06,"Aug 2020",684,0,28
1311640,"Swarm","",,"Free",85.06,"Jun 2020",531,0,29
2384920,"Firefighter Connor","",,"₹ 450",85.06,"Apr 2024",2172,1,325
684530,"Lance A Lot: Enhanced Edition","",,"₹ 299",85.05,"Sep 2017",720,0,18
3310000,"Chumini: Tiny Army","",,"₹ 250",85.05,"Jan 2026",485,1,62
3157310,"Tales of the Forgotten","",,"₹ 345",85.05,"Mar 2025",210,0,10
1259510,"Venge","",,"₹ 250",85.05,"Jul 2020",922,1,47
3850870,"Knights College 2","",,"₹ 1100",85.05,"Nov 2025",2042,10,1001
1073320,"Meteorfall: Krumit's Tale","",,"₹ 459",85.05,"Jul 2020",4419,4,174
2748340,"Goblin Cleanup","",,"₹ 1499",85.05,"Sep 2025",30279,18,3042
1485080,"Just Act Natural","",,"Free",85.05,"Mar 2022",8639,21,855
4216070,"DEMON WORK WALK ～hello work poke park 葛葉の魔界大作戦～","",,"Free",85.04,"Apr 2026",1173,7,816
4192250,"The Christmas Cackler","",,"₹ 129",85.04,"Dec 2025",70,0,9
2923230,"Rules & Rodents","",,"₹ 300",85.04,"Mar 2025",148,0,6
4114260,"lily's world XD Demo","Demo",,"Free",85.04,"Jun 2026",0,66,134
2627550,"Tulip","",,"Free",85.04,"Jan 2024",122,0,3
2746760,"100 Hidden Kooky - Sand & Sun","",,"₹ 79",85.04,"Jan 2024",76,0,7
3982130,"Hijong Park's Defender Patrol","",,"₹ 259",85.04,"Oct 2025",495,0,12
3487340,"Zavod","",,"₹ 250",85.04,"Feb 2025",1043,1,137
2311990,"Rack and Slay","",,"₹ 300",85.04,"May 2024",2179,4,177
1570980,"Love of Magic Book 2: The War","",,"₹ 459",85.03,"May 2022",1706,4,86
3376500,"Little Chef: Cozy Cooking","",,"₹ 400",85.03,"Mar 2026",1351,5,95
2535770,"黄毛漂流记","",,"—",85.03,"Feb 2024",18711,3,303
303610,"Suicide Guy","",-88%,"₹ 36",85.03,"Jul 2017",7128,25,735
426000,"HunieCam Studio","",,"₹ 345",85.03,"Apr 2016",19196,42,2675
3023620,"Idea Fix","",,"₹ 480",85.02,"Oct 2025",553,0,38
1895890,"9 Childs Street","",,"₹ 345",85.02,"Feb 2023",1471,0,30
4261860,"REPLACED Demo","Demo",,"Free",85.02,"Feb 2026",0,5,998
1048740,"Half Past Fate","",,"₹ 529",85.01,"Mar 2020",1842,0,16
435530,"The Final Station","",,"₹ 690",85.01,"Aug 2016",42694,17,1284
3221750,"The RPG Demo","Demo",,"Free",84.99,"Dec 2024",0,0,122
1137750,"Farmer's Life","",-29%,"₹ 820",84.99,"Oct 2023",15198,75,585
2269450,"Eye 4 Eye","",,"Free",84.98,"Jun 2023",147,0,7
3362960,"Twinkleby","",-40%,"₹ 462",84.98,"Sep 2025",2719,4,124
1594410,"Hellevator","",,"Free",84.98,"May 2021",732,0,47
1111450,"Youth Feather","",,"₹ 155",84.98,"Aug 2019",1636,0,503
252670,"Nihilumbra","",,"₹ 349",84.98,"Sep 2013",10187,1,2740
1385880,"五五午时书","",,"Free",84.97,"Aug 2020",1218,0,22
750470,"War Brokers","",,"₹ 250",84.97,"Apr 2018",1033,4,40
1197370,"Suite 776","",,"₹ 200",84.97,"Dec 2019",1418,1,22
4475540,"SKINFACE Demo","Demo",,"Free",84.96,"Mar 2026",0,1,12
1228430,"Pair-a-Site","",,"Free",84.96,"Dec 2019",83,0,11
2949740,"Lens Adventure","",,"Free",84.96,"Jun 2024",196,0,5
2494440,"Toy Trains","",,"₹ 690",84.96,"Jan 2024",694,0,8
1529810,"Psycholonials","",,"Free",84.96,"Feb 2021",1411,1,303
2741070,"I'll be Brave, Tomorrow","",,"₹ 570",84.95,"Sep 2024",205,0,6
1771440,"Bomb Club Deluxe","",,"₹ 415",84.95,"Mar 2022",141,0,14
3157200,"Cupid's Chatroom Demo","Demo",,"Free",84.95,"May 2025",0,1,29
3396670,"I Write Games Not Tragedies","",,"₹ 610",84.95,"Nov 2025",276,0,6
699170,"Fell Seal: Arbiter's Mark","",,"₹ 1300",84.95,"Apr 2019",37180,44,1791
1115690,"Yes, Your Grace","",,"₹ 529",84.95,"Mar 2020",40381,16,3337
1278210,"Space Raiders in Space","",-75%,"₹ 87",84.94,"Dec 2020",1011,2,11
513450,"Drop Alive","",,"Free",84.93,"Dec 2016",5776,0,255
2938850,"Sakura Hime 5","",,"₹ 200",84.92,"Feb 2025",1018,0,55
1598370,"Vojo","",,"₹ 105",84.92,"Apr 2021",187,0,24
2076250,"Sunday Gold: Prologue","",,"—",84.91,"Aug 2022",813,0,19
1812060,"Yokai Art: Night Parade of One Hundred Demons","",,"₹ 345",84.91,"Sep 2022",5357,8,251
3028830,"Stranger Maidens Please Protect Me!","",-10%,"₹ 494",84.90,"Apr 2026",2739,15,109
416240,"Space Impossible","",,"₹ 419",84.90,"Mar 2016",1334,0,81
2806230,"Gaming Cafe Life","",,"₹ 300",84.90,"Jul 2024",327,0,97
1728830,"Space Docker VR","",,"₹ 459",84.90,"Dec 2021",961,0,40
299660,"6180 the moon","",,"₹ 229",84.90,"Sep 2014",1610,0,79
1989720,"Unpetrified: Echoes of Nature","",,"₹ 1662",84.89,"Nov 2025",1083,1,22
1747510,"An Architect's Adventure","",,"₹ 480",84.89,"Mar 2023",239,0,7
899270,"BlamBox","",,"Free",84.89,"Oct 2018",136,0,4
3094210,"Nullstar: Solus","",,"₹ 480",84.89,"Apr 2026",428,0,8
3202950,"Fresh Tracks","",,"₹ 1300",84.89,"Aug 2025",516,0,22
4017520,"Netoo","",,"Free",84.89,"Mar 2026",185,1,11
2909250,"Extreme Climbing","",,"₹ 400",84.89,"Jun 2024",286,1,5
1981560,"万词破 - 单词女友","",-15%,"₹ 586",84.89,"May 2026",3792,177,642
927990,"A Game About","",,"Free",84.89,"Nov 2018",792,0,30
1147940,"3dSen PC","",-30%,"₹ 489",84.88,"Jun 2025",6195,2,106
858810,"Dawn of Man","",-50%,"₹ 550",84.88,"Mar 2019",128185,272,23864
1699030,"Geo Mythica","",,"₹ 690",84.87,"Mar 2025",633,1,8
3013500,"Bunny Space Odyssey: FlopHop","",,"₹ 250",84.87,"Sep 2025",126,0,8
4463020,"Treasure's Mine!","",,"₹ 259",84.87,"Apr 2026",59,0,14
2075630,"Enelia: Dawn of Madness","",,"₹ 400",84.87,"Jul 2024",681,0,12
1094030,"Lurk in the Dark : Prologue","",,"Free",84.87,"Nov 2019",8029,1,101
845030,"Evergate","",,"₹ 704",84.86,"Sep 2020",1431,0,20
2685840,"Pastel☆Parade","",-25%,"₹ 547",84.86,"Aug 2025",1290,3,100
1920100,"Backfirewall_","",,"₹ 467",84.86,"Jan 2023",2340,0,86
2579550,"Salvo Shuffle","",,"Free",84.85,"Aug 2024",97,0,26
282760,"Circuits","",,"₹ 259",84.85,"Apr 2014",3155,0,375
3439320,"Red or Blue","",,"₹ 200",84.84,"Mar 2025",66,0,39
774221,"Nekomew's Potty Trouble","",,"₹ 165",84.84,"Jan 2018",434,0,9
3002620,"Football Referee Simulator","",,"₹ 52",84.84,"Jun 2024",344,1,75
1257850,"SOLAS 128","",,"₹ 690",84.83,"Jan 2021",749,2,22
2026870,"Night At the Gates of Hell","",,"₹ 399",84.83,"Sep 2022",2475,1,108
907470,"Iris.Fall","",,"₹ 459",84.83,"Dec 2018",14613,2,172
885950,"Airranger","",,"₹ 379",84.82,"Aug 2019",985,0,21
1309200,"3D Math - Ultra","",,"₹ 250",84.82,"May 2020",761,0,23
389650,"Stardust Galaxy Warriors: Stellar Climax","",,"₹ 369",84.82,"Nov 2015",1632,0,30
2475040,"纯爱独白：小小 Purelove Monologue: Xiaoxiao","",,"₹ 250",84.82,"Mar 2024",2406,1,71
4535860,"The Way Home | 집으로 가는 길","",,"₹ 155",84.81,"Apr 2026",78,0,10
259780,"Nimble Quest","",,"₹ 259",84.81,"Dec 2013",704,0,321
244430,"realMyst: Masterpiece Edition","",,"₹ 839",84.81,"Feb 2014",10697,2,292
1823930,"Wavetale","",-83%,"₹ 185",84.81,"Dec 2022",6778,5,325
2995650,"Dungeons of Dreadrock 2 - The Dead King's Secret","",,"₹ 690",84.80,"Dec 2024",506,0,12
1785940,"COVEN","",,"₹ 690",84.80,"Oct 2024",3913,0,35
2333240,"Logic Town","",,"₹ 480",84.80,"Nov 2023",523,16,48
745330,"StrikeForce Kitty","",,"₹ 480",84.80,"Feb 2018",1551,7,1102
1335530,"Alisa","",,"₹ 499",84.80,"Oct 2021",6598,3,105
1767320,"그레텔과 윈슬로의 별장","",,"Free",84.79,"Jan 2022",270,3,231
1249510,"Hnefatafl","",,"₹ 349",84.78,"Apr 2020",405,0,8
2550630,"808s&Genetics","",,"₹ 105",84.78,"Aug 2023",125,1,25
2428800,"Nom Nom: Cozy Forest Café","",-30%,"₹ 281",84.78,"Jan 2026",2217,0,45
468820,"Titans of Space PLUS","",,"₹ 349",84.78,"Dec 2019",1424,0,23
1762480,"Karisvale","",,"Free",84.78,"Apr 2022",367,0,17
618510,"Battle Bruise","",,"₹ 42",84.78,"Apr 2017",387,0,1192
2894960,"Inverted Angel","",,"₹ 345",84.78,"Jul 2024",1655,1,379
2758000,"Vanity Fair: The Pursuit","",,"₹ 530",84.78,"Feb 2024",13847,9,2870
2635340,"yahtzee girl","",,"₹ 155",84.77,"Nov 2023",3095,3,105
3019550,"Riddlewood Manor","",,"₹ 690",84.76,"Oct 2025",802,1,52
899190,"A Piece of Wish upon the Stars","",,"₹ 329",84.76,"Nov 2018",823,0,27
451020,"Battle Chasers: Nightwar","",,"₹ 999",84.76,"Oct 2017",66308,21,5375
3529690,"Creepy Tale: Snow Child","",,"₹ 595",84.75,"May 2026",948,22,165
661790,"Witch Hunt","",,"₹ 349",84.75,"Sep 2018",22271,0,130
893030,"Music Racer","",,"₹ 85",84.75,"Jul 2018",2309,3,18509
3478050,"Road to Empress I","",,"₹ 586",84.75,"Sep 2025",19523,297,17170
1983700,"Mega Mall Story 2","",,"₹ 329",84.74,"Mar 2023",662,1,67
2682570,"魔方谏言","",,"Free",84.74,"Jan 2024",156,0,8
2087290,"BVOVB - Bruising Vengeance of the Vintage Boxer","",,"Free",84.74,"Aug 2022",161,0,4
4096800,"GLONK","",,"₹ 155",84.74,"Nov 2025",309,6,161
1829470,"Melody's Escape 2","",,"₹ 690",84.74,"Sep 2022",1771,0,70
1540150,"Crazy Flasher Series 2021","",,"₹ 52",84.74,"Feb 2021",5546,12,916
2244130,"Ratopia","",,"₹ 960",84.74,"May 2025",36820,232,5772
1319790,"Yogurt Commercial 3","",,"₹ 349",84.73,"May 2021",138,0,9
470440,"Matris","",,"₹ 259",84.73,"Jun 2016",132,0,28
1614340,"Matchsticks - Coffee Break Club","",,"₹ 105",84.73,"Jul 2021",143,0,9
1448600,"Sheepy","",,"Free",84.73,"Jul 2021",447,0,22
779090,"Umfend","",,"₹ 480",84.73,"Oct 2018",1102,0,21
2685900,"Mind Over Magnet","",,"₹ 480",84.73,"Nov 2024",3217,5,462
712050,"Otaku's Fantasy","",,"—",84.73,"Oct 2017",13193,2,370
527190,"WORLD END ECONOMiCA episode.03","",,"₹ 610",84.72,"Dec 2016",1255,1,264
4154070,"The Loopler Demo","Demo",,"Free",84.72,"Feb 2026",0,25,543
2951340,"Moonless Moon","",,"₹ 480",84.72,"Aug 2024",2228,1,42
233740,"Organ Trail: Director's Cut","",,"₹ 199",84.72,"Mar 2013",7877,5,4629
741990,"Wild Animal Sports Day","",,"₹ 250",84.71,"Aug 2018",781,0,23
3926160,"Skewer Squad","",,"₹ 492",84.71,"Feb 2026",1163,14,907
3062380,"Mash Box","",,"Free",84.71,"Oct 2024",790,15,259
2918520,"Dragon Spirits 2 : Prologue","",,"Free",84.70,"Jul 2024",249,0,195
3963520,"Unusual Tales: Deep Below","",,"₹ 345",84.70,"Jan 2026",234,0,10
1078960,"The Saga of Nino's Transmigration (尼諾的異世界物語 ~ 光與影與各自的信仰 ~)","",,"Free",84.70,"Jul 2019",1070,0,24
1515800,"Welcome Back","",,"₹ 105",84.69,"Oct 2021",77,0,4
1114620,"Cloak and Dasher","",,"₹ 250",84.69,"Feb 2020",112,0,7
4164140,"Break Shoot","",,"₹ 259",84.69,"Apr 2026",223,1,22
2599950,"Backwoods Town","",,"₹ 450",84.69,"Nov 2023",1139,0,48
2762810,"Winter Cats","",,"Free",84.69,"Feb 2024",2647,0,67
1569580,"Blue Prince","",-40%,"₹ 780",84.69,"Apr 2025",56354,998,19243
346820,"Crash Drive 3","",,"₹ 880",84.68,"Jul 2021",1150,3,35
970510,"蓝宝石般的被害妄想少女/Damsel with persecutory delusion","",,"₹ 250",84.68,"Nov 2018",1483,8,207
970830,"The Dungeon Of Naheulbeuk: The Amulet Of Chaos","",-80%,"₹ 151",84.68,"Sep 2020",51466,59,4878
2686900,"Churn Vector","",,"₹ 690",84.67,"Jan 2024",5291,7,261
863500,"All Quiet in the Trenches","",-20%,"₹ 880",84.67,"Jan 2024",12006,10,196
1848490,"You Are NOT Bunnygirl","",,"₹ 480",84.66,"Dec 2025",578,0,16
1316200,"House Sitter","",,"₹ 199",84.66,"May 2020",227,0,15
1014140,"Snakebird Primer","",,"₹ 299",84.66,"Feb 2019",382,0,14
1957760,"Islands & Trains","",-40%,"₹ 207",84.66,"May 2025",7631,3,167
4014060,"Mythic Love: Iberian Legends Demo","Demo",,"Free",84.65,"Oct 2025",0,1,10
3849780,"KORRIDOR Demo","Demo",,"Free",84.65,"Sep 2025",0,0,39
3014090,"Get Up In The Night","",,"₹ 345",84.65,"Jan 2026",42,0,9
1428370,"times infinity","",,"₹ 105",84.65,"Apr 2021",140,0,9
2834320,"Exographer","",-50%,"₹ 440",84.65,"Sep 2024",1295,0,19
2202770,"Pizza Hero","",,"₹ 105",84.65,"Jun 2024",997,1,9956
994340,"Cat and Ghostly Road","",-50%,"₹ 240",84.64,"Feb 2020",789,0,9
290770,"The Fall","",,"₹ 369",84.64,"May 2014",12047,0,423
888990,"雨上がりのハナビィ Ameagari no Hanaby","",,"₹ 700",84.63,"Sep 2018",626,0,17
449240,"Stormworm+","",,"Free",84.63,"May 2016",191,0,11
3583310,"Hellkind","",,"Free",84.63,"Jun 2025",410,1,15
715510,"Run Zeus Run","",,"Free",84.63,"Oct 2017",734,0,114
399670,"Game Corp DX","",,"₹ 155",84.63,"Oct 2015",8721,2,498
3450480,"Figure it Out!","",,"Free",84.62,"Feb 2025",134,0,25
489110,"Putty Pals","",,"₹ 369",84.62,"Feb 2017",1271,0,12
1236560,"The Dawn of Art","",,"Free",84.62,"Feb 2020",701,0,11
374410,"TransPlan","",,"₹ 155",84.62,"Jun 2015",938,0,27
1256060,"Cosmodread","",,"₹ 459",84.62,"Mar 2021",2328,0,45
1132880,"The Pilgrim","",,"Free",84.61,"Jun 2019",278,0,8
2098470,"What if George Washington was a Girl?","",,"Free",84.61,"Aug 2022",247,0,9
1719690,"MerFight","",,"₹ 399",84.60,"Feb 2024",392,0,16
561260,"The Rabbit and The Owl","",,"₹ 349",84.60,"Aug 2018",548,0,7
4034190,"For the Fish in the Bottle","",,"Free",84.60,"Jun 2026",119,2,10
2384130,"Shell of a King","",,"₹ 499",84.60,"Apr 2026",449,0,7
3570280,"Upfall","",,"Free",84.60,"May 2025",105,0,6
4429700,"Which Sausage, Mate?","",,"₹ 250",84.60,"Apr 2026",535,0,51
2303420,"Bubumbu","",,"₹ 52",84.60,"Feb 2025",204,0,7
2562620,"The Palace on the Hill","",,"₹ 305",84.60,"Jun 2024",739,1,8
2764590,"Monster: Titan's Playground","",,"₹ 1300",84.59,"Jul 2025",1792,9,168
1843350,"RUKIMIN's Disappointing Adventure!","",,"Free",84.59,"May 2022",468,0,66
436390,"Prison Run and Gun","",,"₹ 200",84.59,"Mar 2016",689,0,920
1191580,"Nexomon","",,"₹ 349",84.59,"Jul 2020",5811,9,259
1647160,"Deepest Sword","",,"Free",84.59,"Jun 2021",5101,12,345
4209240,"All About Luck","",-15%,"₹ 466",84.58,"May 2026",160,53,72
1305730,"Way To Yaatra","",,"Free",84.58,"May 2020",612,0,46
2835030,"Dino Cats","",,"Free",84.58,"Aug 2024",404,1,17
1239320,"Animal Shelter","",-85%,"₹ 132",84.58,"Mar 2022",30358,39,1750
4175410,"PSI: Pressure Climbing Demo","Demo",,"Free",84.57,"Feb 2026",0,1,10
1285060,"Winter Falling: Battle Tactics","",-24%,"₹ 546",84.57,"Nov 2022",4720,1,68
1110690,"Banter Schooldays!!三〇一室无一人","",,"₹ 165",84.57,"Nov 2019",1488,0,113
732370,"Juicy Realm","",,"₹ 349",84.57,"May 2018",15868,6,1944
4048350,"Secret Lab Cleaner Demo","Demo",,"Free",84.56,"Nov 2025",0,0,625
1266210,"Through the Nightmares","",-60%,"₹ 352",84.56,"Jun 2025",1236,0,13
761620,"Beholder 2","",-85%,"₹ 121",84.56,"Dec 2018",36077,40,1981
2685230,"Where Sacabamba Aspises 萨卡班甲鱼在哪里","",,"₹ 52",84.55,"Dec 2023",99,0,6
591680,"Taphouse VR","",,"Free",84.55,"Sep 2018",646,1,39
575550,"Hell Girls","",,"—",84.55,"Jan 2017",11135,1,1688
2191480,"Jumbo Airport Story","",,"₹ 329",84.54,"Jun 2023",1969,8,531
1592750,"Anode Heart","",,"₹ 810",84.54,"Nov 2023",4528,4,224
944080,"Pode","",,"₹ 529",84.54,"Apr 2020",3398,11,53
1011510,"Wizard And Minion Idle","",,"Free",84.54,"Feb 2019",757,130,729
2145460,"Foodslingers","",,"₹ 480",84.53,"Mar 2026",427,3,21
3448760,"TRACE Definitive Edition","",,"₹ 480",84.53,"Nov 2025",324,0,43
1122880,"Stones of Solace","",,"Free",84.53,"Aug 2019",384,0,13
1944060,"Super Alloy Ranger","",,"₹ 349",84.53,"Sep 2022",3304,0,47
474750,"Reigns","",,"₹ 155",84.53,"Aug 2016",23309,8,1612
3273530,"1998: The Toll Keeper Story","",,"₹ 570",84.52,"Oct 2025",1961,6,148
1067600,"The Defender: Farm and Castle","",,"Free",84.52,"May 2019",867,0,356
2323660,"Headlong Hunt","",,"₹ 570",84.51,"Sep 2023",131,0,6
2258090,"Goosey Guess","",,"₹ 250",84.51,"Jul 2023",62,0,6
2188690,"朱鹭子的奇妙冒险","",,"₹ 300",84.51,"Apr 2023",193,0,10
2093590,"Moorhuhn X - Crazy Chicken X","",,"₹ 250",84.51,"Oct 2022",337,1,11
2923220,"Cats Balance","",-50%,"₹ 77",84.51,"Apr 2024",100,0,5
2381050,"Hyper Hentai Elf Attendant","",,"₹ 52",84.51,"Apr 2023",286,0,10
804530,"Cubism","",,"₹ 349",84.51,"Sep 2020",354,1,5
1364690,"First Racer","",,"₹ 260",84.51,"Apr 2023",479,5,35
975270,"军团战棋Legion War","",,"₹ 349",84.51,"Jul 2021",5333,10,226
1032790,"Journey of Greed","",,"₹ 345",84.51,"Oct 2019",5769,4,491
2763740,"Revolution Idle","",,"Free",84.51,"May 2025",3408,6573,20515
656550,"Shadow Bug","",,"₹ 219",84.50,"Jul 2017",800,0,8
2964410,"NETHER HEROES","",,"Free",84.50,"Jun 2024",1263,1,294
1872740,"你画我拼You draw I puzzle","",,"Free",84.49,"Feb 2022",123,0,30
4151170,"The Plant Shop Demo","Demo",,"Free",84.49,"Dec 2025",0,0,7
2840890,"Nekokami - The Human Restoration Project","",-27%,"₹ 591",84.49,"Apr 2026",685,3,23
2439780,"Godzilla Voxel Wars","",,"₹ 690",84.49,"Oct 2023",1006,0,23
2877340,"Star Leaping Story:prologue","",,"Free",84.49,"Apr 2024",146,0,19
1451720,"Minesweeper Classy","",,"₹ 139",84.49,"Dec 2020",114,5,18
670610,"Swaps and Traps","",,"₹ 329",84.48,"Feb 2018",668,0,12
1956960,"PUNIHI LOADER 2","",,"₹ 610",84.48,"Dec 2023",1105,0,63
1000640,"Clam Man","",,"₹ 349",84.48,"May 2019",474,0,7
1310510,"Handy Harry's Haunted House Services","",,"₹ 250",84.48,"Jul 2020",1083,0,65
2187320,"Ninza","",,"Free",84.47,"Aug 2024",291,1,28
1106830,"Rainbow Billy: The Curse of the Leviathan","",,"₹ 529",84.47,"Oct 2021",1535,0,33
1024160,"Lord Winklebottom Investigates","",,"₹ 519",84.47,"Jul 2022",1706,0,36
2390260,"Topple Tactics","",,"₹ 480",84.47,"Oct 2023",3011,1,551
1291010,"Warpips","",-85%,"₹ 120",84.47,"Apr 2022",18041,52,2136
4258630,"Evil School Demo","Demo",,"Free",84.46,"Feb 2026",0,2,101
1495940,"WhiteClothes","",,"Free",84.46,"May 2023",957,4,181
1832050,"All Quiet Roads","",,"₹ 105",84.46,"Apr 2022",498,1,65
1692430,"Larry The Unlucky Part 1","",,"Free",84.46,"Aug 2021",245,0,32
2871140,"The Real Face of a VTuber","",-15%,"₹ 484",84.46,"Jan 2026",1343,4,148
3324650,"Kats Trigger","",-20%,"₹ 320",84.46,"Dec 2025",2657,11,64
3017380,"100 Egypt Cats","",-71%,"₹ 32",84.44,"Apr 2025",641,0,10
1853840,"Polygunners","",,"Free",84.44,"Jan 2022",169,1,18
4160320,"Pigment","",,"Free",84.44,"Dec 2025",226,0,8
2685220,"Where Pandas 熊猫在哪里","",,"₹ 52",84.44,"Dec 2023",107,0,7
3082030,"Microtopia: Prologue","",,"Free",84.44,"Oct 2024",1136,2,48
2435310,"Stunt Paradise","",,"₹ 400",84.44,"Mar 2024",432,0,16
716010,"Inline","",,"Free",84.44,"Jun 2018",266,0,11
2445140,"Turn on the light - Jigsaw","",,"Free",84.44,"Oct 2023",151,0,45
821880,"Idol Manager","",,"₹ 529",84.44,"Jul 2021",22967,38,2930
2289750,"Super Fantasy Kingdom","",-50%,"₹ 299",84.44,"Oct 2025",41174,454,12672
1213740,"She Will Punish Them","",,"₹ 479",84.43,"Apr 2020",101984,22,15711
1810670,"Cat Detective Albert Wilde","",,"₹ 570",84.42,"Jan 2025",1704,0,17
931700,"Shooting Hurts","",,"Free",84.42,"Sep 2018",282,0,33
491420,"the 9th day:第九日","",,"₹ 359",84.42,"Feb 2017",3574,1,67
4583670,"Floppy-Ear Chaos","",,"₹ 469",84.41,"May 2026",33,0,20
3005990,"ハチバンバスピス","",,"₹ 105",84.41,"Jul 2024",118,0,36
2276040,"FROGGONIT","",,"₹ 480",84.41,"Mar 2026",551,0,13
1285270,"Farm Your Friends","",,"₹ 480",84.41,"May 2025",592,0,15
3309380,"Love In Tiny Spaces","",-60%,"₹ 155",84.41,"Jul 2025",325,0,9
1099500,"The Curious Tale of the Stolen Pets","",,"₹ 345",84.41,"Nov 2019",1695,0,15
4030290,"Mamon King","",,"₹ 610",84.41,"Dec 2025",2410,3,5002
2101280,"The Pyraplex","",-43%,"₹ 187",84.40,"Feb 2023",399,4,26
4276860,"Puppeteer: No Strings Attached Demo","Demo",,"Free",84.40,"May 2026",0,0,24
1986140,"Last Time I Saw You - Demo","Demo",,"Free",84.40,"Jun 2022",0,0,18
2166690,"Savage: Ultimate Boss Fight","",,"₹ 250",84.40,"Jun 2024",274,1,16
1701890,"Heartless & Dreadful : Return by 72 Hours","",,"₹ 145",84.40,"Aug 2023",300,0,5
2081540,"Rustled Pete","",,"₹ 155",84.40,"Feb 2023",138,0,8
1192910,"食用系少女：美食內戰 Food Girls：Civil War","",,"₹ 529",84.40,"Dec 2019",1539,0,29
1110720,"The Last Companion-我与我行将离去的小友。","",,"₹ 85",84.40,"Oct 2019",503,0,7
1777390,"Robolife2 - Nova Duty","",,"₹ 690",84.40,"Mar 2023",20582,3,892
1730250,"Pan'orama","",,"₹ 650",84.40,"May 2023",8364,10,573
493540,"Figment","",-80%,"₹ 105",84.40,"Sep 2017",9642,12,4232
3991720,"Sisters Connect","",,"₹ 730",84.39,"Dec 2025",846,2,35
714280,"Time Up","",,"₹ 79",84.39,"Oct 2017",492,0,7
663370,"The Zwuggels - A Beach Holiday Adventure for Kids","",,"₹ 169",84.39,"Jul 2017",367,0,11
4149620,"Low Poly Mouse Game","",,"Free",84.39,"Dec 2025",209,0,18
3342800,"Ghostwriter Workshop","",,"₹ 530",84.39,"Nov 2025",875,0,43
311930,"Tinertia","",,"₹ 459",84.38,"Sep 2015",1075,0,18
2546090,"At Winter's End","",,"Free",84.38,"Nov 2023",276,0,7
3032640,"Gravitational Phenomenon","",,"Free",84.38,"Jun 2024",28,0,2
722870,"The Mind of Marlo","",,"Free",84.38,"Oct 2017",255,0,5
2002220,"Keeper's Toll","",,"₹ 345",84.38,"Oct 2024",3451,3,623
842910,"The MISSING: J.J. Macfield and the Island of Memories","",,"₹ 699",84.38,"Oct 2018",10284,1,84
2606920,"Field of Honor","",,"₹ 250",84.37,"Mar 2024",620,0,8
2083250,"RUKIMIN's Disappointing Adventure! ~SHOBOMI AND THE PHANTOM RUINS~","",,"Free",84.37,"Sep 2022",229,0,26
1041210,"Mission: It's Complicated","",,"Free",84.37,"Feb 2020",482,0,14
237760,"Intake","",,"₹ 369",84.37,"Nov 2013",487,0,128
1220010,"Home Behind 2","",,"₹ 529",84.37,"Feb 2022",28364,163,20081
1453600,"Night Reverie: Prologue","",,"Free",84.36,"Nov 2020",840,0,26
923370,"Cat Warfare","",,"Free",84.36,"Feb 2020",331,0,55
606480,"Flood of Light","",,"₹ 229",84.36,"Jun 2017",3266,0,26
421260,"Militia","",,"₹ 299",84.35,"Dec 2015",738,0,83
909820,"Songbird Symphony","",,"₹ 799",84.35,"Jul 2019",2650,0,60
763410,"Long Live Santa!","",,"Free",84.35,"Dec 2017",2686,0,400
2149420,"Dino Trauma","",,"₹ 610",84.34,"Apr 2023",3285,0,16
1156380,"One Dreamer","",,"₹ 479",84.34,"Sep 2022",4974,0,103
2239130,"Reviver","",,"₹ 380",84.33,"Jan 2025",1265,1,90
828030,"One Ping Only","",,"Free",84.33,"Apr 2018",437,0,13
699600,"PEG","",,"₹ 52",84.33,"Oct 2017",488,1,72
2728950,"Potty Knight Saga","",,"₹ 400",84.32,"Jun 2024",210,0,10
599840,"Planet RIX-13","",,"₹ 155",84.32,"May 2017",297,0,358
1829620,"Late Bird","",,"₹ 52",84.32,"Jan 2022",103,0,3
1579880,"The Light Brigade","",,"₹ 1100",84.32,"Feb 2023",5015,3,156
1375870,"川建国同志想要连任/Comrade Trump's Re-election","",,"₹ 155",84.32,"Sep 2020",2687,0,274
415000,"Gamer To Game Developer Series 3: Make A Game","Application",,"₹ 2099",84.31,"Mar 2016",1133,0,10
3905380,"EVERDAWN","",,"₹ 480",84.31,"Apr 2026",183,0,7
1149590,"Dreamland Solitaire","",-50%,"₹ 129",84.31,"Jan 2019",67,0,9
2204900,"STREET UNI X","",,"₹ 880",84.31,"Jun 2024",456,0,12
4311010,"EXE.CUTOR","",,"Free",84.31,"Feb 2026",187,0,13
2653530,"No.HazedHeart","",,"₹ 52",84.31,"Feb 2024",294,0,5
988310,"Viola: The Heroine's Melody","",,"₹ 459",84.31,"Feb 2021",772,0,11
431770,"Rivalry","",,"₹ 125",84.31,"Jan 2016",742,0,25
1011290,"Hotel R'n'R","",,"₹ 529",84.30,"May 2020",1136,0,19
694060,"Ignis Universia: Eternal Sisters Saga DX","",,"Free",84.30,"Dec 2020",785,0,13
652810,"Grabity","",,"Free",84.30,"May 2018",778,3,78
3389330,"Pathologic 3: Quarantine","",,"—",84.28,"Mar 2025",5530,1,2081
3689390,"Swamp Keeper","",,"₹ 200",84.27,"Oct 2025",368,0,39
4017450,"Villainy","",,"₹ 400",84.27,"Dec 2025",722,0,51
2445590,"A Completely Fictional Story About a City Inside a Whale","",,"₹ 400",84.27,"Mar 2026",1095,2,16
4149450,"Oriko Days","",,"₹ 52",84.27,"Jan 2026",229,0,35
2371130,"Duels of Fortune","",,"Free",84.27,"Dec 2023",496,1,27
1777000,"Cut to the Core","",,"₹ 125",84.27,"Aug 2022",455,0,6
1447820,"The Girl from Arkanya","",,"₹ 880",84.27,"Aug 2025",2430,4,55
486720,"Bastard Bonds","",,"₹ 379",84.26,"Apr 2016",8082,4,376
1984610,"Barbaria","",,"₹ 880",84.25,"Feb 2023",981,0,13
1004210,"Pandamonia 潘德莫尼亚","",,"₹ 52",84.25,"Jan 2019",274,0,8
2506730,"i feel very lonely and i don't remember myself","",,"Free",84.25,"Oct 2023",107,0,7
256460,"Cosmic Star Heroine","",-75%,"₹ 119",84.25,"Apr 2017",7230,2,224
1752060,"Wild Dogs","",,"₹ 480",84.24,"Apr 2023",612,0,5
3521210,"The Boba Teashop Demo","Demo",,"Free",84.24,"Feb 2025",0,0,12
2175200,"i love me, i love me not","",,"Free",84.24,"Oct 2022",94,0,3
2730270,"Sputnika Game","",,"Free",84.24,"Feb 2024",294,19,345
1063420,"Void Crew","",,"₹ 1199",84.24,"Nov 2024",59559,185,5716
3547790,"My Wife","",,"₹ 105",84.23,"Apr 2025",510,8,30
843430,"Righty Tighty XL","",,"₹ 52",84.23,"May 2018",245,0,60
1131740,"Snowdome","",,"₹ 259",84.23,"Jul 2020",586,0,28
1095120,"Helheim Hassle","",,"₹ 880",84.23,"Aug 2020",1180,2,43
993740,"Hentai Mosaique Puzzle","",,"₹ 250",84.23,"Dec 2018",895,0,842
1384770,"Scrutinized","",,"₹ 480",84.23,"Aug 2020",5124,1,276
541200,"GTTOD","",,"₹ 880",84.23,"May 2019",10512,3,218
4371160,"Helix: Descent N Ascent - Demo","Demo",,"Free",84.22,"Feb 2026",0,0,16
3058940,"Backspace Backspace Backspace","",,"₹ 52",84.22,"Aug 2024",133,0,3
2107540,"Seafrog","",-50%,"₹ 345",84.22,"Apr 2025",472,0,8
1849040,"lure","",,"Free",84.22,"Apr 2022",413,0,11
385770,"Time Clickers","",,"Free",84.22,"Jul 2015",10405,105,7003
2549190,"The Final Breath","",,"₹ 690",84.21,"Jul 2025",103,0,9
2667540,"Relieve","",-35%,"₹ 292",84.21,"Nov 2024",226,0,7
4199820,"The Golden Caravan Demo","Demo",,"Free",84.21,"Nov 2025",0,0,8
4078210,"Save My Scrap","",,"₹ 1013",84.21,"Apr 2026",681,2,20
3827220,"Monster Tavern","",,"₹ 570",84.21,"Mar 2026",170,0,14
1530630,"Couch Monsters","",,"₹ 459",84.21,"Mar 2021",253,0,12
3102340,"Princess of the Water Lilies","",,"₹ 690",84.21,"Nov 2025",379,0,11
3444220,"NiuMa","",,"₹ 380",84.21,"Aug 2025",1088,0,1033
994730,"Banner of the Maid","",,"₹ 770",84.21,"May 2019",40685,64,3737
3630390,"Fill Up The Hole Demo","Demo",,"Free",84.20,"Apr 2025",0,1,89
2888450,"Hidden Arcade: Hundreds of Ghosts!","",,"Free",84.20,"Jan 2025",149,0,8
2427950,"Decimate Drive","",,"₹ 400",84.20,"Feb 2024",1473,1,19
264160,"WazHack","",,"₹ 369",84.20,"Feb 2014",3172,5,160
541210,"Cold Waters","",,"₹ 849",84.20,"Jun 2017",60057,79,865
3028680,"Medival Hustle","",,"Free",84.19,"Jun 2024",52,0,10
590280,"Canvas The Gallery","",,"Free",84.19,"Feb 2017",680,0,117
2229990,"DARK NIGHT WITH FLOPPA","",-50%,"₹ 26",84.19,"Jan 2023",324,0,12
723270,"Rumu","",,"₹ 349",84.19,"Dec 2017",2304,0,49
1569150,"Glyph☀️","",,"₹ 349",84.18,"Aug 2021",653,0,17
521350,"Use Your Words","",,"₹ 459",84.18,"Apr 2017",3723,1,487
378690,"Potions: A Curious Tale","",-30%,"₹ 349",84.17,"Mar 2024",6813,0,220
2956280,"花恋月依","",,"₹ 610",84.17,"Aug 2024",1013,1,69
1533050,"Press Ctrl","",,"₹ 105",84.17,"Mar 2021",463,0,34
893680,"Project Warlock","",,"₹ 490",84.17,"Dec 2018",14519,5,396
285900,"Gang Beasts","",-75%,"₹ 224",84.17,"Dec 2017",253196,1003,3062
3969600,"The Fable: Manga Build Roguelike Demo","Demo",,"Free",84.16,"Oct 2025",0,0,54
2786700,"Victor's Test Night","",,"₹ 300",84.16,"Mar 2024",207,0,43
2615290,"Mostroscopy","",,"₹ 880",84.16,"Oct 2023",682,0,6
2834780,"101 Cats in Dubai","",,"₹ 52",84.16,"Feb 2024",87,0,4
1843110,"Makis Adventure","",-80%,"₹ 96",84.16,"Jan 2023",693,0,16
2281360,"Old Coin Pusher Friends 2","",,"₹ 200",84.16,"May 2023",1594,4,1875
1975520,"Astronomics","",,"₹ 880",84.16,"Feb 2025",11484,8,1008
489140,"Mr. Shifty","",,"₹ 690",84.16,"Apr 2017",8434,0,349
792040,"Detective Di: The Silk Rose Murders","",,"₹ 420",84.15,"May 2019",4065,1,140
1091960,"Drowning Cross","",,"Free",84.14,"Jun 2019",588,0,20
1426480,"Fate of Kai","",,"₹ 259",84.14,"Mar 2021",652,0,12
3989510,"Rune Dice Demo","Demo",,"Free",84.14,"Nov 2025",0,49,640
3265070,"City Tales - Medieval Era","",-35%,"₹ 657",84.14,"Jan 2026",12069,11,395
4216400,"DEDA","",,"₹ 200",84.14,"Feb 2026",1280,1,554
1109680,"Regiments","",,"₹ 699",84.14,"Aug 2022",30340,20,1258
3998790,"Empty Gauge","",,"₹ 159",84.13,"Apr 2026",137,1,10
1296340,"Undercat","",,"₹ 459",84.13,"Nov 2023",713,0,7
3454480,"Gnaughty Gnomes","",,"₹ 359",84.13,"Mar 2026",463,0,32
3416450,"Hell of a Birthday","",,"₹ 200",84.13,"Feb 2025",161,0,12
3929410,"Scholar Adventure: Mystery of Silence","",,"₹ 400",84.13,"Dec 2025",543,0,13
1927150,"Townframe","",,"₹ 345",84.13,"Oct 2024",640,0,15
2992180,"Apocalypse Delivery Service","",,"Free",84.13,"Jun 2024",17,0,3
1476430,"S.U.M. - Slay Uncool Monsters","",,"Free",84.13,"Feb 2021",348,0,16
386900,"The Cat Machine","",,"₹ 459",84.13,"Aug 2015",1042,0,30
1919350,"Coral Cove","",,"Free",84.13,"Apr 2023",236,1,24
1706210,"Reloader: test_subject","",,"₹ 54",84.13,"Jan 2022",756,0,23
1409710,"Escape from Tatris","",,"Free",84.13,"Sep 2020",797,0,26
1218260,"Sono","",,"Free",84.13,"Mar 2020",746,0,25
599140,"Graveyard Keeper","",,"₹ 880",84.13,"Aug 2018",137612,2346,46305
2678830,"Halcyon Days at Taoyuan","",,"₹ 570",84.11,"Jan 2026",9956,128,2597
1970980,"Warlord: Britannia","",-50%,"₹ 264",84.11,"May 2022",11168,69,379
779640,"妄想症：Deliver Me","",-60%,"₹ 42",84.11,"Aug 2018",10457,9,656
3115150,"Vyanka's Memories","",,"₹ 480",84.10,"Oct 2024",268,0,7
928680,"Chicken in the Darkness","",,"₹ 125",84.10,"Oct 2018",57,0,3
2353730,"Space Expedition","",,"Free",84.10,"Jul 2023",377,0,22
1572270,"F.I.S.H.","",,"₹ 299",84.10,"Mar 2021",297,0,57
954280,"3dSen VR","",,"₹ 1100",84.10,"Jun 2025",2412,2,11
831570,"Isoland","",,"₹ 52",84.10,"May 2018",987,2,50
2630080,"They Are Coming","",,"₹ 155",84.10,"Oct 2023",1556,17,195
3849740,"5 Minutes Until Self-Destruction","",,"₹ 105",84.09,"Jul 2025",120,0,8
2654910,"I'll Do It Tomorrow","",,"Free",84.09,"Jan 2024",109,0,4
3063750,"Pixel Dungeon VR","",,"₹ 880",84.09,"May 2025",1519,2,33
410820,"Starward Rogue","",,"₹ 570",84.09,"Jan 2016",2480,0,140
2835780,"Gem Miner TD","",,"₹ 620",84.08,"Jan 2026",557,1,73
2265610,"Ashes of War","",-20%,"₹ 399",84.08,"Feb 2026",1553,3,16
2137880,"Ink Inside","",,"₹ 480",84.08,"Dec 2024",581,0,7
955200,"Spurdo :D","",,"₹ 610",84.08,"Apr 2023",342,0,10
2002410,"The Robot Girl Meets The Human!","",,"Free",84.08,"Aug 2022",169,0,5
1250300,"Orders of Magnitude","",,"₹ 250",84.08,"Mar 2020",407,0,4
2767520,"LurkBait Twitch Fishing","",,"₹ 345",84.08,"Feb 2024",1615,258,649
2331070,"Vasilisa and Baba Yaga","",-50%,"₹ 240",84.08,"Oct 2024",2267,7,168
1372810,"Teamfight Manager","",,"₹ 480",84.08,"Mar 2021",15597,125,8092
649890,"Caliban Below","",,"Free",84.07,"Jun 2018",1930,0,8
335920,"Ephemerid: A Musical Adventure","",,"₹ 155",84.07,"Feb 2015",547,0,58
446620,"Zombie Training Simulator","",,"₹ 565",84.07,"Apr 2016",1312,0,199
1123310,"Super Lobster Run","",,"₹ 52",84.06,"Apr 2020",38,0,5
1547340,"Puzzle Car","",,"₹ 155",84.06,"Feb 2021",150,0,6
3449040,"Machick 2","",,"₹ 311",84.06,"Sep 2025",1379,5,702
883100,"360 No Scope Arena","",,"₹ 42",84.05,"Sep 2018",1048,0,27
1377260,"Miracle Sudoku","",,"₹ 199",84.04,"Aug 2020",269,5,87
1706360,"Annihilate The Spance","",,"₹ 1300",84.04,"Jan 2025",5775,4,201
924140,"Hand Simulator: Survival","",,"₹ 155",84.04,"Dec 2019",11039,2,985
859570,"Secret Neighbor: Hello Neighbor Multiplayer","",,"₹ 880",84.04,"Oct 2019",125315,61,5174
3776670,"Replicomica","",,"Free",84.03,"Jun 2025",177,0,4
3216640,"The Beast and the Princess","",,"₹ 610",84.03,"Jun 2025",225,0,18
1072550,"Brassheart","",,"₹ 730",84.03,"Apr 2025",924,0,12
928970,"Lost Frontier","",,"₹ 199",84.03,"Oct 2018",285,0,5
1098470,"The Gardener and the Wild Vines","",,"₹ 349",84.03,"Sep 2021",326,0,10
943410,"Istanbul: Digital Edition","",,"₹ 1070",84.03,"Oct 2018",1982,4,50
918820,"Headliner: NoviNews","",-42%,"₹ 619",84.03,"Oct 2018",4755,1,198
633460,"Tannenberg","",,"₹ 880",84.03,"Feb 2019",48824,10,1177
962730,"Skater XL - The Ultimate Skateboarding Game","",,"₹ 899",84.03,"Jul 2020",41453,43,5741
4222340,"Denpa Nightmares","",,"Free",84.02,"Dec 2025",150,0,8
3484750,"Tailor Simulator","",,"₹ 376",84.02,"Feb 2026",1436,23,107
2962480,"Isekai Sex Boutique","",-10%,"₹ 477",84.02,"Jun 2025",11166,29,712
3028310,"Nordhold","",,"₹ 880",84.02,"Mar 2025",17935,177,5447
1677740,"Stumble Guys","",,"Free",84.02,"Oct 2021",99708,1870,43705
2485910,"Sol","",,"Free",84.01,"Nov 2024",161,0,11
1218520,"Neko Neko","",,"₹ 52",84.01,"Feb 2020",1058,0,25
3659070,"Giggleland: Terry’s Vegetable Patch","Demo",,"Free",84.01,"Jun 2025",0,0,230
1797610,"Barro 22","",,"₹ 260",84.01,"Nov 2021",562,27,1355
2810330,"Cats in Boxes","",,"₹ 155",84.00,"Apr 2024",99,0,7
1954020,"Cupid Kiss","",,"₹ 125",84.00,"Jul 2022",81,0,4
4083800,"Provoron Demo","Demo",,"Free",84.00,"Oct 2025",0,0,9
3364170,"Whack-A-Monster Demo","Demo",,"Free",84.00,"Jan 2026",0,1,88
1575070,"Ticklish Tessa","",,"₹ 199",84.00,"Jun 2022",367,0,7
774531,"Snail Trek - Chapter 4: The Final Fondue","",,"₹ 42",84.00,"Mar 2018",85,0,4
756320,"Snail Trek - Chapter 2: A Snail Of Two Worlds","",,"₹ 42",84.00,"Dec 2017",118,0,3
2159180,"Hidden Shapes - Trick or Cats","",,"₹ 105",84.00,"Oct 2022",92,0,4
2008820,"Knight And Mourning","",,"₹ 200",84.00,"Apr 2023",71,0,9
362800,"Cadence","",,"₹ 610",84.00,"Feb 2026",1477,0,9
457960,"Holopoint","",,"₹ 530",84.00,"Apr 2016",3351,0,67
1424980,"The Solitaire Conspiracy","",,"₹ 399",84.00,"Oct 2020",2203,0,189
883360,"Beyond Blue","",,"₹ 529",84.00,"Jun 2020",12047,2,303
1856030,"Fresh Start Cleaning Simulator","",,"₹ 349",84.00,"Dec 2022",4670,11,775
204240,"The Bridge","",,"₹ 369",84.00,"Feb 2013",8821,2,1015
2954460,"100 Crime Cats","",-55%,"₹ 49",83.99,"Jun 2025",994,0,13
1911560,"Class Escape","",,"₹ 531",83.99,"Mar 2022",254,1,26
1096140,"Timemelters","",,"₹ 880",83.99,"Feb 2024",4333,0,27
1553910,"My Friend Stalin","",-50%,"₹ 26",83.99,"Jun 2021",364,0,19
612470,"Bio Inc. Redemption","",,"₹ 419",83.99,"Mar 2018",16749,25,2152
1670870,"MADiSON","",,"₹ 899",83.99,"Jul 2022",20063,8,506
642770,"Vinyl Reality - DJ in VR","Application",,"₹ 915",83.98,"Nov 2022",1438,0,7
1297790,"Sunday Rivals","",-50%,"₹ 440",83.98,"May 2022",1494,2,37
268320,"Grapple","",,"₹ 259",83.98,"Mar 2015",744,0,462
361300,"Mother Russia Bleeds","",,"₹ 690",83.98,"Sep 2016",23738,5,1250
558420,"Stories Untold","",,"₹ 480",83.98,"Feb 2017",10274,0,374
522470,"The House of Da Vinci","",,"₹ 990",83.98,"Nov 2017",14413,16,772
955740,"Mini Healer","",,"₹ 299",83.97,"Apr 2020",7316,8,735
2066950,"Quadrata","",,"₹ 159",83.96,"Oct 2022",299,0,15
974950,"DAMNOSAUR","",,"Free",83.96,"Nov 2018",494,0,65
367570,"oO","",,"₹ 52",83.96,"May 2015",1529,0,67
574310,"The Mooseman","",,"₹ 400",83.96,"Feb 2017",3792,2,137
665490,"The Monster Inside","",,"Free",83.96,"Aug 2017",2407,0,91
1511090,"Great Paintings VR","",,"Free",83.95,"Jan 2021",284,0,7
3560990,"Playing House","",,"₹ 345",83.95,"Sep 2025",372,0,23
1306720,"Mayhem Brawler","",,"₹ 880",83.95,"Aug 2021",4925,2,80
3916230,"I Wanna Play That Picture Puzzle with Numbers All Day!","",,"Free",83.94,"Aug 2025",51,3,20
2726180,"Die Erdnussbutter","",,"₹ 52",83.94,"Jan 2024",41,0,9
494310,"Unbreakable Vr Runner","",,"₹ 165",83.94,"Mar 2023",196,0,5
1792270,"Sky Caravan","",,"₹ 349",83.94,"May 2022",507,0,8
1707870,"RiffTrax: The Game","",,"₹ 480",83.94,"May 2022",1486,0,120
1038280,"Nobodies: Murder Cleaner","",,"₹ 345",83.94,"Sep 2019",1608,3,36
4168290,"Forest Hustle","",,"₹ 250",83.94,"Jan 2026",970,11,429
3295720,"Runaway Home: Mili and Chocolate","",,"₹ 675",83.93,"Apr 2026",1122,0,33
1655670,"Rob Riches","",,"₹ 259",83.93,"Nov 2021",225,0,7
3067180,"The Duck Pond","",,"₹ 250",83.93,"Jul 2024",180,1,16
598880,"Domiverse","",,"Free",83.93,"Mar 2018",502,0,9
625780,"Magic Wand","",,"₹ 229",83.93,"Aug 2016",252,0,6
1195320,"Mokoko","",,"—",83.93,"Feb 2020",898,0,25
3603580,"Whisker Wanderlust: The Wondrous Journey","",,"₹ 345",83.93,"Aug 2025",710,4,52
1269150,"Fly Punch Boom: First Impact!","",,"Free",83.93,"Apr 2020",1415,0,133
751980,"Box Cats Puzzle","",,"₹ 155",83.92,"Dec 2020",284,1,96
816120,"First Winter","",,"—",83.92,"May 2018",512,0,7
3672540,"BACKROOM LOOP","",,"₹ 250",83.92,"May 2025",331,0,22
1490980,"Mirror Layers","",,"₹ 480",83.92,"Oct 2021",770,0,19
3349850,"Balantica","",,"Free",83.92,"Dec 2024",233,1,18
1158290,"Mini Words - minimalist puzzle","",-30%,"₹ 73",83.92,"Oct 2019",277,0,43
3154800,"Football Pitch Simulator","",-25%,"₹ 360",83.92,"Oct 2025",594,5,178
1606280,"Hentai Aim Trainer","",,"₹ 52",83.92,"Nov 2021",570,1,11
1540350,"The Fabulous Fear Machine","",,"₹ 810",83.92,"Oct 2023",4378,0,288
1270580,"Mind Over Magic","",,"₹ 569",83.92,"Feb 2025",50312,135,4113
939990,"Boxing School","",,"₹ 349",83.91,"Jan 2019",1066,0,476
871930,"GLADIABOTS - AI Combat Arena","",,"₹ 690",83.91,"May 2019",11046,0,284
1757300,"Jump Space","",,"₹ 850",83.91,"Sep 2025",134064,198,22365
3180680,"A la Card","",,"₹ 690",83.90,"Dec 2025",289,0,28
4481670,"Vlare","",,"Free",83.90,"Mar 2026",106,0,11
1766000,"Path of Ra","",-70%,"₹ 75",83.90,"Dec 2022",438,0,12
1951650,"Calcium Chaos: Derailed","",,"₹ 480",83.90,"Nov 2024",331,0,20
777130,"Blush Blush","",,"Free",83.89,"Apr 2019",13178,257,2581
1887050,"Nachkriegsratten Punk-Rock Puzzle","",,"₹ 250",83.88,"Jun 2022",61,0,3
3515690,"Invisible Wall","",,"₹ 79",83.88,"Jun 2025",69,0,6
696200,"Mike Dies","",,"—",83.88,"Feb 2018",276,0,11
1812170,"Danghost","",,"₹ 499",83.88,"Sep 2023",368,0,8
394130,"Water Bears VR","",,"—",83.88,"Jan 2016",739,0,114
3165500,"Grumpy Gaffer","",,"₹ 52",83.87,"Oct 2024",240,0,34
1221640,"Ultra Foodmess","",,"₹ 165",83.87,"Feb 2020",281,0,17
3898150,"Гвалт","",-20%,"₹ 320",83.87,"Nov 2025",419,1,61
3543720,"FIND ALL: Bunker","",,"₹ 54",83.87,"Apr 2025",136,1,48
766730,"Gachimuchi Reloaded","",,"₹ 42",83.87,"Feb 2018",538,0,6
1106860,"AHEGAL SEASONS","",,"₹ 155",83.87,"Sep 2019",1501,0,19
726910,"Star Wars: Droid Repair Bay","",,"Free",83.87,"Dec 2017",2711,1,52
1276800,"CONVERGENCE: A League of Legends Story™","",,"₹ 1300",83.87,"May 2023",8609,1,1126
955900,"Amazing Cultivation Simulator","",,"₹ 989",83.87,"Nov 2020",116602,684,18349
650780,"AngerForce: Reloaded","",,"₹ 480",83.86,"Sep 2017",2034,1,91
1730260,"Retro Gadgets","",,"₹ 880",83.86,"Nov 2022",10640,3,124
3667150,"Mech Builder 3D","",,"₹ 397",83.85,"Jan 2026",1273,0,69
4300600,"Distant Shore: BRETAGNE Demo","Demo",,"Free",83.85,"Feb 2026",0,3,44
3031590,"13F","",,"₹ 200",83.85,"Jun 2024",404,0,23
978630,"Juro Janosik","",,"₹ 530",83.85,"Oct 2021",859,0,21
1033080,"Letters - a written adventure","",-80%,"₹ 91",83.85,"Feb 2022",2034,0,47
635320,"Last Day of June","",,"₹ 565",83.85,"Aug 2017",21542,3,362
3249900,"Bloxpath","",,"₹ 300",83.84,"Jun 2025",251,1,17
3018430,"7th Floor","",,"₹ 250",83.84,"Oct 2025",347,0,7
3816550,"BAKU -バク-","",,"₹ 300",83.84,"Aug 2025",92,0,38
4457870,"G.I.R.L.S. will be Girls","",,"Free",83.84,"Mar 2026",166,1,43
1020940,"Owyn's Adventure","",,"₹ 85",83.84,"Dec 2018",179,0,4
2272090,"Aashaa","",,"Free",83.84,"Jan 2023",119,0,8
1304350,"Urge","",,"₹ 499",83.84,"Nov 2021",5587,2,42
1508270,"Doctor Who: The Lonely Assassins","",,"₹ 219",83.84,"Mar 2021",1684,0,147
346940,"Shadowrun: Hong Kong - Extended Edition","",,"₹ 999",83.84,"Aug 2015",39336,23,7260
1049400,"Answer Knot","",,"Free",83.83,"May 2019",771,0,16
356520,"Port of Call","",,"Free",83.83,"Aug 2015",1864,3,106
1853380,"FOONDA","",,"—",83.82,"May 2022",419,0,32
1291530,"Arena","",,"Free",83.82,"May 2020",345,0,23
1876280,"PAIcom (furry computer assistant)","Application",-20%,"₹ 200",83.82,"Aug 2025",2206,12,66
4315490,"The Eternal Life of Goldman Demo","Demo",,"Free",83.82,"Feb 2026",0,8,837
310060,"Knights of Pen and Paper 2","",,"₹ 439",83.82,"Oct 2015",10901,8,661
1197260,"The Perfect Tower II","",,"Free",83.82,"Nov 2025",3489,597,4904
2598490,"ColorCoordination","",,"Free",83.81,"Aug 2024",133,0,10
1678320,"Heat Death","",,"₹ 1199",83.81,"Jul 2022",782,1,32
2790020,"Space Sprouts","",,"₹ 530",83.81,"Mar 2025",555,0,12
992120,"Inch by Inch","",,"₹ 125",83.81,"Mar 2018",277,0,14
4011790,"Beast Breaker","",-25%,"₹ 517",83.81,"Mar 2026",391,0,25
4321140,"DIVE or DIE - Children of Rain Demo","Demo",,"Free",83.81,"Feb 2026",0,5,59
4052500,"Let's Save Mice","",,"Free",83.80,"Jan 2026",145,0,31
1812210,"Simpler Times","",,"₹ 480",83.80,"Jun 2024",1700,0,26
1482830,"Ho-Ho-Home Invasion","",,"Free",83.80,"Dec 2020",271,0,20
597700,"OVIVO","",,"₹ 480",83.80,"May 2017",4347,0,161
3298820,"My proud girlfriend--Lina Chapter","",-20%,"₹ 240",83.79,"Nov 2024",666,2,38
1127610,"Iris and the Giant","",-80%,"₹ 100",83.79,"Feb 2020",4296,2,242
2687190,"100 Christmas Cats","",,"Free",83.79,"Dec 2023",2220,0,7740
3187880,"The Fable: Manga Build Roguelike","",,"₹ 480",83.78,"Nov 2025",1809,1,176
1166290,"Death and Taxes","",-87%,"₹ 79",83.78,"Feb 2020",18020,56,1249
3028990,"Jinko","",,"₹ 200",83.77,"Aug 2024",41,0,10
1270080,"Magic Twins","",,"₹ 345",83.77,"Mar 2021",243,0,11
2919990,"An Unfinished Game","",,"₹ 300",83.77,"Jun 2025",172,0,6
1125880,"LaserZone","",,"₹ 439",83.77,"Jul 2021",111,0,7
2303620,"Turn on the lights carefully","",,"₹ 52",83.77,"Mar 2023",155,0,5
1497820,"Golden Rails: Small Town Story","",-50%,"₹ 129",83.77,"Jan 2021",118,1,22
335090,"Goscurry","",,"₹ 250",83.77,"Jan 2015",223,0,9
1240130,"Dashing Fire","",,"₹ 259",83.77,"Nov 2020",303,0,17
3400040,"Haunted Property","",,"₹ 155",83.77,"Feb 2025",514,0,57
3071670,"Pixel Cross Stitch Color by Number","",,"Free",83.76,"Nov 2024",205,10,22
3487540,"Milf Hunter No.1","",-30%,"₹ 483",83.76,"Apr 2026",1543,15,77
1358790,"Tipston Salvage","",,"₹ 770",83.76,"Oct 2024",889,0,32
1715850,"NAIR","",,"₹ 125",83.76,"Sep 2021",199,0,18
393220,"Super Man Or Monster","",,"₹ 419",83.76,"Oct 2017",911,1,71
577970,"Punch Planet - Early Access","",,"₹ 880",83.76,"Nov 2017",2847,0,46
1281200,"The Walking Fish 2: Final Frontier","",,"Free",83.76,"Jun 2020",968,0,34
946610,"Pocket Rogues","",-50%,"₹ 150",83.76,"Oct 2018",1951,14,47
1740720,"Have a Nice Death","",,"₹ 1169",83.76,"Mar 2023",73786,45,2510
503460,"Security Hole","",,"₹ 249",83.75,"Sep 2016",1883,0,43
1811330,"Lord Ambermaze","",,"₹ 690",83.75,"Sep 2025",1203,0,43
775530,"Puzzlement","",,"₹ 85",83.75,"Feb 2018",326,0,16
1112890,"Calico","",-70%,"₹ 119",83.75,"Dec 2020",12085,13,399
2433860,"The Shaman's Ark","",,"₹ 480",83.74,"Jul 2025",294,0,10
4338150,"Crownbreakers Demo","Demo",,"Free",83.74,"Mar 2026",0,0,12
3442130,"Underboard Demo","Demo",,"Free",83.74,"Jan 2025",0,1,102
3716950,"OiiAi Cat","",,"Free",83.74,"Jul 2025",82,1,7
1897320,"Garden Guardian","",,"₹ 250",83.74,"Aug 2022",156,0,14
246640,"TorqueL prototype","Demo",,"Free",83.74,"Jun 2013",0,0,15
3566200,"Pocket City 2","",,"₹ 345",83.74,"Mar 2025",621,1,20
1303670,"WORLD OF ART JIGSAW PUZZLES","",,"₹ 379",83.74,"Jun 2020",353,6,30
285820,"Action Henk","",,"₹ 479",83.74,"May 2015",2273,0,241
269650,"Dex","",,"₹ 529",83.74,"May 2015",21737,2,217
1755030,"Mothmen 1966","",,"₹ 450",83.73,"Jul 2022",1413,0,22
746940,"Nippon Marathon","",,"₹ 1089",83.73,"Dec 2018",2766,0,19
581270,"Old Man's Journey","",,"₹ 499",83.73,"May 2017",11454,3,180
1211370,"Goonya Fighter","",,"₹ 459",83.72,"Nov 2021",137,0,8
1676910,"Onde","",,"₹ 439",83.72,"Mar 2022",1222,2,18
438480,"Rock 'N' Roll Defense","",-90%,"₹ 26",83.72,"Aug 2016",1513,9,7252
2695780,"With Shining Eyes","",,"Free",83.71,"May 2024",128,0,5
944340,"Vignettes","",,"₹ 299",83.71,"Mar 2019",622,0,17
1232100,"BroodStar","",,"₹ 379",83.71,"Oct 2020",431,0,9
3793930,"重生之我亲爱的妹妹复仇计划","",,"Free",83.71,"Jun 2025",137,0,10
838620,"Slappy Ass","",,"₹ 165",83.71,"Nov 2018",604,0,10
2717750,"Tobla - Divine Path","",,"₹ 400",83.71,"Mar 2024",598,1,20
2516990,"Gunner-chan!","",,"₹ 480",83.71,"May 2025",1998,2,197
1254370,"No one lives under the lighthouse Director's cut","",,"₹ 359",83.71,"Apr 2020",3972,1,238
742490,"Nonogram - The Greatest Painter","",,"₹ 200",83.70,"Mar 2018",1298,3,24
3588970,"Heroic Songs: the Remix!","",,"₹ 770",83.69,"Oct 2025",470,0,28
2331060,"Gambit Shifter","",,"₹ 400",83.69,"Feb 2024",225,0,12
1092950,"Piposh","",,"₹ 850",83.69,"Mar 2021",277,0,141
1206290,"Goblin Summer Camp","",,"Free",83.69,"Apr 2020",184,0,57
991600,"Rabbit Burn","",,"₹ 690",83.69,"May 2019",7517,0,90
1035610,"Hentai Mosaique Vip Room","",,"₹ 250",83.69,"Apr 2019",2322,0,842
2684780,"Chromatic Isle","",,"Free",83.68,"Jan 2024",110,0,8
2119470,"Fantastic Fist","",,"₹ 459",83.68,"Feb 2024",220,0,6
1642610,"魔法迷域","",,"₹ 349",83.68,"Jun 2021",352,0,106
4409870,"Slots & Diapers","",-30%,"₹ 251",83.68,"Jun 2026",603,513,1045
2702260,"Map Map - A Game About Maps","",-10%,"₹ 625",83.68,"May 2026",4575,47,210
1249010,"ISOLAND3: Dust of the Universe","",,"₹ 125",83.68,"Mar 2020",1161,0,108
977810,"THE ENIGMA MACHINE","",,"₹ 199",83.68,"Nov 2018",1017,0,9
574560,"Dude, Stop","",,"₹ 459",83.68,"Jun 2018",7762,6,158
2943280,"Dustland Delivery","",,"₹ 400",83.67,"Nov 2024",13194,24,641
719750,"PUSS!","",,"₹ 349",83.67,"Aug 2018",3398,1,93
1352200,"Detective From The Crypt","",,"₹ 480",83.66,"Jun 2021",1270,0,17
1193070,"Zom Nom","",,"Free",83.66,"Jan 2020",448,0,20
800820,"2236 A.D.","",,"₹ 690",83.66,"May 2018",791,0,7
4043830,"FuwaFuwa Survivors","",,"₹ 300",83.65,"Mar 2026",38,0,5
2787700,"Kemono Heroes","",-40%,"₹ 414",83.65,"Mar 2025",593,0,13
2709190,"HITM3","",,"₹ 300",83.65,"Jul 2024",131,0,3
3061100,"栖云：遗忘之境 Oriental Dreams : The Forgotten Realm","",,"₹ 450",83.65,"Dec 2025",101,0,6
4310900,"GLADIMAKER : Auto Battle RPG","",,"₹ 359",83.65,"Apr 2026",76,0,23
3164970,"Hentai Tales: Sex Institute","",,"₹ 52",83.65,"Sep 2024",259,0,4
1269590,"Get-A-Grip Chip","",,"₹ 480",83.65,"Oct 2020",154,0,9
1074500,"Cranked Up","",,"₹ 349",83.65,"Jul 2021",196,0,37
2224640,"Artisan TD","",,"₹ 699",83.65,"Jul 2024",10324,28,2038
1058430,"A Legionary's Life","",,"₹ 299",83.65,"Sep 2019",4564,5,362
1939560,"镇邪","",-50%,"₹ 229",83.65,"Nov 2022",14363,12,2379
2846060,"Subterror","",,"₹ 400",83.64,"Jan 2025",2617,0,505
696140,"No Heroes Here","",,"₹ 459",83.64,"Oct 2017",2209,0,66
1893020,"Nekomew's Nightmares","",,"₹ 598",83.63,"Oct 2022",265,0,13
3865170,"Ultimate Lemon Basket Demo","Demo",,"Free",83.63,"Aug 2025",0,0,12
1052580,"farewell planet / おわかれのほし","",,"₹ 199",83.63,"May 2019",304,0,7
4179960,"Where We Went","",,"Free",83.63,"Jan 2026",226,0,17
4324120,"R.A.T#200","",,"Free",83.63,"Mar 2026",95,0,22
1397010,"1980","",,"Free",83.63,"Aug 2020",779,0,61
2015950,"Shapik: The Quest","",,"₹ 400",83.62,"Jun 2024",509,0,12
2618370,"Mossy Pixels","",,"Free",83.62,"Dec 2023",135,0,9
1646350,"夏恋幻梦","",,"₹ 199",83.62,"Aug 2022",2467,0,41
4013610,"Pure Badminton Demo","Demo",,"Free",83.62,"Sep 2025",0,28,559
271820,"Card City Nights","",,"₹ 480",83.62,"Feb 2014",2069,0,352
2713460,"Mimic Search","",,"Free",83.62,"May 2024",861,2,45
734750,"PickCrafter","",,"Free",83.62,"Dec 2017",2992,82,1820
592300,"Slowdrive","",,"₹ 199",83.61,"Apr 2017",269,0,32
3084150,"Packit List","",,"₹ 200",83.61,"Aug 2024",142,0,14
1521110,"Black Baby","",,"₹ 199",83.61,"Feb 2021",259,0,4
2508960,"Calculator: The Game","",,"₹ 105",83.60,"Aug 2023",152,0,10
4075590,"Membrillo Hid My Socks","",,"Free",83.60,"May 2026",123,2,23
2879290,"KILL THE WITCH Demo","Demo",,"Free",83.60,"Mar 2024",0,0,12
3932350,"SUMMER -14 Days Vacation-","",,"₹ 1100",83.60,"Dec 2025",5083,5,326
1883580,"Cactus Simulator","",-80%,"₹ 80",83.60,"Feb 2022",181,1,53
4209010,"Lakehopper","",,"₹ 480",83.60,"Mar 2026",3630,4,336
1359120,"The Dungeon Beneath","",,"₹ 690",83.60,"Oct 2020",3270,2,280
3351670,"ENSCROLL","",,"Free",83.60,"Dec 2024",494,9,716
553790,"Once in Yaissor","",,"₹ 109",83.60,"Nov 2016",1129,2,5073
1801650,"Lost: Find","",,"₹ 200",83.60,"Dec 2021",13998,3,1853
3180150,"Mall Simulator","",-30%,"₹ 455",83.60,"Nov 2025",9404,187,3014
3921360,"DEFLATE","",,"₹ 450",83.59,"Jan 2026",448,1,70
2720270,"VFurrika!","",,"Free",83.59,"Dec 2023",346,0,85
731770,"Flightless Classic","",,"Free",83.59,"Oct 2017",561,0,30
2258940,"Mage Kanade's Futanari Dungeon Quest","",,"₹ 1100",83.59,"Mar 2023",15461,4,152
2961530,"Fears to Fathom - Woodbury Getaway","",,"₹ 480",83.59,"Sep 2024",15558,15,1432
1756020,"Super Roboy","",,"₹ 690",83.58,"Jan 2025",606,1,39
1593950,"Don't Touch this Button!","",,"₹ 200",83.58,"Aug 2021",199,0,17
3690490,"Frostrain 2","",,"₹ 530",83.58,"Jan 2026",1709,4,176
648890,"DMT: Dynamic Music Tesseract","",,"₹ 199",83.58,"Dec 2018",668,0,9
1098610,"Crush the Industry","",,"₹ 690",83.58,"Apr 2025",3134,0,321
2875140,"失业了，我获得了亿万游戏财产！","",,"₹ 610",83.58,"Aug 2024",10519,6,1567
1777280,"惊险极速","",,"₹ 359",83.57,"Nov 2021",76,0,3
1836310,"Apotheorasis • Lab of the Blind Gods | Prologue","",,"Free",83.57,"Dec 2021",271,0,17
1057540,"Cthulhu Saves Christmas","",-80%,"₹ 69",83.57,"Dec 2019",2085,0,82
3110010,"FREE DUROV","",,"₹ 200",83.57,"Dec 2024",533,1,85
409660,"Angry Video Game Nerd II: ASSimilation","",,"₹ 105",83.57,"Mar 2016",3770,0,296
937350,"Food Drive: Race against Hunger","",,"Free",83.56,"Oct 2018",646,1,476
2085970,"Cracking the Cryptic","",,"Free",83.56,"Aug 2022",493,12,109
263020,"STARWHAL","",,"₹ 399",83.56,"Sep 2014",4690,1,86
2539350,"Myths of Rules","",,"₹ 155",83.55,"Aug 2023",4399,4,478
1008710,"Wet Girl","",,"₹ 52",83.55,"Jan 2019",12893,1,644
1701460,"HipWitch","",,"Free",83.54,"Feb 2022",464,0,18
436220,"A-10 VR","",,"—",83.54,"Apr 2016",415,0,20
1760240,"Skator Gator","",,"₹ 125",83.54,"Jan 2022",265,0,6
1441790,"Miner: Dig Deep","",,"₹ 259",83.54,"Nov 2020",713,1,67
551110,"Wayout","",,"₹ 105",83.54,"Nov 2016",2711,0,2021
1482130,"Teodoro","",,"₹ 109",83.53,"Mar 2021",77,0,7
3478950,"In Purr-Suit","",,"₹ 100",83.53,"May 2025",35,0,6
4111760,"Dupery: A Game of Solo Deduction Demo","Demo",,"Free",83.53,"Oct 2025",0,8,33
3910410,"Blood Facsimile","",,"₹ 810",83.53,"Mar 2026",631,0,10
3707120,"Hidden Things Forest Elves","",,"₹ 195",83.53,"Aug 2025",89,0,9
1184900,"Unitied","",,"₹ 52",83.53,"Nov 2019",184,0,6
1225840,"BeatBeat","",,"₹ 105",83.53,"Sep 2023",241,0,14
4252250,"电波奇缘~与时音相会的日子","",,"₹ 155",83.53,"Mar 2026",29,0,9
4595550,"Cozy Liora","",,"₹ 109",83.53,"Apr 2026",93,0,4
2292710,"Waterfall Prisoner","",,"₹ 480",83.53,"Sep 2023",231,0,10
4003010,"FLOSS","",,"Free",83.53,"Oct 2025",88,0,26
437520,"ZeGame","",,"₹ 165",83.53,"May 2016",550,0,23
3399980,"Down the Rabbit Hole Flattened","",,"Free",83.53,"Jun 2025",906,6,87
4303040,"Pyromaniac","",,"₹ 250",83.53,"Jan 2026",623,8,44
3066570,"Aotenjo: Infinite Hands","",,"₹ 480",83.53,"Jan 2025",5295,10,1449
2019360,"World Cruise Story","",,"₹ 329",83.51,"Oct 2022",446,3,32
2811660,"POLY IMPULSE Demo","Demo",,"Free",83.51,"Feb 2024",0,0,39
3528910,"Assenizator","",,"₹ 250",83.51,"Jul 2025",258,1,23
513510,"Intralism","",,"₹ 169",83.51,"Nov 2016",3930,0,1854
3463460,"Hidden Tomatoes 3","",,"Free",83.50,"Feb 2025",90,0,8
1004150,"Madorica Real Estate","",-70%,"₹ 308",83.50,"Feb 2019",769,5,23
1417890,"Catie in MeowmeowLand","",,"₹ 459",83.50,"Mar 2022",894,0,15
2374000,"Insects Awaken","",,"₹ 450",83.50,"May 2025",1731,4,684
3272690,"Seasonala Cemetery","",,"Free",83.49,"Jun 2025",718,0,9
1474120,"NIGHT/SHADE: You're The Drug","",,"₹ 730",83.49,"Mar 2022",989,3,44
2862670,"Playback Loop","",,"Free",83.49,"Jul 2024",234,0,13
4270630,"In My Bubble •°","",,"Free",83.49,"Feb 2026",227,0,13
2834330,"Hidden in my Paradise","",-35%,"₹ 312",83.49,"Oct 2024",844,3,45
1487680,"Broken Universe - Tower Defense","",,"₹ 449",83.49,"Feb 2023",1605,1,387
597150,"Hyper Knights","",,"₹ 250",83.49,"May 2017",3952,1,314
971430,"From Beyond Prologue","",,"₹ 125",83.48,"Dec 2018",530,0,8
2957700,"Sensei! I Like You So Much!","",,"₹ 770",83.48,"Aug 2025",8793,12,1398
584980,"Late Shift","",,"₹ 690",83.48,"Apr 2017",32369,3,395
405010,"Bitardia","",,"₹ 300",83.47,"Dec 2021",4026,0,84
295690,"PARTICLE MACE","",,"₹ 199",83.47,"Jan 2015",2266,0,569
1065320,"REKT! High Octane Stunts","",,"₹ 219",83.46,"Nov 2020",539,0,12
987900,"Seeker","",,"Free",83.46,"Jan 2019",519,0,20
1261760,"Democratic Socialism Simulator","",,"₹ 125",83.45,"Feb 2020",513,1,35
2501550,"Bullet Hell Monday: Finale","",,"Free",83.44,"Sep 2023",134,0,10
3185370,"Type-NOISE: Shonen Shojo DEMO","Demo",,"Free",83.44,"Nov 2024",0,1,18
1122490,"Battleheart Legacy","",,"₹ 199",83.44,"May 2014",434,2,10
4271300,"Nippets Demo","Demo",,"Free",83.44,"Jan 2026",0,0,51
1811430,"Biters & Bullets: Prologue","",,"Free",83.44,"Jul 2022",775,1,315
2942780,"Bloobs Adventure Idle","",,"₹ 400",83.44,"Jun 2026",1089,516,634
4031500,"Скуф на даче","",,"₹ 52",83.44,"Nov 2025",482,2,131
515260,"Virtual Rides 3 - Funfair Simulator","",,"₹ 1100",83.44,"Mar 2017",4895,5,121
403180,"Draw a Stickman: EPIC 2","",,"₹ 259",83.44,"Nov 2015",1991,4,205
982220,"Globesweeper","",,"₹ 155",83.43,"Feb 2019",543,11,160
3194070,"全网公敌：诡村","",,"Free",83.43,"Nov 2024",997,25,251
2083210,"Super Woden GP 2","",,"₹ 610",83.43,"Nov 2023",4740,1,261
1092400,"月球坠落时 Moon Fall","",,"₹ 459",83.43,"Aug 2020",7285,8,101
1130620,"[Chilla's Art] Aka Manto | 赤マント","",,"₹ 250",83.43,"Sep 2019",2614,4,19
680360,"Regions Of Ruin","",-80%,"₹ 79",83.43,"Feb 2018",14348,10,3062
3349930,"Only Out","",,"₹ 250",83.42,"Jan 2025",105,0,13
2489000,"RAGER","",,"₹ 880",83.42,"Mar 2026",219,0,3
2676440,"GLITCH DADDY","",,"₹ 375",83.42,"May 2024",196,0,6
2146770,"Deputinization","",,"₹ 299",83.42,"Sep 2023",216,0,4
2954420,"Bunny Space Odyssey: The countdown","",,"₹ 52",83.42,"Jun 2024",90,0,3
3461520,"Egg Chicken Farm","",-25%,"₹ 116",83.42,"Aug 2025",76,1,12
1483800,"Adventure Llama","",-50%,"₹ 52",83.42,"Dec 2020",77,0,4
2863350,"Agent Brain: Tricky Puzzles","",,"₹ 200",83.42,"Nov 2024",42,0,7
1655420,"A MIRROR PUZZLE","",,"Free",83.42,"Sep 2024",53,0,20
914720,"SHIKIYOKU -Teru Yumemi in the Nightmare-","",,"₹ 450",83.42,"Aug 2025",196,2,25
955640,"Go Outside Simulator","",,"₹ 105",83.42,"Nov 2018",135,1,6
890720,"In Other Waters","",,"₹ 690",83.42,"Apr 2020",13631,2,166
1223750,"Cloud Meadow","",,"₹ 529",83.42,"Mar 2020",59486,96,748
3566070,"Shooting Range Simulator: Prologue","",,"Free",83.41,"Mar 2025",419,2,30
1276750,"Negative Nancy","",,"₹ 458",83.41,"Oct 2021",437,0,12
1578990,"Midnight Girl","",-45%,"₹ 379",83.41,"Oct 2023",1675,0,21
1190110,"H-SNIPER: Middle East","",,"₹ 52",83.41,"Jan 2020",1719,0,2258
3545160,"Mashina Demo","Demo",,"Free",83.40,"Feb 2025",0,0,9
3806130,"Gluttony Demo","Demo",,"Free",83.40,"Jul 2025",0,0,7
2213430,"Barold: Inferno","",,"₹ 400",83.40,"Mar 2024",125,0,13
1517240,"CHESS with LASERS","",,"₹ 399",83.40,"Sep 2021",526,0,11
1338520,"Bouncy Cat","",,"₹ 349",83.40,"Nov 2020",63,0,10
3503880,"Astronook","",,"₹ 450",83.40,"Jan 2026",618,0,15
2992740,"Towerheart","",,"₹ 105",83.40,"Jul 2024",115,0,4
2527330,"MERROR","",-70%,"₹ 31",83.40,"Jan 2026",58,0,3
1043690,"Investi-Gator: The Case of the Big Crime","",,"₹ 199",83.40,"Jul 2019",98,0,7
761480,"Snail Trek - Chapter 3: Lettuce Be","",,"₹ 42",83.40,"Jan 2018",100,0,6
3001780,"Water: Transformer","",,"₹ 200",83.40,"Mar 2025",83,0,4
4307610,"Vale's Echo Demo","Demo",,"Free",83.40,"Mar 2026",0,1,20
2147530,"Raining Blood: Hellfire","",,"₹ 400",83.40,"Jul 2025",1439,0,98
671720,"Robin","",,"Free",83.40,"Feb 2018",1054,0,45
26500,"Cogs","",,"₹ 219",83.40,"Apr 2009",1317,0,4532
343860,"Tacoma","",,"₹ 880",83.40,"Aug 2017",22929,3,386
823840,"Macrotis: A Mother's Journey","",,"₹ 349",83.39,"Feb 2019",1357,0,22
2439560,"Alice's World","",,"₹ 650",83.39,"Nov 2025",3173,0,248
850000,"Noel the Mortal Fate Complete Edition","",,"₹ 459",83.39,"May 2018",13490,11,152
3690750,"Once Upon A Mind - A Little Too Friendly","",,"₹ 199",83.38,"May 2025",453,0,10
851730,"Sandmade","",,"₹ 52",83.38,"May 2018",220,0,5
671620,"Beast Battle Simulator","",,"₹ 369",83.38,"Feb 2018",6114,1,147
3205080,"Bad Parenting 1: Mr. Red Face","",,"₹ 105",83.38,"Oct 2024",4949,6,148
1106850,"Totally Reliable Delivery Service Beta","",,"—",83.38,"Jun 2019",38056,1,823
955320,"Dark Fantasy: Jigsaw Puzzle","",,"₹ 144",83.37,"Nov 2018",1166,0,28
1096590,"Atma","",,"Free",83.37,"Jul 2019",2237,0,35
1079210,"Spark the Electric Jester 2","",,"₹ 419",83.37,"May 2019",1957,1,72
790740,"Tick Tock: A Tale for Two","",,"₹ 299",83.37,"Mar 2019",18657,30,1213
3601190,"Skating Rink Story","",,"₹ 329",83.36,"Jun 2025",326,6,113
2356450,"A Street Cat's Tale 2: Outside is Dangerous","",,"₹ 650",83.36,"Jun 2023",333,0,7
2222200,"Springblades","",,"₹ 400",83.36,"Nov 2022",893,0,110
751640,"Dead Dungeon","",,"₹ 259",83.36,"Nov 2018",448,0,50
423590,"The Little Acre","",,"₹ 439",83.36,"Dec 2016",4782,0,31
2770460,"Lunavania","",,"₹ 480",83.36,"Jan 2025",5892,9,719
3167020,"Escape From Duckov","",,"₹ 1144",83.36,"Oct 2025",126987,3425,301322
3220830,"Dusk Pub","",,"₹ 610",83.35,"Dec 2024",692,2,33
644550,"篱笆庄秘闻 / Mysteries of Fence","",,"₹ 229",83.35,"Jul 2017",1840,0,52
789660,"Buggos","",,"₹ 799",83.35,"Mar 2022",4180,7,700
2892300,"Glitch Maze.exe","",,"Free",83.34,"Apr 2024",81,0,4
2416510,"Gundroid","",,"₹ 554",83.34,"Jul 2025",481,1,7
3917840,"Shaolin vs Wutang Legends","",,"₹ 880",83.34,"Sep 2025",532,1,10
1175430,"Project Starship X","",,"₹ 460",83.34,"Jun 2020",572,0,13
3269860,"Locomotive 115","",,"₹ 300",83.34,"Nov 2024",506,0,8
3202110,"Deadly Heart Gambit","",,"₹ 345",83.34,"Mar 2025",301,0,16
957820,"Across the Grooves","",,"₹ 650",83.34,"Jun 2020",1225,0,30
2735690,"Gravitia","",,"Free",83.34,"Jan 2024",299,1,10
3991920,"Million Depth Demo","Demo",,"Free",83.34,"Sep 2025",0,1,239
3422450,"Whisker Wanderlust: The Mosaic of Souls","",,"₹ 250",83.34,"Mar 2025",667,5,58
908070,"Mystic Vale","",,"₹ 610",83.34,"Jan 2019",2197,5,58
349220,"The Black Watchmen","",,"₹ 349",83.34,"Jun 2015",10748,0,206
603530,"A Robot Named Fight!","",,"₹ 610",83.34,"Sep 2017",2775,3,100
3723530,"Paperwork","",,"₹ 200",83.33,"Feb 2026",467,0,56
3839730,"Stuck Together Friend Pass","Demo",,"Free",83.33,"Aug 2025",0,2,105
3796930,"Amanda the Adventurer 3 Demo","Demo",,"Free",83.33,"Jun 2025",0,0,171
3122950,"101 Cats in Berlin","",,"₹ 52",83.33,"Aug 2024",51,0,4
3649700,"S-mail","",,"₹ 225",83.33,"Apr 2026",249,2,61
2317300,"Access Denied: Escape","",,"₹ 250",83.33,"Jul 2023",482,0,15
1020730,"Dark Bestiary","",,"₹ 399",83.33,"Jul 2020",2955,0,228
516110,"ToeJam & Earl: Back in the Groove!","",,"₹ 459",83.33,"Mar 2019",6033,5,480
1247940,"Greyhat - A Digital Detective Adventure","",-80%,"₹ 69",83.32,"Aug 2020",533,0,15
1520060,"Sheep Love","",,"₹ 85",83.32,"Jan 2021",2174,2,20
457680,"OPUS: The Day We Found Earth","",,"₹ 690",83.32,"Apr 2016",9136,2,71
1483350,"Diving Disorder-下潜症","",,"₹ 125",83.31,"Jan 2021",943,0,17
912380,"Submorse","",,"Free",83.31,"Mar 2021",528,0,12
1599780,"Afterlove EP","",-40%,"₹ 528",83.31,"Feb 2025",6077,0,63
4124780,"Scritchy Scratchy Demo","Demo",,"Free",83.31,"Oct 2025",0,192,1987
4045150,"FEEDING YUYUKO","",,"₹ 52",83.30,"Oct 2025",108,3,10
4031120,"DJ Bunny","",,"Free",83.30,"Feb 2026",145,0,6
4573210,"Klifur","",,"₹ 259",83.30,"May 2026",147,1,48
1354100,"A Lozenge","",,"₹ 105",83.30,"Aug 2020",147,0,3
1047580,"Ghost Grab 3000","",,"₹ 209",83.30,"Nov 2019",151,0,5
822190,"Little Bug","",,"₹ 199",83.30,"Sep 2018",668,0,14
2176940,"Walk While My Grandmother Plays The Piano","",,"Free",83.30,"Nov 2022",214,0,9
3532360,"Pirate's Gambit","",,"₹ 480",83.30,"Feb 2026",792,2,202
249050,"Dungeon of the ENDLESS™","",-75%,"₹ 102",83.30,"Oct 2014",50455,27,35159
3794270,"Divine's Howl","",,"₹ 480",83.29,"Nov 2025",826,0,2527
574140,"Project LUX","",,"₹ 1100",83.29,"Feb 2018",8087,0,28
2685250,"Where Rabbits 兔子在哪里","",,"₹ 52",83.28,"Dec 2023",94,0,6
1120370,"場外人生","",,"₹ 154",83.28,"Aug 2019",1111,2,36
1555400,"Gomoku Let's Go","",,"₹ 125",83.28,"Jul 2021",1925,4,345
2895750,"So Fart Away","",,"₹ 480",83.27,"Mar 2025",79,0,8
4185000,"Dash Dot Die Demo","Demo",,"Free",83.27,"Jan 2026",0,0,5
3619030,"My Beautiful Misinterpretation of Words","",,"Free",83.27,"Mar 2026",81,0,3
3574610,"Cats Visiting Cozy Art Studios","",,"₹ 105",83.27,"Mar 2025",50,0,3
1483470,"Catty & Batty: The Spirit Guide","",,"₹ 250",83.27,"Feb 2021",126,0,4
942520,"Thrusty Ship","",,"₹ 519",83.27,"Jan 2019",55,0,9
3699970,"Blasfemia","",,"₹ 480",83.27,"Jun 2025",957,0,40
331870,"AER Memories of Old","",-90%,"₹ 47",83.27,"Oct 2017",19373,3,483
2307260,"Cardeneer","",,"Free",83.26,"Nov 2023",314,1,70
2741950,"All She Wants For Christmas Is YOU","",,"₹ 105",83.26,"Jan 2024",253,0,23
3196550,"花奴令 Huanu Poems","",,"₹ 200",83.26,"Jan 2025",768,0,38
4341330,"Weed Supermarket Simulator: Prologue","",,"Free",83.26,"Mar 2026",421,16,65
927250,"Bladed fury","",,"₹ 349",83.26,"Dec 2018",17830,1,1191
807120,"Iratus: Lord of the Dead","",-90%,"₹ 150",83.26,"Apr 2020",44418,55,4258
1509510,"Settlement Survival","",,"₹ 880",83.25,"Oct 2022",72846,210,5613
1276070,"Manufactoria 2022","",,"₹ 880",83.24,"Aug 2022",825,2,34
1577660,"Trash Quest","",,"₹ 125",83.24,"Apr 2021",236,0,6
3760160,"Dungeon Raid: Zero Floor","",,"Free",83.24,"Sep 2025",295,0,32
2831910,"CastingPlz","",,"Free",83.24,"Mar 2024",206,2,27
1202480,"36 apples","",,"Free",83.24,"Aug 2019",132,0,5
3704300,"FIND ALL 9: Fantasy","",,"₹ 109",83.24,"Oct 2025",202,0,158
742700,"Empire Deluxe Combined Edition","",,"₹ 529",83.24,"Jun 2018",741,30,88
2687160,"Notanote","",,"Free",83.24,"Feb 2024",838,5,96
1056350,"Wizard Warfare","",,"₹ 349",83.23,"Dec 2019",642,0,10
3720340,"your wife, mother and daughter","",,"₹ 52",83.23,"Jul 2025",272,3,16
3988710,"Nightmare Circus Demo","Demo",,"Free",83.23,"Sep 2025",0,2,15
2685270,"Where Foxes 狐狸在哪里","",,"₹ 52",83.23,"Jul 2024",53,0,3
3050600,"Exorcist: Reviewer of Minds","",,"₹ 300",83.23,"Jun 2024",224,0,36
2805260,"POLY IMPULSE","",,"₹ 599",83.23,"Mar 2026",295,0,38
661680,"Growbot","",-42%,"₹ 474",83.23,"Oct 2021",2412,0,17
2251400,"Everdeep Aurora","",,"₹ 880",83.23,"Jul 2025",4670,0,89
1184990,"Huuma Mina: The Secret of Immortality","",,"₹ 459",83.23,"Jun 2020",3267,2,275
262470,"Rollers of the Realm","",,"₹ 480",83.23,"Nov 2014",2269,0,243
982290,"Airborne Kingdom","",-70%,"₹ 329",83.23,"Mar 2022",31133,7,1136
629000,"Lydia","",,"₹ 81",83.22,"Jun 2017",2406,0,33
2300230,"Feather Party","",,"₹ 450",83.22,"Jan 2026",2576,2,251
317510,"Beyond Gravity","",,"₹ 85",83.22,"Sep 2014",675,0,170
2538290,"It Has My Face Demo","Demo",,"Free",83.21,"Aug 2023",0,0,130
4032450,"Second Stellar Demo","Demo",,"Free",83.21,"Sep 2025",0,0,71
2000210,"Mythwrecked: Ambrosia Island","",,"₹ 1100",83.21,"Dec 2024",2160,0,43
696480,"The Norwood Suite","",,"₹ 369",83.21,"Oct 2017",1532,0,295
1787160,"Cupid Nonogram","",,"₹ 125",83.20,"Nov 2021",125,1,15
819630,"Basketball Classics","",,"₹ 349",83.20,"Dec 2019",715,0,9
1561750,"Mission in Snowdriftland - Snowlogue","",,"—",83.20,"May 2021",376,0,21
297110,"Cosmic DJ","",,"₹ 155",83.20,"Oct 2014",803,0,63
1672310,"Decarnation","",,"₹ 690",83.20,"May 2023",7107,0,126
318840,"Tempopo","",,"₹ 880",83.19,"Apr 2025",591,3,10
818050,"Wormster Dash","",,"₹ 85",83.19,"Oct 2018",186,0,6
3899010,"Soba's Gunpaw","",,"₹ 155",83.19,"Nov 2025",117,0,43
1005410,"Freedom Finger","",,"₹ 400",83.19,"Sep 2019",741,0,15
2084010,"CosmoOdyssey:Trip to Mars","",,"₹ 250",83.19,"Aug 2022",430,0,4
4201710,"Meow My Crop!","",,"Free",83.19,"May 2026",930,1271,2222
1293650,"b 2","",,"Free",83.19,"May 2020",219,0,9
2100780,"Spin Time","",,"₹ 105",83.18,"Dec 2022",83,0,8
2421950,"The Guardian of Nature","",,"₹ 450",83.18,"May 2026",1889,2,14
2148930,"Pets Hotel: Prologue","",,"Free",83.18,"Jan 2023",2254,0,197
2050590,"Fhtagn Simulator","",-60%,"₹ 119",83.18,"Oct 2022",2854,3,238
438140,"Star Realms","",,"Free",83.18,"Mar 2016",4020,39,233
3207780,"Love Mansion","",,"₹ 530",83.17,"Sep 2025",4417,3,200
1408110,"The Grounding","",,"₹ 250",83.17,"Sep 2020",542,0,40
1417930,"Lorn's Lure","",,"₹ 305",83.17,"Sep 2024",9223,3,600
1071870,"Biped","",,"₹ 628",83.17,"Mar 2020",48868,284,4961
935930,"Reignfall","",,"₹ 199",83.16,"Dec 2018",2448,0,48
1184250,"Finnish Army Simulator","",,"₹ 1300",83.16,"Jan 2023",3130,2,456
1119060,"The Designer's Curse","",,"Free",83.16,"Jul 2019",1858,2,34
2570390,"Dave's Fun Algebra Class: Remastered","",,"Free",83.16,"Apr 2024",865,7,133
2447260,"Cats on Duty","",,"₹ 480",83.15,"Jul 2024",815,0,38
4608740,"It's Fine Demo","Demo",,"Free",83.14,"Apr 2026",0,1,77
3674240,"Anura","",,"₹ 155",83.14,"Oct 2025",89,0,5
2609320,"功德木鱼","",,"₹ 105",83.14,"May 2024",175,3,18
2128590,"Omnibullet","",,"₹ 570",83.14,"Feb 2024",230,0,17
817710,"vridniX","",,"₹ 349",83.14,"Aug 2018",146,0,5
1197390,"Robot Island","",,"₹ 125",83.14,"Jun 2020",216,0,2
1445980,"Tiny Traffic","",,"₹ 125",83.14,"Feb 2021",101,0,4
2697430,"Dexterous: Time to Steal","",,"₹ 480",83.14,"Oct 2024",36,0,5
2922050,"Suika Jelly Game","",,"₹ 105",83.14,"May 2024",26,0,9
4335250,"Rainbow Legends Demo","Demo",,"Free",83.14,"Jan 2026",0,1,27
3902010,"Overwords","",,"₹ 155",83.14,"Aug 2025",75,0,7
3856120,"Sohee","",,"₹ 450",83.14,"Mar 2026",127,0,8
3655230,"101 Cats in Mumbai","",,"₹ 52",83.14,"May 2025",39,0,4
2318920,"Re:Touring","",,"₹ 480",83.14,"Apr 2023",145,0,6
3107360,"Grooveyard","",,"₹ 250",83.14,"Oct 2025",158,0,8
661820,"I.F.O","",,"₹ 155",83.14,"Aug 2017",128,0,14
2295120,"Creature Creation Station","",,"₹ 570",83.14,"Mar 2026",313,0,11
1746710,"Count Meowcula's Barbershop","",,"₹ 250",83.14,"Nov 2025",84,0,9
4510820,"Yuremizu: Hold It Through the Shift","",,"₹ 250",83.14,"Apr 2026",151,0,7
890310,"Shadow Brawlers","",,"₹ 459",83.14,"Dec 2019",736,0,6
1224020,"Creepy Tale","",,"₹ 250",83.13,"Feb 2020",4643,4,855
857980,"Void Bastards","",,"₹ 699",83.12,"May 2019",39331,11,2886
2214950,"cat and rat","",,"₹ 52",83.11,"Nov 2022",124,0,21
1065260,"GENSOU Skydrift","",,"₹ 1551",83.11,"Dec 2019",5049,1,172
1791580,"The Lilliput Workshop","",,"₹ 400",83.10,"Aug 2025",881,0,26
3788960,"Galactic Vault Demo","Demo",,"Free",83.10,"Sep 2025",0,0,26
1570790,"2D Platformer GAME (Toy Factory)","",,"Free",83.10,"Apr 2021",150,0,5
3169790,"Haneda Girl","",,"₹ 899",83.10,"May 2025",1207,0,16
1421970,"Time Loader: First Memories","",,"—",83.10,"Nov 2020",454,0,27
1677090,"Godless","",,"₹ 480",83.10,"Jun 2024",945,0,26
280910,"T.E.C. 3001","",,"—",83.10,"Apr 2014",593,0,921
1111620,"Gloomy Eyes VR","",-89%,"₹ 36",83.09,"Feb 2020",803,0,6
1393420,"TOKOYO: The Tower of Perpetuity","",,"₹ 399",83.09,"Jun 2022",5992,2,169
2579280,"子归 - Blossom","",,"₹ 400",83.09,"Jul 2024",1787,6,322
4038320,"This Ain’t Even Poker, Ya Joker","",,"₹ 230",83.09,"Dec 2025",2257,50,1701
873940,"Crying Suns","",,"₹ 569",83.09,"Sep 2019",29094,10,1479
4346840,"Wabisabi SushiDerby Demo","Demo",,"Free",83.07,"Feb 2026",0,2,55
3751430,"Pocket Gecko","",-20%,"₹ 160",83.07,"Dec 2025",184,4,32
1126710,"魔法使いハナビィ Hanaby the Witch","",,"₹ 700",83.07,"Oct 2019",424,0,30
1562140,"Sophie: Starlight Whispers","",,"₹ 610",83.07,"Mar 2026",1016,0,14
2116680,"FAIRY TAIL: Beach Volleyball Havoc","",,"₹ 345",83.07,"Sep 2024",1118,0,77
3834120,"Lucid Clowder","",,"Free",83.07,"Nov 2025",253,0,19
2789770,"Epigraph","",,"₹ 155",83.07,"Feb 2024",382,9,44
710030,"Cinderella Escape 2 Revenge","",,"₹ 479",83.07,"Oct 2017",8441,0,102
1990110,"SpellRogue","",,"₹ 880",83.07,"Apr 2025",10834,16,1312
324080,"Rising World","",,"₹ 690",83.07,"Dec 2014",109186,59,654
1187330,"Tower Tag","",,"₹ 349",83.06,"Mar 2026",1253,6,64
429330,"Stikbold! A Dodgeball Adventure","",,"₹ 369",83.06,"Apr 2016",3093,2,159
1058380,"Streamer Daily","",,"₹ 570",83.06,"Mar 2020",2308,1,317
1346840,"Dead Reset","",,"₹ 690",83.05,"Sep 2025",5446,0,175
614910,"#monstercakes","",,"₹ 52",83.05,"May 2017",582,24,1107
1802720,"Sixtar Gate: STARTRAIL","",,"₹ 569",83.05,"Dec 2024",3059,5,257
2844620,"Bed and BEAKfast","",,"Free",83.04,"May 2024",205,0,8
1273750,"Button City","",,"₹ 529",83.04,"Aug 2021",1527,0,29
3854870,"ShipCrafter","",,"₹ 400",83.04,"Oct 2025",962,12,118
1243130,"Nimbatus - Drone Creator","",,"Free",83.04,"Apr 2020",1199,1,41
340280,"Cubot","",,"₹ 119",83.04,"Jan 2015",963,1,71
3474310,"The Clingy Ghost","",,"₹ 155",83.03,"Oct 2025",269,0,72
1117090,"Purple Place - Classic Games","",,"₹ 105",83.03,"Oct 2023",3297,1,58
1430930,"THIEF'S SHELTER","",,"₹ 499",83.02,"Oct 2025",1441,1,15
4283340,"FIND KITTENS 9: Aliens","",,"₹ 54",83.02,"Jan 2026",112,1,47
2825250,"3秒ばなな","",,"₹ 105",83.02,"Mar 2024",122,0,20
2482150,"TENSEI","",,"₹ 155",83.02,"Mar 2024",346,0,17
636270,"Arcadia Cafe","",,"₹ 259",83.02,"Apr 2026",425,1,19
895140,"JJBoom","",,"₹ 199",83.02,"Apr 2026",899,0,122
3358820,"SnaPaul","",,"₹ 105",83.01,"Dec 2024",110,0,2
892780,"Sanguine Sanctum","",,"₹ 199",83.01,"Sep 2018",199,0,5
979090,"Stunt Simulator Multiplayer","",,"₹ 42",83.01,"Dec 2018",85,0,19
871190,"Hatch","",,"₹ 125",83.01,"Sep 2019",217,0,4
1108170,"Plot of the Druid","",,"₹ 459",83.01,"Nov 2022",1119,0,9
2809570,"Caution Ahead: Part 1","",,"₹ 209",83.00,"Sep 2024",90,0,4
1946990,"Astrocat: Milky Way Journey","",,"₹ 52",83.00,"Apr 2022",53,0,6
2565260,"NOTICE","",,"₹ 109",83.00,"Dec 2023",52,0,2
1924590,"Sokobalien","",,"₹ 85",83.00,"Aug 2022",51,0,9
1677020,"Magirune 2","",,"₹ 250",83.00,"Jan 2023",127,0,12
1275600,"Kevin's Path to Wizdom","",,"₹ 690",83.00,"Dec 2022",501,0,5
1258020,"SNIKS","",,"₹ 125",83.00,"Aug 2020",100,0,6
1016700,"BOY BEATS WORLD","",,"₹ 349",83.00,"May 2021",115,0,4
2918250,"Superhero Cats","",,"Free",83.00,"Mar 2025",153,0,11
738650,"Seers Isle","",,"₹ 650",83.00,"Sep 2018",2398,0,39
1229500,"Shieldmaiden: Remix Edition","",,"₹ 321",83.00,"Mar 2020",720,0,58
1413020,"Superfly","",,"₹ 459",83.00,"Jun 2022",1559,0,63
708340,"Shark Simulator","",,"Free",83.00,"Nov 2017",948,1,111
1858650,"In Sink: A Co-op Escape Adventure","",,"₹ 690",83.00,"Nov 2024",6846,37,834
1311510,"Embracelet","",,"₹ 610",82.99,"Sep 2020",452,0,14
3218530,"Best Served Cold","",,"₹ 810",82.99,"May 2025",4564,14,330
1069030,"EarthX","",,"₹ 860",82.98,"Jul 2023",3900,3,159
3452270,"Secret Paws - Cozy Offices","",,"Free",82.97,"Jul 2025",170,0,14
2947640,"Kill The Shadow Demo","Demo",,"Free",82.97,"Jul 2024",0,0,2014
1647940,"Anime Artist: Tiffy’s Notty Secret","",,"₹ 105",82.97,"Sep 2021",1083,0,101
1538850,"Grotto","",,"₹ 419",82.97,"Oct 2021",1572,0,12
2942950,"Box Bakery","",,"₹ 610",82.97,"Mar 2026",5684,37,928
340300,"Teddy Floppy Ear - Mountain Adventure","",,"—",82.97,"Jan 2015",857,0,992
759000,".projekt","",,"₹ 199",82.96,"Mar 2018",468,0,11
441010,"Mount Your Friends 3D: A Hard Man is Good to Climb","",,"₹ 345",82.96,"Feb 2018",3174,1,195
1037130,"Dandy Ace","",,"₹ 529",82.96,"Mar 2021",6107,3,464
1966930,"Ballistic Zen","",,"₹ 305",82.95,"Jan 2023",175,0,9
1730190,"The Patient S Remedy","",-40%,"₹ 539",82.95,"Sep 2021",431,1,17
1391050,"Kraken Smash: Volleyball","",,"₹ 250",82.95,"Jan 2021",100,0,8
4017930,"I Have an Item","",,"₹ 155",82.95,"Feb 2026",169,0,38
3602010,"Rogue Cell","",,"—",82.95,"Jun 2025",97,0,10
1577690,"Video Game Fables","",,"₹ 650",82.95,"Jul 2022",273,0,8
1693310,"Winging It","",,"Free",82.95,"Feb 2022",101,0,16
873390,"Celestial Hacker Girl Jessica","",,"₹ 105",82.95,"Dec 2017",81,0,4
1702450,"Língua","",,"₹ 279",82.95,"Oct 2021",366,0,6
2412090,"Total Reload","",,"₹ 880",82.95,"Nov 2025",455,0,4
2685290,"Where Ghost Cats 幽咪在哪里","",,"₹ 52",82.95,"Jul 2024",67,1,3
3174810,"ニコニコさん | Niconico-san","",,"₹ 255",82.95,"Apr 2025",131,0,12
2469570,"Oberty","",,"₹ 155",82.95,"Feb 2024",227,0,20
1224450,"My Jigsaw Adventures - Roads of Life","",,"₹ 250",82.95,"Apr 2020",167,0,12
4314550,"Spacetime Shooter","",,"Free",82.95,"Feb 2026",134,2,15
2178670,"Disminal","",-35%,"₹ 195",82.95,"May 2024",313,1,6
826540,"Audio Trip","",,"₹ 529",82.95,"Dec 2022",1161,2,15
4216670,"Typing Farmer","",,"₹ 259",82.95,"Apr 2026",31965,1823,2925
3030980,"5omeday","",,"₹ 300",82.94,"Jan 2026",1502,1,56
356070,"Commander Cool 2","",,"₹ 169",82.94,"Dec 2015",573,0,1619
385370,"Radiator 2: Anniversary Edition","",,"Free",82.94,"Jun 2016",5329,1,137
1695870,"DunDun VR","",,"Free",82.93,"Sep 2021",222,0,9
1245220,"Serial Lover","",,"₹ 480",82.93,"Jan 2026",1442,1,88
1199660,"The Answer Is 42","",,"₹ 105",82.93,"Dec 2019",190,1,21
1169020,"Dark Fall: Ghost Vigil","",,"₹ 549",82.93,"Jan 2020",825,0,40
1949010,"Room 301 NO.6","",,"₹ 165",82.93,"Sep 2022",1083,0,28
2833590,"DACHstudio Jigsaw Puzzle Box","",,"Free",82.92,"May 2024",127,0,13
3304750,"Mansion of the Dead","",,"₹ 155",82.92,"Mar 2025",286,0,12
1818570,"Threes!","",,"₹ 300",82.91,"Feb 2024",213,1,18
3845830,"Glass Masquerade 4: Constellations","",,"₹ 250",82.91,"Sep 2025",792,6,120
698700,"Rise of the Third Power","",,"₹ 880",82.91,"Feb 2022",5588,1,126
1259640,"Tiny Room Stories: Town Mystery","",,"₹ 349",82.91,"Feb 2021",1745,1,98
3259160,"FREE DUROV - DEMO","Demo",,"Free",82.90,"Oct 2024",0,1,36
2356330,"Candlelight: Lament","",,"₹ 479",82.90,"Aug 2024",1107,0,39
1440360,"Tanks in Labyrinth","",,"₹ 52",82.90,"Feb 2023",131,0,40
917840,"Wintermoor Tactics Club","",,"₹ 690",82.90,"May 2020",4182,0,66
2866910,"Fallopian Frenzy! Come Again?","",,"Free",82.89,"May 2024",101,0,24
1488100,"IncrediMarble","",,"₹ 345",82.89,"Jan 2021",404,2,18
3129760,"101 Cats in Brazil","",,"₹ 52",82.89,"Aug 2024",76,0,7
1882190,"LiDAR Exploration Program","",,"₹ 300",82.89,"Apr 2025",1595,1,44
1445040,"Space Choice: Data Analyzer","",,"Free",82.88,"Mar 2021",401,0,22
2632800,"いるかにうろこがないわけ","",,"Free",82.88,"Nov 2023",535,2,89
1807090,"Wantless : Solace at World’s End","",-78%,"₹ 178",82.87,"May 2024",4315,4,126
1017410,"Tetra Project - 原石计划","",,"₹ 349",82.87,"Sep 2019",6347,0,133
319870,"Jenny LeClue - Detectivu","",,"₹ 880",82.87,"Sep 2019",6566,2,105
1508530,"Epiphany City","",-90%,"₹ 34",82.86,"Apr 2022",1509,0,74
2332260,"Feed the Deep","",,"₹ 345",82.86,"Aug 2024",4597,0,242
1739160,"Meta Meet Cute!!!","",,"₹ 459",82.85,"Sep 2021",365,0,7
4191030,"Till Checkout Do Us Part Demo","Demo",,"Free",82.85,"Nov 2025",0,0,8
1788520,"OctoMaze","",,"₹ 165",82.85,"May 2022",99,0,2
1305590,"Wibbly Witches","",,"₹ 450",82.85,"Oct 2020",98,0,7
2989830,"Park It!","",,"₹ 200",82.85,"Jul 2025",110,0,7
1886400,"Golden Rails: Road To Klondike","",-50%,"₹ 129",82.85,"Feb 2022",97,0,25
1197710,"Golden Rails: Tales of the Wild West","",-50%,"₹ 129",82.85,"Dec 2019",98,1,10
854120,"Subterraneus","",-85%,"₹ 44",82.85,"Dec 2018",304,0,4
3940800,"Space Vomit","",-78%,"₹ 44",82.85,"Sep 2025",29,0,4
1071190,"MineRalph","",,"₹ 459",82.85,"Aug 2019",151,0,10
1353300,"Idle Slayer","",,"Free",82.85,"Dec 2020",3574,1263,2050
2685280,"Where Kiwis 几维鸟在哪里","",,"₹ 52",82.84,"Jul 2024",57,0,3
994270,"Where Birds 鸟儿在哪里","",,"₹ 52",82.84,"Jul 2024",58,0,3
1964310,"MORODASHI SUMO","",,"₹ 199",82.84,"Aug 2022",674,0,102
1290980,"Extra Coin","",-50%,"₹ 345",82.84,"Oct 2024",1367,0,17
4206270,"Wireworks","",,"₹ 345",82.84,"Mar 2026",1860,13,336
1072640,"Beat Blast","",,"₹ 530",82.84,"Aug 2021",2831,1,81
378720,"Thea: The Awakening","",,"₹ 799",82.84,"Nov 2015",45090,18,1742
1948980,"Hero's Adventure: Road to Passion","",,"₹ 810",82.84,"Nov 2023",97956,1596,28936
1844100,"SPEARHEAD","",,"Free",82.83,"May 2022",137,0,12
2113450,"Forests, Fields and Fortresses","",,"₹ 250",82.83,"Apr 2023",283,0,12
1007630,"Wraithslayer","",,"₹ 250",82.83,"May 2019",438,0,15
3027170,"Oil and Sand","",,"Free",82.83,"Jun 2024",12,0,15
1063530,"Cartoon Network Journeys VR","",,"Free",82.83,"Oct 2019",569,0,9
984470,"Big Dipper","",,"₹ 199",82.83,"Jan 2019",509,0,12
1035750,"文字獄","",,"Free",82.83,"Mar 2019",1131,1,110
2759810,"VR Driver School","Application",,"₹ 400",82.83,"Feb 2024",1336,1,8
1511630,"TrackDayR","",,"₹ 1900",82.83,"Mar 2021",5723,99,345
1349040,"Furry Love 2","",,"₹ 52",82.83,"Dec 2021",7554,4,2452
1279510,"Screw Drivers","",,"Free",82.83,"Jun 2024",7946,149,2245
4343150,"Bounce Castle Demo","Demo",,"Free",82.82,"Feb 2026",0,0,9
2976680,"Graytail Demo","Demo",,"Free",82.82,"May 2024",0,1,14
1206090,"BORE DOME","",,"₹ 480",82.82,"May 2022",359,0,6
4273900,"Cards of Prophecy Demo","Demo",,"Free",82.82,"Mar 2026",0,1,33
3105150,"Near-Death-Expedition","",,"₹ 400",82.82,"Jan 2025",222,0,12
2636670,"Honked: a clown noir","",,"₹ 155",82.82,"Oct 2023",163,0,4
1391960,"Star Island","",,"₹ 155",82.82,"Sep 2020",369,0,12
2083600,"梦蝶","",,"₹ 300",82.82,"Jun 2023",438,1,16
3030550,"Farm Chores","",,"Free",82.82,"Jun 2024",32,0,10
808610,"Run TavernQuest","",,"₹ 610",82.82,"Jan 2026",1638,0,63
2576600,"Bottle Can Float","",,"₹ 200",82.82,"Dec 2025",575,0,70
457320,"HoloBall","",,"₹ 479",82.82,"Apr 2016",1101,0,50
761910,"Worbital","",,"₹ 419",82.82,"Jan 2019",3523,1,151
1062830,"Embr","",,"₹ 529",82.82,"Sep 2021",13725,7,670
492630,"Bear With Me - Episode One","",,"Free",82.81,"Aug 2016",7909,0,1216
4079110,"Otterly Lost Demo","Demo",,"Free",82.80,"Nov 2025",0,5,25
1542840,"PuzzlePet - Feed your cat","",,"₹ 54",82.80,"Mar 2021",115,0,3
1950490,"Nova: Cloudwalker's Tale","",,"₹ 480",82.80,"Aug 2023",293,0,9
2802140,"Hello World","",,"₹ 155",82.80,"Jul 2024",181,0,17
1979320,"Amber City","",,"₹ 439",82.80,"Sep 2022",1610,1,23
2005800,"NinjaThea","",,"Free",82.80,"Aug 2022",81,0,6
3110270,"Finding Cats In Fallen Leaves Town","",,"₹ 54",82.80,"Aug 2024",71,0,6
605830,"Organ Quarter","",,"₹ 1100",82.80,"Oct 2017",2011,0,11
268750,"Magicite","",,"₹ 480",82.80,"Jun 2014",40198,9,1985
539720,"Razortron 2000","",,"₹ 52",82.79,"Oct 2016",944,34,7083
3332640,"女神氪金系统","",,"₹ 480",82.78,"Apr 2025",670,0,116
3721890,"Maid of Salvation","",,"₹ 690",82.78,"Oct 2025",1841,5,112
1722020,"Old Coin Pusher Friends","",,"₹ 200",82.78,"Oct 2021",1116,0,839
1061180,"Crumble","",,"₹ 459",82.78,"Dec 2020",3193,2,619
260530,"So Many Me","",,"₹ 459",82.77,"Jul 2014",995,0,19
1383740,"My Cute Commissar","",,"₹ 105",82.77,"Oct 2020",869,0,50
2140850,"Looper Tactics","",,"₹ 530",82.77,"Aug 2023",3061,2,635
4161930,"A taste of home","",,"₹ 155",82.76,"Dec 2025",175,0,29
1978100,"Grand Prix Story","",,"₹ 329",82.76,"Oct 2022",1033,3,233
3347670,"BM General Hospital","",,"₹ 400",82.76,"Mar 2025",1830,11,391
2855770,"The Fear Business","",,"₹ 480",82.75,"Oct 2024",629,0,11
3442630,"BOKURA: planet  Special Demo","Demo",,"Free",82.75,"Jan 2025",0,0,264
2089830,"Beat Slayer","",,"₹ 880",82.75,"Apr 2024",2249,0,46
843180,"Clan O'Conall and the Crown of the Stag","",,"₹ 299",82.75,"Apr 2021",947,0,18
284260,"PANORAMICAL","",,"₹ 480",82.75,"Sep 2015",2264,0,24
1917810,"Rooms of Realities","",,"₹ 810",82.74,"Nov 2023",862,0,16
1411180,"Touhou Block Fall ~ Yukari","",,"Free",82.74,"Nov 2020",96,0,3
3410490,"Oscuro Blossom's Glow","",,"₹ 300",82.74,"Aug 2025",944,0,11
3464970,"Holder of Place","",,"₹ 480",82.74,"Nov 2025",1032,4,232
2300300,"Growth","",,"₹ 480",82.74,"Oct 2023",1808,2,44
1773410,"tERRORbane: an INTRODUCTION, mostly","",,"Free",82.73,"Oct 2021",296,0,35
1405950,"pear potion🍐","",,"₹ 85",82.73,"Feb 2021",125,0,5
2163810,"NecroBouncer: Prologue","",,"—",82.73,"Oct 2022",684,0,419
907760,"ARIDA: Backland's Awakening","",,"₹ 278",82.73,"Aug 2019",2967,0,25
3809620,"100 Cats Lost in Thailand Find & Color","",,"Free",82.72,"Sep 2025",108,0,14
1543240,"Gigapocalypse","",,"₹ 480",82.72,"Nov 2021",1312,0,1043
583760,"Slash It 2","",,"₹ 1600",82.72,"Jan 2017",948,0,1059
957070,"iB Cricket","",,"₹ 2199",82.71,"Oct 2020",316,1,19
1918530,"Pocket Stables","",,"₹ 329",82.71,"Sep 2022",1599,12,337
402630,"The Coma: Cutting Class","",,"—",82.71,"Oct 2015",4067,0,44
3453870,"THE DARUMA CHALLENGE","",,"₹ 300",82.70,"Apr 2025",66,0,8
4342390,"GET OUT! Demo","Demo",,"Free",82.70,"Feb 2026",0,0,3
1005310,"Snake vs Snake","",,"₹ 250",82.70,"Jan 2018",74,0,5
1505380,"A hermit crab is finding a house","",,"₹ 42",82.70,"Feb 2021",58,0,4
3030450,"TRIP Demo","Demo",,"Free",82.70,"Sep 2024",0,0,8
4219380,"Face Interrogation Demo","Demo",,"Free",82.70,"Jan 2026",0,0,6
2925290,"Ursid","",,"₹ 250",82.70,"Mar 2025",66,0,5
2464740,"Elemental Realms","",,"₹ 200",82.70,"Nov 2024",36,0,4
3873450,"Pencil Stories","",,"₹ 530",82.70,"Jan 2026",135,0,7
4343640,"DEI Manager Simulator","",,"₹ 105",82.70,"Mar 2026",135,0,4
3179110,"Winter Girl Demo","Demo",,"Free",82.70,"Sep 2024",0,0,7
2761130,"RoboSync","",,"₹ 155",82.70,"Mar 2024",92,0,2
2275100,"Overencumbered In Another World","",,"₹ 105",82.70,"May 2025",124,0,4
1770440,"Breadbox","",,"₹ 675",82.70,"Dec 2025",606,0,4
2349490,"Otoko Cross: Pretty Boys Breakup!","",,"₹ 345",82.70,"May 2023",272,0,6
1010290,"Find the Letter H","",,"₹ 42",82.70,"Aug 2020",26,0,3
3164710,"Quality Dreams, Reasonably Priced","",,"₹ 770",82.70,"Sep 2025",345,0,7
1856970,"Captain CigArrr","",,"Free",82.70,"Mar 2022",100,0,5
668430,"V-Racer Hoverbike","",,"₹ 1300",82.70,"Jun 2025",2982,0,13
1709050,"Nitro Kid","",,"₹ 880",82.70,"Oct 2022",3811,1,155
3044790,"Plentiful","",,"₹ 499",82.69,"May 2026",1192,2,24
2820310,"Muchacho Bean","",,"₹ 155",82.69,"May 2024",122,0,9
3576690,"Last Laugh","",,"₹ 155",82.69,"Mar 2025",135,0,5
3218690,"Scamster Kombat","",-66%,"₹ 36",82.69,"Nov 2024",49,0,9
3959950,"Rhombus","",,"₹ 250",82.69,"Nov 2025",105,0,8
3908190,"Hidden Cats: Old Amusement Park","",,"₹ 52",82.69,"Aug 2025",55,2,10
3623590,"The 5th Door","",,"₹ 278",82.69,"May 2025",172,0,7
3068710,"Vextorial","",,"₹ 450",82.69,"Sep 2025",290,0,7
1579850,"夏まつりのハナビィ Hanaby's Summer Festival","",,"₹ 1000",82.69,"Jul 2021",325,0,45
1273590,"Jumping Joe! - Friends Edition","",,"₹ 125",82.69,"May 2020",137,0,18
945340,"Ravva and the Cyclops Curse","",,"₹ 105",82.69,"Jan 2019",446,0,8
811870,"Verlet Swing","",,"₹ 450",82.69,"Sep 2018",1355,0,64
4233550,"Brainrot Online","",,"₹ 54",82.69,"Feb 2026",721,16,209
496890,"Replica","",,"₹ 155",82.69,"Jul 2016",10306,1,286
1312060,"Zero-G Gunfight","",,"₹ 250",82.68,"Feb 2023",105,0,6
679500,"Campfire Cooking","",,"₹ 299",82.68,"Oct 2017",258,0,8
2493340,"東方菈菈队","",,"Free",82.68,"Aug 2023",145,0,11
1591730,"Ultreïa: Prologue","",,"Free",82.68,"Apr 2021",283,0,4
822040,"Super Volley Blast","",,"₹ 399",82.68,"Nov 2018",493,1,29
324710,"To Be or Not To Be","",,"₹ 259",82.68,"Feb 2015",1573,1,25
3110520,"101 Cats in Amsterdam","",,"₹ 52",82.67,"Aug 2024",58,0,4
4327990,"Moldwasher Demo","Demo",,"Free",82.67,"Mar 2026",0,5,81
3718870,"NetDive","",,"₹ 155",82.67,"Aug 2025",108,2,58
2119680,"Tropical Resort Story","",,"₹ 329",82.67,"Apr 2023",1158,3,151
3520030,"Knock On The Window","",,"₹ 200",82.67,"Sep 2025",453,1,15
2054740,"Cozy Time","",,"₹ 155",82.67,"Jul 2022",1174,7,46
261510,"Tesla Effect: A Tex Murphy Adventure","",,"₹ 529",82.67,"May 2014",6384,0,494
2949320,"Ratatan","",,"₹ 1100",82.67,"Sep 2025",29489,63,6649
1124830,"Touhou Blooming Chaos","",,"₹ 474",82.66,"Oct 2019",3058,0,64
471810,"Death Squared","",,"₹ 550",82.66,"Mar 2017",3430,4,149
343560,"Bob Was Hungry","",,"₹ 480",82.65,"Aug 2015",724,0,185
1252560,"Love Breakout","",,"₹ 52",82.65,"Mar 2020",1954,0,629
573320,"Underhero","",,"₹ 305",82.65,"Sep 2018",4840,1,114
3118580,"101 Cats in Shanghai","",,"₹ 52",82.64,"Aug 2024",51,0,4
816720,"Bugs Must Die / 异星特勤队","",,"₹ 361",82.64,"Apr 2019",1173,0,8
1948620,"Albert Innovation","",,"Free",82.64,"Oct 2022",346,0,9
1223020,"Minnano Gensokyo Single","",,"₹ 259",82.64,"Dec 2021",1468,0,200
936780,"Warplanes: WW2 Dogfight","",,"Free",82.64,"Apr 2019",4986,15,195
1123050,"GRIME","",-55%,"₹ 256",82.64,"Aug 2021",28157,83,2012
3165090,"Grime&Gold","",,"₹ 250",82.63,"Jan 2026",444,0,17
2845120,"Exoracer","",,"₹ 250",82.63,"Aug 2024",267,3,38
1774700,"INVERT","",,"₹ 105",82.63,"Oct 2021",96,0,9
3242370,"101 Cats in Australia","",,"₹ 52",82.63,"Oct 2024",50,0,4
2449080,"Dungeon No Dungeon: Tyrant's Endgame","",,"₹ 249",82.63,"Feb 2024",354,0,24
800190,"The Adventures of Elena Temple: Definitive Edition","",,"₹ 250",82.63,"Mar 2018",299,0,3
632880,"The Majesty of Colors Remastered","",,"₹ 109",82.63,"Feb 2018",161,0,140
2136110,"Vox Populi: Brazil 2022","",-65%,"₹ 87",82.63,"Feb 2024",200,1,31
1365030,"Cybershock: Future Parkour","",,"₹ 125",82.63,"Jul 2020",225,0,6
1895860,"Monster Girls and the Mysterious Adventure 2","",,"₹ 569",82.63,"Aug 2022",3616,25,558
2512830,"NOTTOLOT","",,"—",82.62,"Mar 2024",643,0,66
1419290,"Out of Line","",,"₹ 400",82.62,"Jun 2021",1503,0,18
992070,"Idle Wizard","",,"Free",82.62,"Jan 2019",1598,518,1544
650570,"Code 7: A Story-Driven Hacking Adventure","",,"₹ 219",82.61,"Aug 2017",1254,0,18
1127470,"Skater Frog","",,"Free",82.61,"Jan 2020",166,0,9
626660,"Flipping Death","",-90%,"₹ 52",82.61,"Aug 2018",1296,0,18
1991300,"Closer the Distance","",,"₹ 880",82.61,"Aug 2024",4330,1,63
1236700,"Goddess of Hentai","",,"₹ 52",82.61,"Feb 2020",1087,0,18
3032630,"Accident Liquidator","",,"Free",82.60,"Jun 2024",41,0,15
1051290,"ZIC – Zombies in City","",,"₹ 199",82.60,"May 2019",328,2,14
3009420,"B.C. Piezophile Demo","Demo",,"Free",82.60,"Jun 2024",0,0,33
646500,"Egypt: Old Kingdom","",-75%,"₹ 172",82.60,"May 2018",11899,8,277
673000,"High Hell","",,"₹ 480",82.60,"Oct 2017",5142,0,65
1599080,"Slow and Steady","",,"Free",82.59,"Apr 2021",206,2,121
2827200,"MIMESIS","",,"₹ 480",82.59,"Oct 2025",59853,325,8417
1677100,"AiliA","",,"₹ 570",82.58,"Jan 2026",1130,0,37
1051960,"Fly Punch Boom!","",,"₹ 459",82.58,"May 2020",1689,0,48
1108000,"Children of Silentown","",-70%,"₹ 239",82.58,"Jan 2023",10848,3,285
314660,"Oddworld: New 'n' Tasty","",,"₹ 469",82.58,"Feb 2015",28390,6,1457
3675060,"Goblin_Gnome_Horn","",,"₹ 200",82.57,"May 2025",821,9,126
3480790,"Reverie in the Moonlight","",,"₹ 480",82.56,"Nov 2025",532,1,50
1867610,"SokoWinter","",,"₹ 54",82.56,"Mar 2022",93,0,7
3531970,"Railway Chai Wala","",,"Free",82.56,"Mar 2025",61,0,4
2994680,"Nobodies: Silent Blood","",,"₹ 345",82.56,"Oct 2024",211,0,12
2598120,"The Cauldron Kids: The Summoning of Mr. Vermicelli","",,"₹ 250",82.56,"Jan 2024",382,0,8
729300,"Cleansuit","",,"₹ 200",82.56,"Nov 2017",170,0,4
1851720,"Dead Pets: A Punk Rock Slice of Life Sim","",-10%,"₹ 606",82.56,"Feb 2026",1080,0,17
559960,"Power Hover","",,"₹ 105",82.56,"Jan 2017",483,0,948
3893770,"你的猫","",,"₹ 52",82.55,"Sep 2025",174,0,32
2561540,"GladiEATers Demo","Demo",,"Free",82.55,"Feb 2026",0,0,28
900490,"Power Gunner","",,"₹ 54",82.55,"May 2019",81,0,9
4238740,"The Board is Yours","",,"₹ 130",82.55,"Apr 2026",68,0,20
1668620,"Castles on Clouds","",,"₹ 155",82.55,"Aug 2024",235,0,7
2917740,"In Between All Times","",,"₹ 570",82.55,"Apr 2025",146,0,8
3945940,"101 Dogs Hidden in Las Vegas","",,"₹ 52",82.55,"Sep 2025",27,0,4
3605120,"Trails","",,"₹ 480",82.55,"May 2025",112,0,5
3196000,"Time Chess Demo","Demo",,"Free",82.55,"Sep 2024",0,0,39
2158130,"Deadly Harvest","",,"₹ 105",82.55,"Oct 2022",114,0,14
2137300,"Hitmen Havoc","",,"₹ 570",82.55,"Sep 2024",127,0,7
1275330,"Viking Heroes","",-50%,"₹ 129",82.55,"Apr 2020",89,1,15
1046630,"Tank Maniacs","",,"₹ 219",82.55,"Dec 2019",232,0,7
985590,"Necrolepsy","",,"₹ 449",82.55,"Oct 2019",144,0,9
3967120,"Drift Market Demo","Demo",,"Free",82.55,"Feb 2026",0,0,5
1318820,"Cyberpulse","",,"₹ 690",82.55,"May 2024",297,0,9
2287350,"Chief Emoji Officer","",,"₹ 155",82.55,"Apr 2023",107,0,7
3414480,"Double Trip","",,"₹ 250",82.55,"May 2025",112,0,8
2814560,"Pro Football","",,"₹ 570",82.55,"Dec 2024",212,1,6
2677480,"Beat the Beats VR","",,"₹ 915",82.55,"Apr 2026",309,0,8
4056940,"Meat Grinder (Demo)","Demo",,"Free",82.55,"Feb 2026",0,0,13
3832740,"Articrow","",,"Free",82.55,"Jul 2025",123,0,6
935120,"GonzoVR","",,"—",82.55,"Oct 2018",189,0,476
2974270,"Into the Restless Ruins Demo","Demo",,"Free",82.55,"Aug 2024",0,0,47
4140860,"A Thousand Cloys Demo","Demo",,"Free",82.55,"Nov 2025",0,1,138
4321860,"Time To Wake Up Demo","Demo",,"Free",82.55,"Mar 2026",0,0,9
514920,"Crash Wheels","",,"₹ 250",82.55,"Dec 2018",748,0,515
3044540,"Riddle Tower","",,"₹ 250",82.54,"Jul 2024",79,0,6
2387410,"Aleph","",,"₹ 155",82.54,"Jun 2024",85,0,5
2843410,"Everloop","",,"₹ 250",82.54,"Mar 2024",192,0,8
2210780,"Hentai BunnyGirl","",,"₹ 52",82.54,"Nov 2022",291,0,5
2995550,"Office Dreaming","",,"Free",82.54,"Jun 2024",75,0,11
4398770,"Barking from the Dark","",,"₹ 200",82.54,"Apr 2026",294,0,13
1949000,"Catgirls From My Sweet Dream","",,"₹ 250",82.54,"Dec 2022",2240,0,54
255320,"Edna & Harvey: The Breakout","",-90%,"₹ 59",82.54,"Oct 2013",2935,72,1223
956310,"Musashi vs Cthulhu","",,"₹ 250",82.53,"May 2024",732,0,5
3677910,"Kanun 1919 Demo","Demo",,"Free",82.53,"May 2025",0,0,14
2159670,"maboroshi caravan","",,"₹ 200",82.53,"Dec 2023",579,6,562
1624830,"Path of Sacrifice","",,"₹ 200",82.53,"Jun 2021",498,1,18
2380860,"illum","",,"Free",82.53,"May 2023",229,0,5
1957330,"VTuber Plus","Application",,"₹ 199",82.53,"Apr 2022",517,1,265
578430,"Puzzle Puppers","",,"₹ 300",82.53,"Jan 2017",403,0,14
1755950,"Time on Frog Island - Prologue","",,"Free",82.53,"Nov 2021",505,0,44
1811740,"The Plague Doctor of Wippra","",-20%,"₹ 384",82.53,"Oct 2022",1925,1,22
1461680,"第五件遗留物","",,"₹ 199",82.53,"Feb 2021",1413,0,100
3048280,"Realistic Ragdoll Sandbox","",,"₹ 155",82.53,"Jul 2024",399,5,40
2287970,"Dungeon's Legion","",,"₹ 800",82.53,"Oct 2023",5557,4,676
460060,"Varenje","",,"Free",82.53,"Jul 2018",2852,0,127
840930,"Bing Bong XL","",,"₹ 52",82.52,"May 2018",332,1,95
982150,"h3","",,"—",82.52,"Jan 2019",1190,0,20
390290,"Bulb Boy","",,"₹ 359",82.51,"Oct 2015",3571,4,1108
1658290,"Eiyuden Chronicle: Rising","",,"₹ 829",82.50,"May 2022",15677,10,1163
1544570,"Plot of the Druid: Nightwatch","",,"Free",82.49,"Oct 2020",582,1,19
1795170,"超将棋","",,"Free",82.49,"Nov 2021",1102,4,679
2529790,"GRIME II","",,"₹ 810",82.49,"Mar 2026",8234,125,1780
3722600,"Last Term","",-30%,"₹ 175",82.48,"Oct 2025",303,1,23
674850,"2MD: VR Football Classic","",,"₹ 419",82.48,"Sep 2017",252,0,12
2896980,"Cats in the Ancient City of Gu Su","",,"₹ 52",82.46,"Apr 2024",121,0,5
1404300,"Drops of Death","",,"₹ 570",82.46,"Aug 2025",1128,1,87
2974620,"SignaNota","",,"₹ 480",82.46,"Apr 2025",387,0,20
2413190,"Emergency Cleanup Co.","",,"₹ 571",82.46,"Nov 2024",1369,12,94
252550,"Qbeh-1: The Atlas Cube","",,"₹ 349",82.46,"May 2014",3302,0,402
1820170,"The Two of Us","",,"Free",82.46,"Dec 2021",2438,2,255
1709070,"Car Tehc","",,"Free",82.45,"May 2022",210,1,18
932220,"IMMURE","",,"Free",82.45,"May 2019",1113,0,25
2098290,"Project R4T","",,"Free",82.45,"Dec 2022",132,0,12
1087810,"Forgetful Dictator","",,"Free",82.45,"Sep 2019",476,0,32
1361760,"Cartomante – Fortune Teller","",,"₹ 199",82.45,"Sep 2020",302,0,5
3337180,"Tiny Isle","",,"₹ 480",82.45,"Jan 2026",1512,10,274
553590,"Hot Squat","",,"Free",82.45,"Nov 2016",339,0,6
558450,"Fibrillation HD","",,"₹ 199",82.45,"Apr 2017",2389,0,14
1135700,"Welcome To The Dark Place","",,"Free",82.45,"Oct 2025",2307,0,228
1116540,"DAVIGO: VR vs. PC","",,"₹ 1100",82.45,"Nov 2023",17401,4,201
1245430,"Golden Light","",-70%,"₹ 264",82.45,"Mar 2022",12162,5,993
4166520,"Mirage Miracle Quest Demo","Demo",,"Free",82.44,"Dec 2025",0,3,32
2916300,"Kiko's Apple Adventure","",,"₹ 300",82.44,"May 2025",124,1,14
2355350,"Confabulation: Homestead","",,"₹ 250",82.44,"Sep 2023",240,0,13
3863030,"Mate'Morphosis","",,"₹ 155",82.44,"Jan 2026",177,0,9
2522660,"Deep Under","",,"₹ 250",82.44,"Apr 2024",167,0,5
1138990,"Block in the Lock","",,"Free",82.44,"Sep 2019",92,0,7
3333680,"100 Find Kitties: Thief","",,"₹ 69",82.44,"Nov 2024",73,0,3
397400,"HueBots","",,"Free",82.44,"Aug 2015",255,0,16
1240060,"A Highland Song","",-70%,"₹ 243",82.44,"Dec 2023",6441,5,108
1369700,"Solar Expanse - Space Exploration Manager","",,"₹ 839",82.44,"Apr 2026",18420,220,1692
1141020,"Adventure Escape Mysteries","",,"Free",82.43,"May 2020",1515,107,298
2196790,"Jianghu Survivor","",,"₹ 345",82.43,"Jun 2023",2840,1,1525
2402170,"Veggie Quest: The Puzzle Game","",,"₹ 880",82.42,"Jan 2024",228,2,20
1258790,"VideoHole: Episode I","",,"₹ 165",82.42,"Feb 2021",203,0,4
857950,"Incredible Mandy","",,"₹ 459",82.42,"Nov 2018",2197,0,57
3021630,"Savara","",-50%,"₹ 440",82.42,"May 2025",5796,10,432
2712380,"Legends of Dragaea: Idle Dungeons","",,"₹ 480",82.42,"Nov 2025",5697,114,4645
1222270,"Gunbrick: Reloaded","",,"₹ 690",82.41,"Apr 2020",433,0,9
2870580,"Cubed and Dangerous","",,"₹ 248",82.41,"Aug 2024",165,0,8
1144150,"Singled Out","",,"₹ 209",82.41,"Sep 2019",133,0,3
657930,"Spartaga","",,"—",82.41,"Aug 2017",118,0,7
620360,"Toy Clash","",,"₹ 459",82.41,"Aug 2017",432,0,5
1047120,"Gorilla Unko","",,"₹ 42",82.41,"Apr 2019",25,0,31
3189780,"Garden Rivals","",,"Free",82.41,"Oct 2025",233,0,18
2412190,"Meaningless","",,"₹ 250",82.41,"Jul 2023",92,0,4
1191550,"Fifo's Night","",,"Free",82.41,"Oct 2020",381,0,23
2336590,"White Night Dream","",-31%,"₹ 36",82.41,"Jun 2023",876,0,118
259490,"Beast Boxing Turbo","",,"—",82.41,"—",428,0,25
1003520,"Hentai Crush","",,"₹ 105",82.41,"Mar 2019",14461,1,1166
1471650,"The Knightling","",-75%,"₹ 349",82.40,"Aug 2025",5540,9,223
935270,"Great Hero's Beard","",,"—",82.40,"Oct 2018",1997,4,2175
934580,"Hell Wedding 夜嫁","",,"Free",82.40,"Jun 2020",5205,0,113
3059510,"Bean Beasts Demo","Demo",,"Free",82.39,"Jun 2024",0,0,43
4339520,"Runeomicon Demo","Demo",,"Free",82.39,"Feb 2026",0,0,23
1281560,"Beyond Solar","",,"₹ 480",82.39,"Mar 2026",85,0,5
4020250,"Bochi Collection","",,"₹ 105",82.39,"Mar 2026",48,0,2
3891120,"101 Dogs Hidden in Dubai","",-50%,"₹ 26",82.39,"Aug 2025",26,0,4
2953590,"CLONY","",,"₹ 155",82.39,"Oct 2024",113,0,6
2952140,"WAKUSEI","",,"₹ 250",82.39,"Jun 2024",54,0,9
2928480,"BossCrafter","",,"₹ 105",82.39,"Jun 2024",147,1,3
1682550,"Lost and found - What if I come and find it","",,"₹ 730",82.39,"Oct 2021",137,0,8
1874950,"Runner Party","",,"₹ 480",82.39,"Dec 2022",91,0,12
1796630,"sCATch: The Painter Cat","",,"₹ 200",82.39,"Nov 2021",71,0,2
1128370,"Try again!","",,"₹ 105",82.39,"Jan 2020",66,0,2
2382920,"Munchy Mammals","",,"₹ 250",82.39,"Oct 2023",89,0,9
4439600,"The Rabbit Haul Demo","Demo",,"Free",82.39,"Mar 2026",0,1,25
1109490,"The Cherry Orchard","",,"₹ 259",82.39,"Nov 2020",191,0,5
3846180,"Fantasy Forest","",-5%,"₹ 231",82.39,"Nov 2025",93,0,21
1021880,"StarWheels","",,"₹ 349",82.39,"Jun 2019",121,0,26
3828280,"Deckstination","",,"Free",82.39,"Jul 2025",227,0,12
2259180,"No Questions Asked","",,"Free",82.39,"Jan 2023",250,0,4
2626120,"Star Racer","",,"₹ 480",82.39,"Jul 2025",921,0,19
1858530,"Kitty Ball","",,"Free",82.39,"Apr 2022",413,0,35
1114430,"Ballex","",,"₹ 165",82.39,"Aug 2019",1029,6,36
885470,"Wired","",,"Free",82.38,"Jul 2018",141,0,18
1285020,"Flipon","",,"₹ 81",82.38,"Oct 2020",262,0,15
1094600,"Kingdom of Night","",,"₹ 880",82.38,"Dec 2025",7819,5,167
1420830,"Happy Numbers","",,"₹ 105",82.38,"Oct 2020",2598,0,133
2484130,"Fruitbus","",,"₹ 1100",82.38,"Oct 2024",6106,3,254
612720,"SAELIG","",,"₹ 459",82.38,"Jul 2017",18996,19,247
4054940,"Return to Dark Castle","",,"₹ 880",82.37,"Mar 2026",714,1,31
1094250,"It Stares Back","",,"₹ 349",82.37,"Jun 2019",1092,0,6
708150,"Lost Artifacts - Ancient Tribe Survival","",-90%,"₹ 69",82.37,"Feb 2018",183,0,17
1097130,"Circuit Superstars","",-50%,"₹ 264",82.37,"Oct 2023",15480,4,396
104200,"BEEP","",,"Free",82.37,"May 2011",2345,1,1373
1550510,"Creepy Tale 2","",,"₹ 349",82.36,"Jul 2021",3571,4,319
3062970,"Fishlike","",,"₹ 250",82.35,"Aug 2024",266,0,51
358070,"Earthtongue","",,"₹ 259",82.35,"Apr 2015",884,1,1189
1299810,"Kovox Pitch","",,"Free",82.35,"Jan 2022",691,1,19
1919550,"Hidden Cats in Paris","",,"₹ 105",82.35,"Mar 2022",376,0,32
1431570,"GLASS","",,"₹ 105",82.35,"Nov 2020",6995,1,97
275100,"Shelter 2","",,"₹ 1100",82.35,"Mar 2015",44207,3,607
302590,"Of Guards And Thieves","",,"Free",82.35,"Dec 2016",16433,0,425
801750,"Hot Shot Burn","",,"₹ 690",82.34,"Jan 2020",1302,1,22
257710,"Max Gentlemen","",,"Free",82.34,"Aug 2014",1080,1,162
3781500,"La Galerie des Toilettes","",,"₹ 635",82.33,"Jun 2025",92,0,5
1951520,"Romp of Dump","",,"Free",82.33,"Jan 2024",367,0,11
4018210,"Restless Dreams","",,"₹ 155",82.33,"Jan 2026",196,0,9
870890,"Museum of Symmetry","",,"Free",82.33,"Aug 2018",317,0,8
1265120,"Freddy Spaghetti","",,"₹ 250",82.33,"Apr 2020",156,0,6
954010,"Definitely Sneaky But Not Sneaky","",,"₹ 250",82.33,"Feb 2019",113,0,6
1918480,"Dragon Sleuth Brittany","",,"₹ 690",82.33,"Aug 2025",7833,3,365
1151390,"Putin Life","",,"₹ 52",82.33,"Nov 2019",2733,0,8
3657210,"Amanda the Adventurer 3","",,"₹ 480",82.33,"Nov 2025",2678,3,1156
809060,"REVEIL","",-60%,"₹ 399",82.33,"Mar 2024",6117,3,115
2991730,"Insert Item Apocalypse","",,"Free",82.32,"Jun 2024",16,0,4
1484940,"Marmoreal","",,"₹ 459",82.31,"Aug 2024",506,0,12
4361900,"City Painter","",,"₹ 480",82.31,"Apr 2026",275,1,16
4603960,"Banana Blood","",,"₹ 159",82.31,"Apr 2026",55,0,5
3440240,"101 Cats in Bangkok","",,"₹ 52",82.31,"Jan 2025",44,0,3
3424740,"Firework War","",,"Free",82.31,"Jan 2025",163,0,10
624710,"Cow Milking Simulator","",,"₹ 125",82.31,"Oct 2017",116,0,98
474210,"BUTCHER","",,"₹ 369",82.31,"Oct 2016",6638,1,82
2003660,"Bullet Hell Monday","",,"₹ 399",82.30,"Sep 2022",237,0,14
2412700,"It Is Ticking","",,"₹ 210",82.30,"May 2023",318,0,6
3565380,"KunSpace","",,"₹ 155",82.30,"Sep 2025",38,0,97
534780,"XGun-Weapon Evolution","",,"₹ 229",82.30,"May 2017",372,0,16
3179050,"Piece by Piece","",-20%,"₹ 456",82.30,"Mar 2026",2284,1,77
916900,"Paperbark","",,"₹ 329",82.30,"Jun 2018",2082,1,25
399070,"Dragon's Wake","",,"₹ 165",82.30,"Dec 2015",1374,0,85
897690,"Ding Dong VR","",,"—",82.29,"Aug 2018",199,0,4
618470,"Qbik","",,"₹ 199",82.29,"Nov 2017",253,1,498
525640,"Bullets And More VR - BAM VR","",,"₹ 349",82.29,"Apr 2018",1599,0,71
317710,"Velocibox","",,"₹ 300",82.29,"Sep 2014",985,0,171
1501650,"Whisperwind","",,"₹ 199",82.28,"Jan 2021",277,0,6
2244630,"Lovux","",,"₹ 159",82.28,"Jul 2023",240,0,6
3928990,"Food Processing Simulator","",,"₹ 610",82.28,"May 2026",2140,106,466
4249770,"Captain Whiskers: Incremental Seas","",,"₹ 300",82.28,"Feb 2026",842,6,935
4039000,"WORLD WAR V: LAST CALL Demo","Demo",,"Free",82.27,"Sep 2025",0,0,6
3023170,"Dice Player One: Trailer","",,"Free",82.27,"Jul 2024",110,0,17
4317410,"Box or Void Demo","Demo",,"Free",82.27,"Jan 2026",0,0,34
3874490,"Denrei Survivors","",,"₹ 480",82.27,"Nov 2025",120,0,23
3422560,"MultiWindows Demo","Demo",,"Free",82.27,"Jan 2025",0,0,17
3245740,"100 Hidden Kooky & Hiking Boots","",,"₹ 105",82.27,"Oct 2024",34,0,4
1939500,"Hare Apparent","",,"Free",82.27,"Apr 2022",126,0,4
1366420,"Cellular Harvest","",,"₹ 259",82.27,"Aug 2020",148,0,2
601120,"Brain Machine","",,"—",82.27,"Sep 2017",947,0,6
3105620,"Everseeker: Little Critters","",,"₹ 52",82.27,"Jan 2025",72,0,3
3885820,"The Spirit Weaver","",,"₹ 200",82.27,"Apr 2026",133,0,10
293900,"Pivvot","",,"₹ 259",82.27,"Jul 2014",1169,0,79
3246230,"Spider Land","",,"Free",82.25,"Apr 2025",154,0,14
3507100,"FIND KITTENS 3: Steampunk","",,"₹ 54",82.25,"Apr 2025",120,0,22
695110,"Twickles","",,"₹ 319",82.25,"Sep 2017",223,0,10
1181840,"HIVESWAP: ACT 2","",,"₹ 459",82.25,"Nov 2020",4722,0,1837
3032650,"Pizza Boy Z","",,"Free",82.24,"Jun 2024",28,0,15
1939940,"Roll Player - The Board Game","",,"₹ 459",82.24,"Apr 2023",1870,0,26
2715060,"PolyZen Drive","",,"₹ 249",82.24,"Jan 2024",452,0,14
542770,"Castle Must Be Mine","",,"₹ 479",82.24,"Jul 2018",1635,0,15
359040,"The Music Machine","",,"₹ 259",82.24,"May 2015",1762,1,155
1705580,"SiNKR 3","",,"₹ 200",82.23,"Aug 2022",172,0,7
1820570,"Panic Porcupine","",,"₹ 400",82.23,"Oct 2022",376,0,7
586660,"Trackless","",,"₹ 369",82.23,"Sep 2017",609,0,10
2263920,"Multiplayer Platform Golf","",,"₹ 250",82.23,"Feb 2024",656,4,124
517130,"Soundboxing","",,"₹ 730",82.23,"Sep 2016",746,1,41
2266740,"Twinkle Hunter","",,"₹ 570",82.22,"Jan 2024",133,0,5
3444470,"Herald of the Mists Demo","Demo",,"Free",82.22,"Mar 2025",0,0,5
2446740,"X-Force Under Attack","",,"₹ 300",82.22,"Oct 2023",124,0,3
4638510,"CH13: Rest Stop Demo","Demo",,"Free",82.22,"May 2026",0,0,6
3863800,"Finding Cats","",,"₹ 155",82.22,"Dec 2025",51,0,10
2507990,"tilt frog","",,"₹ 500",82.22,"Nov 2024",113,0,8
1422950,"Worm Adventure 4: Into the Wormhole","",,"₹ 199",82.22,"Feb 2021",41,0,8
3643330,"Zenith Drift","",,"₹ 155",82.22,"May 2025",32,0,8
557570,"Able Black","",,"₹ 42",82.22,"Dec 2016",123,0,4
1780290,"Let's Puzzle","",,"₹ 400",82.22,"Nov 2021",76,0,9
3340160,"Lenrual","",,"₹ 250",82.22,"Nov 2025",140,0,4
817800,"Overlook Trail","",,"₹ 499",82.22,"Mar 2025",173,0,4
1370770,"Let It Go - How to realize your dreams","",,"₹ 349",82.22,"Nov 2020",147,0,3
567370,"Atomic 79","",,"₹ 105",82.22,"Jan 2017",178,0,56
1705590,"Larry The Unlucky Part 2","",,"Free",82.22,"Aug 2021",187,1,20
3524160,"Crescent Tower","",,"₹ 876",82.21,"Aug 2025",1242,6,269
1394130,"Breach Wanderers","",,"₹ 459",82.21,"Jun 2023",1854,11,132
2781190,"DragonLoop: Prologue","",,"Free",82.20,"May 2025",341,1,26
3162020,"ToriDori 2","",,"₹ 259",82.20,"Nov 2024",197,1,11
2648990,"Nerd Survivors","",,"₹ 250",82.20,"Feb 2024",266,0,10
1460800,"Super Dungeon Maker ⚒ - Fink`s Awakening (Prologue)","",,"—",82.20,"Oct 2021",1305,0,33
270010,"Time Rifters","",,"₹ 369",82.20,"Oct 2014",5847,0,497
765870,"Leisure Suit Larry - Wet Dreams Don't Dry","",,"₹ 699",82.20,"Nov 2018",7972,5,339
1343670,"Dealer's Life 2","",-50%,"₹ 349",82.20,"Feb 2022",14100,81,2884
2154760,"Schildmaid MX","",,"₹ 690",82.19,"Mar 2023",415,0,15
802400,"Fhtagn! - Tales of the Creeping Madness","",,"₹ 349",82.19,"May 2018",698,0,8
1155300,"Palallel","",,"₹ 125",82.19,"May 2022",156,0,16
1167150,"Zombies and Keys","",,"₹ 52",82.19,"Jul 2022",149,0,3
4362700,"Crawling Angels Demo","Demo",,"Free",82.19,"Feb 2026",0,0,32
2136950,"Forklift Extreme: Deluxe Edition","",,"₹ 599",82.19,"Mar 2023",279,0,12
1620920,"Guazu: The Rescue","",,"₹ 499",82.19,"Jun 2021",172,0,7
2873740,"Annoy This Guy","",,"Free",82.19,"Mar 2024",54,0,5
1199760,"Light Fairytale Episode 2","",,"₹ 480",82.19,"Aug 2021",1187,0,10
3280910,"Haneda Girl Demo","Demo",,"Free",82.19,"Feb 2025",0,0,16
2751810,"Meteora's Mystic Merge","",,"Free",82.19,"Feb 2024",119,0,11
4539950,"Unanswered","",,"Free",82.19,"May 2026",123,2,16
2484630,"无尽的冒险","",,"₹ 52",82.19,"Aug 2025",158,17,113
3080960,"Unlucky Chicken","",,"₹ 155",82.19,"Feb 2025",90,0,20
856600,"Fur the Game","",,"Free",82.19,"Jan 2019",335,0,13
2336580,"Mareld","",,"₹ 345",82.19,"May 2024",1073,0,199
1418540,"SEARCH PARTY: Director's Cut","",,"₹ 199",82.18,"Mar 2021",764,0,12
1282090,"Tree Simulator 2021","",,"₹ 200",82.17,"May 2020",146,0,11
968800,"Necro Story","",-70%,"₹ 207",82.17,"Oct 2024",966,0,31
509250,"TO THE TOP","",,"₹ 529",82.17,"May 2017",4234,1,58
3817090,"Vigil","",,"Free",82.17,"Aug 2025",1847,5,378
2952690,"Witch of Eclipse","",,"₹ 1100",82.15,"Jun 2025",4453,13,559
3756940,"The Ratline","",,"₹ 690",82.15,"Mar 2026",1483,5,172
2305810,"Low Oxygen","",,"Free",82.15,"Mar 2023",284,1,47
1248840,"Sephonie","",,"₹ 880",82.15,"Apr 2022",1974,0,36
1127110,"Outpost","",,"Free",82.15,"May 2020",1718,5,266
1928430,"Check it Out!","",,"Free",82.15,"Apr 2022",817,0,70
1658040,"I Am Future: Cozy Apocalypse Survival","",-50%,"₹ 440",82.15,"Nov 2024",32256,80,3195
4164480,"Speed Vortex","",,"₹ 1600",82.14,"Nov 2025",11,0,13
2522160,"Rogue Fist","",,"₹ 450",82.14,"Apr 2026",258,1,28
244710,"Shelter","",,"₹ 690",82.14,"Aug 2013",10288,0,308
549090,"Counter Agents","",,"Free",82.13,"Dec 2016",734,1,17
2611890,"LOVEY ♡ DOVEY","",,"Free",82.13,"Oct 2023",117,0,6
3034720,"Tavern Manager Simulator: Prologue","",,"Free",82.13,"Jul 2024",615,2,65
423580,"Project Highrise","",-75%,"₹ 220",82.13,"Sep 2016",39995,76,2515
4527120,"Artillery Miner Demo","Demo",,"Free",82.12,"Mar 2026",0,15,277
2793240,"Surveillance Work -Taboo-","",,"₹ 562",82.12,"Feb 2024",166,0,64
584850,"Power Solitaire VR","",,"Free",82.12,"Jun 2017",148,0,45
1109300,"Volt Patrol - Stealth Driving","",,"₹ 199",82.12,"Feb 2021",145,0,6
3066440,"Archipel Logic Infinite","",,"₹ 338",82.12,"Oct 2024",92,0,8
3749430,"Mushroom Clicker","",,"₹ 250",82.12,"Nov 2025",139,2,68
1389200,"Cramped Room of Death","",,"₹ 690",82.12,"Jul 2023",391,0,12
1300560,"Mars Power Industries: First Job","",,"Free",82.12,"Jun 2020",217,0,6
1525890,"Death Park 2","",,"₹ 219",82.12,"Feb 2021",630,1,31
1190150,"Paint Warfare","",,"Free",82.12,"Mar 2022",1980,6,145
2102520,"Apex Point","",,"₹ 850",82.12,"Mar 2023",14778,3,385
1451650,"Demon Turf: Trials","",,"Free",82.11,"Nov 2020",463,0,23
636960,"Wo Yao Da  我要大","",-75%,"₹ 38",82.11,"Sep 2017",883,0,290
4380660,"Prolegomena To a Hyperdimensional Interface That Will Be Able to Manifest From Three-Minute Interchanges Experimental Demo","Demo",,"Free",82.10,"Feb 2026",0,0,24
3521490,"Mystery of the Malign","",,"₹ 650",82.10,"Sep 2025",437,0,17
4164950,"Legitimate Space Corp Simulator LLC - Prologue","",,"Free",82.10,"Dec 2025",472,0,19
1454090,"Army of Numbers","",,"₹ 105",82.10,"Mar 2021",200,0,66
658780,"Bomb Chicken","",,"₹ 690",82.10,"Apr 2019",1946,0,30
393430,"Ice Lakes","",,"₹ 819",82.10,"Apr 2016",10611,3,2595
1256610,"Dream Date","",,"₹ 85",82.10,"May 2020",16945,1,1570
3499580,"Streetdog BMX Demo","Demo",,"Free",82.08,"Feb 2025",0,18,118
1265220,"Cauldrons of War - Barbarossa","",,"₹ 459",82.08,"Sep 2020",1485,3,21
2426020,"Indemon Tales","",,"₹ 345",82.07,"May 2023",307,0,6
2403600,"Jamboy, a Jelly-cious Hero","",,"₹ 400",82.07,"Sep 2025",145,0,10
4007750,"Loutra: Inaugural Group Show","",,"Free",82.07,"Nov 2025",177,0,4
429360,"Lupinball","",,"₹ 369",82.07,"Aug 2017",709,0,15
1395230,"Almost My Floor: Prologue","",,"Free",82.07,"Oct 2020",502,0,14
4156580,"Weed Supermarket Simulator","",-21%,"₹ 450",82.07,"Apr 2026",1691,45,366
2307220,"TSUNDERE MILFIN","",,"₹ 250",82.07,"May 2023",2403,2,122
1397650,"Jetborne Racing","",,"₹ 349",82.07,"May 2021",1651,0,94
1028570,"Lofi Ping Pong","",,"Free",82.06,"Mar 2019",1313,0,43
4354050,"Corporate Lust : Under My Desk, Under My Spell","",-30%,"₹ 108",82.05,"Feb 2026",527,0,16
1572120,"Unblock Me Car","",,"₹ 52",82.05,"Mar 2021",72,0,125
2167130,"Cat's Request","",,"₹ 450",82.05,"Aug 2023",1113,0,14
3664320,"BARDA: Backpack Roguelike","",-10%,"₹ 405",82.05,"Jun 2026",577,4,18
3728960,"Witchy Wonderland","",,"₹ 250",82.05,"Jun 2025",19,0,9
1092040,"BOMJMAN","",,"Free",82.05,"Dec 2020",2887,1,300
529660,"Mages of Mystralia","",,"₹ 565",82.05,"May 2017",15127,6,281
3415340,"Ox & Horse Work in Hell","",,"₹ 450",82.04,"Aug 2025",310,0,5
4066890,"Good News Demo","Demo",,"Free",82.04,"Dec 2025",0,0,6
2152780,"Impeachment Survivors","",,"₹ 155",82.04,"Jun 2023",134,0,3
1888100,"Cleaning The System","",,"₹ 250",82.04,"Aug 2022",37,0,9
729640,"BOMBFEST","",,"₹ 326",82.04,"Jan 2019",342,0,7
2020380,"Astrocat: Skylar´s Memories","",,"₹ 52",82.04,"Jun 2022",54,0,5
2107040,"Rumple Town","",,"₹ 155",82.04,"Jul 2023",67,0,7
3672920,"Not My Hand","",,"₹ 345",82.04,"May 2026",104,0,6
4103940,"HOLFACE","",,"₹ 250",82.04,"Apr 2026",100,0,5
1710830,"Super Nano Blaster","",,"₹ 399",82.04,"May 2022",192,0,5
4169930,"My Eggduck (Desktop Random Idle Clicker)","",,"₹ 190",82.04,"Dec 2025",42,1,31
3852810,"Little H.O.P.E.","",,"₹ 105",82.04,"Aug 2025",84,0,4
3585340,"Flail Your Arm, Hit the Ball: Return of KUSOGAKI","",,"—",82.04,"Mar 2025",34,0,15
2897250,"Thaw","",,"₹ 450",82.04,"Feb 2026",203,0,6
2416290,"PLONG","",,"₹ 250",82.04,"Aug 2023",110,0,7
2095260,"Patch","",,"Free",82.04,"Feb 2026",67,0,5
2563180,"Days Like A Nightmare","",,"₹ 250",82.04,"Dec 2023",191,0,22
2804540,"Fragmented City Demo","Demo",,"Free",82.04,"Feb 2024",0,0,11
668230,"SLI-FI: 2D Planet Platformer","",,"₹ 300",82.04,"Sep 2020",63,0,6
3563230,"Pardon My French Toast Demo","Demo",,"Free",82.04,"May 2025",0,0,10
2136550,"HIGhSCORE","",,"₹ 200",82.04,"Mar 2023",64,0,8
2402200,"Hidden Kitten","",,"₹ 230",82.04,"Oct 2023",278,1,19
696560,"Bouncing Duck Simulator","",,"₹ 259",82.04,"Sep 2017",291,0,58
3410310,"Make Good Choices","",,"₹ 155",82.04,"Jan 2025",1349,1,41
1596850,"Bean","",,"Free",82.04,"Apr 2021",418,0,37
3694840,"Mini Painter","",,"₹ 200",82.03,"Jul 2025",591,6,240
2543510,"GUNTOUCHABLES","",,"₹ 250",82.03,"Aug 2025",13126,44,16284
3617040,"ChuChu","",,"₹ 650",82.02,"Dec 2025",364,1,162
452490,"The Cubicle.","",,"Free",82.02,"Apr 2016",1938,0,36
3919920,"FIND KITTENS 4: Aetherpunk","",,"₹ 54",82.01,"Aug 2025",100,0,30
2199580,"Interstellar Pilot 2","",,"₹ 52",82.01,"Jan 2023",1166,2,25
2365670,"Hyper Hentai Bikini Party","",,"₹ 52",81.99,"Apr 2023",384,0,9
791770,"Try To Fall Asleep","",,"₹ 570",81.99,"Mar 2019",1745,0,13
4036410,"HELLMART Demo","Demo",,"Free",81.99,"Oct 2025",0,4,276
4121400,"Uktena 64 - Ultimate","",,"₹ 345",81.98,"Nov 2025",647,1,30
3150510,"Humiliation Dungeon Survivors","",,"₹ 480",81.98,"Mar 2025",3945,10,551
1023740,"7 Sexy Sins","",,"₹ 85",81.98,"Apr 2019",2451,0,67
3005180,"Rotosaurus Adventure","",,"Free",81.97,"Mar 2025",87,0,9
3531490,"Treeplanter: Plant real trees🌲","",-30%,"₹ 140",81.97,"Apr 2026",858,0,12
4008490,"Campfire with Cat","",,"₹ 105",81.97,"Feb 2026",225,31,101
3582780,"101 Cats in Shenzhen","",,"₹ 52",81.97,"Apr 2025",38,0,4
3540760,"The Son of Art","",,"₹ 400",81.97,"Dec 2025",295,0,30
1411030,"Square Game","",,"Free",81.97,"Sep 2020",70,2,6
3666270,"Two the Top Friend Pass","Demo",,"Free",81.97,"May 2025",0,0,22
1402030,"Strings Theory","",,"₹ 459",81.97,"Dec 2021",304,0,18
3502200,"NET.CRAWL Demo","Demo",,"Free",81.97,"Feb 2025",0,0,14
4384820,"Global Football","",,"Free",81.97,"May 2026",126,0,21
1280380,"Moolii's Dreamland","",,"₹ 400",81.97,"Aug 2023",782,0,8
1315270,"PEE WAR！","",,"₹ 105",81.97,"Aug 2020",104,0,6
623640,"Mulaka","",,"₹ 529",81.97,"Feb 2018",3717,0,61
1178210,"Stirring Abyss","",,"₹ 1100",81.97,"Oct 2020",5102,0,98
1113940,"Electronic Super Joy 2","",,"Free",81.97,"Aug 2019",1120,0,200
2564520,"Lost in Random: The Eternal Die","",-20%,"₹ 960",81.97,"Jun 2025",9942,9,630
1054800,"变量 Variables","",,"₹ 379",81.97,"Jul 2019",2628,1,1541
2093910,"Time Walker: Dark World","",,"₹ 250",81.97,"Nov 2023",4262,4,3164
353560,"Plug & Play","",,"₹ 200",81.97,"Mar 2015",7768,0,104
395850,"Bear Simulator","",,"₹ 479",81.96,"Feb 2016",5490,0,89
3433810,"咸鱼殿下 / My journey","",,"₹ 570",81.96,"Mar 2025",6899,6,1524
639770,"UNTITLED","",,"Free",81.95,"Jun 2017",201,0,13
2455110,"Yokai Art: Survival Prologue","",,"Free",81.95,"Aug 2023",209,0,16
840310,"SLICE","",,"₹ 105",81.95,"May 2018",112,0,6
1660480,"Arausio","",,"Free",81.95,"Jun 2021",205,0,5
1296610,"Peglin","",,"₹ 880",81.95,"Aug 2024",33160,382,3764
2278830,"GunSuit Guardians","",,"₹ 155",81.94,"Mar 2023",729,0,85
657000,"Rising Hell","",,"₹ 480",81.94,"May 2021",4250,1,28
2909580,"Viractal: Will You Trust Your Party?","",,"₹ 1600",81.94,"Jan 2026",5232,115,1085
440640,"Sweet F. Cake","",,"₹ 385",81.94,"May 2020",2369,0,260
2372950,"Meteorfall: Rustbowl Rumble","",,"₹ 690",81.93,"Mar 2025",587,0,35
1933980,"Pool Slide Story","",,"₹ 379",81.93,"Jul 2022",940,4,129
2955590,"Creepy Shift: Roadside Diner","",,"₹ 359",81.93,"Oct 2024",911,1,17
209790,"Splice","",,"₹ 369",81.93,"Jun 2012",766,0,108
1830970,"The Last Flame","",-50%,"₹ 405",81.93,"Jan 2025",11592,39,3083
1671770,"Star Vortex","",,"Free",81.92,"Jul 2021",110,0,4
4585480,"Entropy Demo","Demo",,"Free",81.92,"Jun 2026",0,12,106
3835880,"Phantom Feline","",,"Free",81.92,"Aug 2025",130,0,3
1213770,"Blastboard","",,"₹ 100",81.92,"Feb 2020",164,0,26
1839680,"Titan Isles","",,"₹ 1100",81.92,"Sep 2025",370,0,15
3581860,"Moonbrella Demo","Demo",,"Free",81.92,"Jun 2026",0,20,101
1322290,"The Case Book of Arne","",,"₹ 558",81.92,"Oct 2020",2417,0,30
1284820,"Desktop Kanojo","",,"₹ 155",81.92,"Apr 2020",8973,6,600
2992230,"Greedy Goose","",,"Free",81.91,"Jun 2024",12,0,20
842750,"Galaxy Champions TV","",,"₹ 345",81.91,"Sep 2018",390,0,6
1209140,"Peace Data","",,"₹ 200",81.91,"Jan 2020",288,0,73
1186220,"Wire Lips","",,"₹ 480",81.91,"Jan 2020",921,0,16
2824490,"He is Coming","",-50%,"₹ 299",81.91,"Jul 2025",23434,85,3436
1137110,"Ballistic Craft","",,"₹ 300",81.90,"Feb 2020",780,0,134
3753880,"Game Saloon Simulator","",,"₹ 611",81.90,"May 2026",598,2,76
2310400,"Gender Dysphoria","",,"₹ 250",81.90,"Apr 2023",211,0,3
949770,"Spitkiss","",-74%,"₹ 33",81.90,"Nov 2018",301,0,6
3409430,"Shrink Rooms","",,"₹ 690",81.90,"May 2025",437,0,20
2992440,"桂花落 Demo","Demo",,"Free",81.90,"Jul 2024",0,0,39
1168630,"Active Neurons - Puzzle game","",,"₹ 250",81.90,"Oct 2019",80,0,4
3885520,"Dice of Kalma","",,"₹ 250",81.90,"Nov 2025",324,0,12
2704210,"Wheelborn","",,"Free",81.90,"Feb 2025",341,0,9
2870340,"Decktamer","",-40%,"₹ 299",81.90,"Oct 2025",8874,207,2418
1236490,"Bamerang","",,"₹ 250",81.89,"Apr 2021",605,1,17
314360,"Aritana and the Harpy's Feather","",,"₹ 369",81.89,"Aug 2014",504,0,121
3127000,"Splintered","",,"₹ 480",81.89,"Oct 2025",1925,2,236
1584810,"Plan A","",,"Free",81.89,"Apr 2021",1607,0,52
4127490,"MoriyaRhythm","",,"₹ 345",81.88,"Nov 2025",351,2,41
748970,"Zen Chess: Mate in One","",,"₹ 52",81.88,"Apr 2018",411,1,53
2458430,"Leila","",,"₹ 570",81.87,"Apr 2025",2949,0,46
1205900,"Alwa's Legacy","",,"₹ 810",81.87,"Jun 2020",2269,1,56
2811970,"Meta-Ghost: Prologue","",,"—",81.87,"Feb 2024",2332,0,1256
463150,"BARRIER X","",-70%,"₹ 50",81.87,"May 2016",2332,0,9640
1566060,"Miss Furry","",,"₹ 52",81.87,"May 2021",7986,5,1271
2173670,"Aery VR - Calm Mind","",,"₹ 349",81.86,"Dec 2022",61,0,4
3032520,"BLUMA","",,"₹ 400",81.86,"Nov 2025",200,0,5
2406100,"united city","",,"₹ 105",81.86,"Jan 2024",403,0,4
2101710,"Cube Farmer - Puzzle","",,"₹ 155",81.86,"Aug 2022",100,0,4
1183480,"Bonsai Castles","",,"₹ 610",81.86,"Apr 2021",236,0,12
4106900,"Pachi-Pachi Typing","",,"₹ 167",81.86,"Dec 2025",41,0,6
4088390,"Hamstory Demo","Demo",,"Free",81.86,"Nov 2025",0,0,8
3490820,"Meme Survivors: Backrooms","",,"₹ 52",81.86,"May 2025",46,0,4
3478440,"Hentai Tales: Cheating Family","",-40%,"₹ 31",81.86,"Mar 2025",209,0,6
3360610,"Doomed Otaku Demo","Demo",,"Free",81.86,"Apr 2025",0,1,8
3171480,"HauntedManager","",,"₹ 370",81.86,"Aug 2025",162,0,9
3113800,"Tower Alchemist: Defend Khaldoria Demo","Demo",,"Free",81.86,"Jul 2024",0,1,16
1548190,"yarne","",,"₹ 125",81.86,"Apr 2021",81,0,10
434490,"Otem's Defiance","",,"₹ 319",81.86,"Apr 2016",357,0,124
3309260,"YOUR HOUSE Demo","Demo",,"Free",81.86,"Oct 2024",0,0,11
3631830,"Dice To Pay","",,"₹ 155",81.86,"Jun 2025",148,0,10
1306990,"Wanderlust: Bangkok Prelude","",,"Free",81.86,"May 2020",198,0,4
3639440,"Into the Slimy Mines","",-10%,"₹ 571",81.86,"May 2026",243,6,23
3978770,"Hats and Guns Demo","Demo",,"Free",81.86,"Sep 2025",0,0,7
1931940,"Black Lily's Tale","",,"₹ 850",81.86,"Oct 2023",3109,0,283
636150,"Cyberhunt","",-90%,"₹ 26",81.86,"May 2017",844,19,6546
2355220,"The Twin Paradox","",,"Free",81.85,"Apr 2024",643,0,42
1431230,"Gods of Sand","",,"₹ 349",81.85,"Apr 2026",6163,4,135
740080,"Deadly Days","",,"₹ 399",81.85,"Sep 2019",6085,20,447
1860900,"Antivine","",,"₹ 450",81.84,"Dec 2022",710,0,13
332540,"We Slay Monsters","",,"Free",81.84,"Jun 2017",566,0,38
2624950,"Welcome to the Karoshi Club","",,"Free",81.84,"Dec 2023",291,0,6
1391220,"Scrapnaut: Prologue","",,"—",81.84,"Sep 2020",3647,0,223
438680,"One Troll Army","",,"Free",81.84,"May 2016",4926,2,1498
913600,"Galactic Lander","",,"Free",81.83,"Oct 2018",279,0,33
3471280,"Liquor Store Simulator: Prologue","",,"Free",81.83,"Mar 2025",706,0,119
1119710,"looK INside - Chapter 1","",-80%,"₹ 59",81.83,"Jan 2020",2005,2,145
676430,"PUSH","",-50%,"₹ 52",81.83,"Oct 2017",636,0,14
2454960,"The Great Villainess: Strategy of Lily","",,"₹ 1300",81.83,"Jul 2025",11250,16,1465
460430,"The Letter - Horror Visual Novel","",-75%,"₹ 224",81.83,"Jul 2017",8851,0,209
1485900,"Eye, caramba!","",,"₹ 160",81.82,"Dec 2020",71,0,13
3667720,"Heroes Against Time","",,"₹ 375",81.82,"Sep 2025",389,0,25
1340920,"Piggy Gambit","",,"₹ 400",81.82,"May 2023",287,0,11
1120950,"Chameleon Run Deluxe Edition","",-80%,"₹ 60",81.82,"Aug 2019",293,3,21
1842730,"Nightmare: The Lunatic","",,"₹ 770",81.82,"Mar 2024",3196,0,153
899160,"小林正雪復仇之密室重制版 Cheney Wood The Ultimate Revenge","",,"₹ 419",81.82,"Jan 2019",1449,1,70
3889950,"Neuter Master","",,"₹ 209",81.81,"Nov 2025",135,0,12
2881600,"Rum N' Gold Royale","",,"₹ 250",81.81,"Jan 2025",134,0,13
4186430,"Taguan","",,"₹ 200",81.81,"Dec 2025",174,0,6
3003690,"Lofi Haven","",-20%,"₹ 320",81.81,"Feb 2026",325,0,11
3451960,"101 Cats in New Delhi","",,"₹ 52",81.81,"Jan 2025",44,0,4
3168400,"Awaken Infinity","",,"₹ 300",81.81,"Oct 2025",111,0,5
1221400,"Trusty Brothers","",,"₹ 199",81.81,"Apr 2020",132,0,9
1167850,"Penguin Park 3D","",,"₹ 155",81.81,"Jan 2020",60,0,3
1699960,"Falta","",,"₹ 250",81.81,"Dec 2021",186,0,5
2290650,"Spirit of Midnight: Prologue","",,"Free",81.81,"Feb 2023",210,0,4
3304480,"Spiritual Bond Demo","Demo",,"Free",81.81,"Feb 2025",0,0,26
3398870,"Dooms Hair Salon","",,"₹ 480",81.81,"Mar 2025",299,4,44
1729300,"PlayForm: Human Dynamics","",,"₹ 529",81.81,"Jul 2022",774,1,23
616740,"克莉丝的炎之信仰 Cryste: the Faith of Fire Vol.1","",,"₹ 349",81.81,"May 2017",2952,0,35
371500,"Grey Cubes","",,"—",81.81,"May 2015",745,0,28
1269020,"No Plan B","",,"₹ 690",81.81,"Apr 2024",11958,5,443
745740,"Reflex","",,"₹ 52",81.81,"Nov 2017",689,1,2725
456670,"Hand of Fate 2","",,"₹ 699",81.81,"Nov 2017",60334,22,2873
3813470,"Silent Residence","",,"Free",81.80,"Aug 2025",141,0,6
2392060,"Idle ShowOff","",,"₹ 105",81.79,"May 2023",168,0,26
1667490,"Fostering Apocalypse","",,"₹ 250",81.79,"Jul 2021",352,0,4
349520,"Armillo","",,"Free",81.79,"Jul 2020",814,0,819
1205960,"My Cute Fuhrer","",,"₹ 105",81.79,"Apr 2020",1403,0,299
2326460,"The Magical Land of Canada","",,"Free",81.78,"Mar 2023",131,0,3
1244530,"Betelgeuse","",,"Free",81.78,"May 2020",83,0,5
4511490,"Hole Is Mine Prologue","Demo",,"Free",81.78,"Apr 2026",0,13,47
3526400,"Centum Demo","Demo",,"Free",81.78,"Feb 2025",0,0,33
2505250,"Jett Rider","",-75%,"₹ 152",81.78,"Jan 2024",470,0,11
1481910,"Time Bandit – Part 1: Appendages of the Machine","",,"₹ 480",81.78,"Jul 2023",428,0,7
815000,"Tardy","",,"₹ 259",81.78,"Mar 2018",799,0,31
730620,"Hammer 2","",-75%,"₹ 62",81.78,"Oct 2017",270,1,10
1004610,"Roombo: First Blood","",,"₹ 250",81.77,"Aug 2019",1730,0,74
3444480,"Nebulock","",,"₹ 155",81.77,"Mar 2025",550,2,141
253290,"FOTONICA","",,"₹ 690",81.77,"Nov 2014",2669,0,528
3295360,"Stuck Together","",,"₹ 570",81.76,"Nov 2025",976,6,182
1687960,"The Wreck","",,"₹ 880",81.76,"Mar 2023",1779,0,20
1274600,"The Last Faith","",,"₹ 1999",81.76,"Nov 2023",39054,28,2104
1566230,"Turn on all the lights","",,"₹ 52",81.75,"Mar 2021",143,0,6
946770,"Scheming Through The Zombie Apocalypse Ep2: Caged","",-86%,"₹ 42",81.75,"Apr 2024",5803,0,18
906200,"Tunche: Arena","",,"—",81.75,"Jan 2019",3135,0,67
467960,"Home Behind","",,"₹ 299",81.75,"Jun 2016",30781,72,3083
289130,"ENDLESS Legend™","",-75%,"₹ 174",81.75,"Sep 2014",145791,92,89190
1458690,"Mango","",,"₹ 349",81.74,"Nov 2021",415,0,5
2565600,"Seybul Tech","",,"₹ 52",81.74,"Dec 2023",228,0,6
2881900,"Cosmo Cats","",,"Free",81.74,"Feb 2025",381,0,18
861270,"Sudoku Killer / 杀手数独","",,"₹ 155",81.74,"Oct 2018",5240,4,29
1586290,"CARNAL","",,"₹ 52",81.74,"Apr 2021",473,0,8
1281080,"Train Station Renovation - First Job","",,"Free",81.74,"Apr 2020",3375,0,311
2807210,"Robo Cats","",,"Free",81.73,"Jun 2024",799,0,36
2297650,"Re:Fresh","",,"₹ 250",81.73,"Apr 2023",996,0,13
1698520,"Simple Fish Adventure","",,"₹ 200",81.73,"Aug 2021",510,0,80
2994020,"Puck","",,"Free",81.73,"Jan 2025",2067,341,1918
392110,"ENDLESS Space™ 2","",-75%,"₹ 249",81.73,"May 2017",170767,394,53435
2954600,"Castle of Alchemists: Prologue","",,"—",81.71,"Jun 2024",613,0,2140
667040,"Alicia Quatermain 2: The Stone of Fate","",,"₹ 125",81.71,"Jul 2018",108,0,14
735600,"BANZAI ROYALE","",,"₹ 219",81.71,"Jul 2018",363,0,26
3442280,"Phantomancer","",,"₹ 570",81.71,"Apr 2025",446,1,152
1222160,"Chinese Brush Simulator","",,"₹ 42",81.71,"Jan 2020",514,0,10
1546870,"Horny Girls Hentai","",,"₹ 42",81.71,"Mar 2021",932,0,16
1035560,"Struggling","",,"₹ 459",81.71,"Aug 2020",3037,0,142
1263370,"Seek Girl:Fog Ⅰ","",,"₹ 200",81.71,"Aug 2020",45816,1,870
252750,"MouseCraft","",-27%,"₹ 450",81.70,"Jul 2014",1628,0,258
2168450,"DREAMWILD","",,"₹ 299",81.70,"Oct 2022",1644,0,12
2118370,"Bosorka","",,"₹ 300",81.70,"Apr 2023",1961,0,51
629770,"Tiny Echo","",,"₹ 690",81.70,"Aug 2017",2644,1,25
1054430,"Fling to the Finish","",-85%,"₹ 120",81.70,"Jan 2024",10538,14,1112
2318630,"The Territory of Egg","",,"₹ 155",81.69,"Sep 2023",822,0,14
3681940,"Hidden Cats: Rome","",,"₹ 52",81.69,"May 2025",71,0,7
1945810,"Mind Diver (Student Version)","",,"—",81.69,"Jun 2022",228,0,7
2953230,"Pixel Paint Together 🖌️","",,"Free",81.69,"May 2024",175,73,132
1923690,"Pocket League Story","",,"₹ 329",81.69,"Aug 2022",1062,4,243
1326700,"CHRONOSHOT","",,"—",81.69,"Aug 2020",983,0,95
1120810,"Eastern Exorcist","",,"₹ 499",81.69,"Jul 2021",32429,6,2206
1282320,"Stilstand","",,"₹ 165",81.68,"Aug 2020",211,0,23
1209430,"Dungeon Cards","",,"₹ 110",81.68,"Jan 2020",290,0,40
1095480,"Operation Valor","",,"₹ 250",81.68,"Oct 2023",1351,0,45
557400,"Midas Gold Plus - Idle Clicker","",,"Free",81.68,"Feb 2017",2411,29,2398
747200,"Keplerth","",,"₹ 690",81.68,"May 2022",40776,24,7526
1478220,"Puzzle Together Multiplayer Jigsaw Puzzles","",,"Free",81.68,"Dec 2020",3665,229,1055
613210,"BlobCat","",,"₹ 369",81.67,"Aug 2017",368,0,26
628960,"Journey to Alien Worlds","",,"₹ 359",81.67,"Sep 2023",258,0,977
1037480,"Classic Racers","",,"—",81.67,"Mar 2019",1043,0,15
1577620,"The Signal State","",,"₹ 529",81.67,"Sep 2021",7926,8,230
408280,"Message Quest","",,"₹ 169",81.67,"Oct 2015",4350,0,47
3902340,"COMBOTRONICA","",,"₹ 690",81.66,"Mar 2026",47,0,8
3074990,"Dancing Pandas: Ranger's Path","",,"₹ 610",81.66,"Mar 2025",113,0,7
3905810,"Duncrush Demo","Demo",,"Free",81.66,"Aug 2025",0,0,67
2544100,"hoptix","",,"₹ 400",81.66,"May 2025",120,0,5
2271490,"Ravva and the Phantom Library","",,"₹ 250",81.66,"Jul 2023",237,0,4
4609740,"Grow Wild Demo","Demo",,"Free",81.66,"Apr 2026",0,0,9
4056480,"​Survivor: Gunfire","",,"₹ 155",81.66,"Oct 2025",32,0,5
3841550,"In a World After People Demo","Demo",,"Free",81.66,"Jul 2025",0,0,7
3048300,"Dual Eclipse","",,"₹ 250",81.66,"Sep 2025",132,0,4
3892250,"ULTRA VERTIGO","",-40%,"₹ 150",81.66,"Dec 2025",104,0,12
1996710,"Sokolor","",,"₹ 109",81.66,"Jun 2022",92,0,4
2180800,"Midnight Margo","",,"₹ 52",81.66,"Jun 2024",136,0,4
3876660,"101 Cats in Indonesia","",-50%,"₹ 26",81.66,"Aug 2025",33,0,3
2824930,"Gooner on the Orient Express","",,"₹ 250",81.66,"May 2024",121,0,7
2820000,"To The Flame","",,"₹ 250",81.66,"Apr 2024",154,0,6
2427290,"Collectamon","",,"₹ 200",81.66,"Aug 2023",64,0,4
1943890,"Danger Ducklings","",,"Free",81.66,"Jun 2023",70,0,6
3662100,"L8R SK8R Demo","Demo",,"Free",81.66,"May 2025",0,0,6
512230,"Sally's Law","",,"₹ 229",81.66,"Aug 2016",441,0,25
2685360,"Remove: 범죄는 흔적을 남긴다","",,"Free",81.66,"Dec 2023",107,0,72
1016600,"Devil Slayer - Raksasi","",,"₹ 459",81.66,"Apr 2021",15225,2,1080
667870,"MINDNIGHT","",,"Free",81.66,"Aug 2017",3439,0,422
3775640,"Gem Miner TD Demo","Demo",,"Free",81.65,"Jun 2025",0,0,25
1581440,"QUADRICOLOR: Ultra Sentai Color Ranger","",,"₹ 610",81.65,"Oct 2025",140,0,7
3392300,"Sterling Shroud","",,"₹ 135",81.65,"Jan 2025",148,0,3
1608270,"FILMECHANISM","",,"₹ 335",81.65,"Dec 2021",320,0,11
3806550,"101 Cats in Prague","",,"₹ 52",81.65,"Jul 2025",46,0,5
3735880,"101 Cats in Greece","",,"₹ 52",81.65,"Jun 2025",37,1,4
2336840,"Taka Taka","",,"Free",81.65,"Feb 2024",191,0,6
2421470,"KAGIDOKO : A Deep Learning Horror Game","",,"₹ 200",81.65,"Dec 2023",287,0,7
1153840,"Snow Island","",,"₹ 105",81.65,"Sep 2019",121,0,4
1484600,"Stand By Me","",,"₹ 219",81.65,"Jul 2021",105,0,5
1120400,"Terra Randoma","",,"₹ 459",81.65,"May 2024",2389,0,36
501120,"Clock Simulator","",,"₹ 200",81.65,"Jul 2016",570,0,192
648050,"Super Pilot","",,"₹ 419",81.64,"Sep 2018",1090,0,11
2669440,"元卡牌2 - MetaCard2","",,"₹ 345",81.63,"Aug 2024",160,0,7
2241980,"Tanky Tanks 2","",,"₹ 480",81.63,"Mar 2023",411,0,6
1098560,"Dungeon Crusher Kiritan","",,"₹ 399",81.63,"Aug 2020",1444,0,31
1110770,"About Love, Hate And The Other Ones 2","",-50%,"₹ 265",81.63,"May 2020",362,0,5
2649160,"ALYSSA - Demo","Demo",,"Free",81.63,"Jan 2026",0,0,9
2721750,"From Nava","",,"Free",81.63,"Feb 2025",155,0,3
2302510,"Hentai Military","",,"₹ 52",81.63,"Feb 2023",249,0,4
1548650,"LudoNarraCon Supporter Pack featuring Cyrano","",,"—",81.63,"Apr 2021",425,0,14
2194840,"Smells Like Burnt Rubber","",,"₹ 259",81.63,"Aug 2023",316,0,9
1869580,"Riley & Rochelle","",,"₹ 480",81.63,"Oct 2022",321,0,6
2469970,"蜀仙传·挂至飞升","",,"₹ 570",81.63,"Jan 2026",456,71,194
1917090,"Lights Off!","",,"Free",81.63,"May 2022",1078,0,50
720280,"Fox Hime","",,"₹ 85",81.63,"Nov 2017",11591,0,673
1260620,"Hentai Fantasy","",,"₹ 52",81.62,"May 2020",365,0,4
1823990,"Gravelord","",,"₹ 880",81.62,"May 2026",2770,3,34
336240,"Typoman","",,"₹ 349",81.62,"Aug 2016",6095,0,54
2577640,"Multi Turret Academy: Prologue","",,"—",81.61,"Oct 2023",264,0,17
1115580,"Grand Brix Shooter","",,"₹ 349",81.61,"Aug 2019",250,0,10
3045660,"东方醉游稽传~Touhou Drunken Rebellion","",,"₹ 450",81.61,"Nov 2025",447,1,92
3124550,"Liquor Store Simulator","",-56%,"₹ 429",81.61,"May 2025",2280,18,354
1986010,"灵墟","",,"₹ 379",81.61,"Apr 2023",5332,21,430
3555430,"Money Simulator: Brokeville (Free Prologue)","",,"Free",81.61,"Nov 2025",2664,97,468
1116880,"The Heroic Legend of Eagarlnia","",,"₹ 419",81.61,"Apr 2022",10177,15,563
2661210,"WhaleGameOnline","",,"₹ 155",81.60,"Nov 2023",329,3,165
381890,"Induction","",,"₹ 345",81.60,"Feb 2017",1137,0,14
638000,"When Ski Lifts Go Wrong","",,"₹ 459",81.60,"Jan 2019",6918,0,293
428900,"Linea, the Game","",,"₹ 119",81.60,"Jan 2016",879,0,5592
1139800,"Chinatris","",,"₹ 105",81.60,"Jan 2020",1536,1,219
1904880,"Once Upon A Puppet","",-60%,"₹ 440",81.59,"Apr 2025",2501,3,32
2254210,"Finding Xavier","",,"₹ 52",81.59,"Jan 2023",183,0,5
263380,"Driftmoon","",,"₹ 644",81.59,"Jan 2014",858,0,26
764570,"Beavers Be Dammed","",,"Free",81.59,"Jan 2018",3110,15,175
1415140,"Kandidatos Kart","",,"₹ 52",81.58,"Oct 2020",856,0,390
654100,"Rival Megagun","",,"₹ 690",81.57,"Nov 2018",1925,0,37
3544500,"Shoot The Wall","",,"₹ 250",81.57,"Apr 2025",127,0,21
1885670,"SAOMI","",,"₹ 155",81.57,"Apr 2022",120,0,6
1097170,"Backspace Bouken","",,"₹ 459",81.57,"Dec 2019",605,0,10
358960,"Canabalt","",,"₹ 155",81.57,"Apr 2015",937,0,33
1307880,"Hanoi Puzzles: Solid Match","",,"₹ 155",81.56,"Dec 2020",116,0,6
3190530,"Fight For Mi","",,"₹ 345",81.56,"Mar 2025",123,0,16
456390,"Exception","",,"Free",81.56,"Aug 2019",413,0,6
1270460,"TOSS!🍌","",,"₹ 699",81.56,"Sep 2023",443,0,18
1743380,"SCP: Doki Doki Anomaly","",,"₹ 219",81.56,"Oct 2021",618,0,10
1152330,"The Adventures of Looppy","",,"₹ 259",81.55,"Mar 2020",100,0,10
821320,"SPAGHET","",,"₹ 85",81.55,"Apr 2018",505,0,9
2162900,"Antrabhara","",,"₹ 570",81.55,"Apr 2023",990,0,53
3573070,"Toy Smash Kaboom!","",,"₹ 650",81.55,"Dec 2025",3183,24,1732
2296550,"Axon TD: Uprising - Tower Defense","",,"₹ 799",81.55,"Sep 2024",5030,18,563
1291540,"Cartridge Defense","",,"₹ 399",81.53,"Sep 2022",548,0,21
4080380,"Dyping Escape Demo","Demo",,"Free",81.53,"Feb 2026",0,2,76
1917830,"The Safe Place","",-60%,"₹ 228",81.53,"Mar 2023",681,0,9
1220100,"Tentacular","",,"₹ 880",81.53,"Mar 2022",1570,0,20
2828590,"The Haunting of Joni Evers","",,"₹ 690",81.53,"Jan 2025",1061,0,19
1917450,"fault - StP - LIGHTKRAVTE","",,"₹ 499",81.53,"May 2022",2136,1,101
4163340,"Aquabike Rush","",,"₹ 1600",81.52,"Nov 2025",14,0,11
454320,"[the Sequence]","",,"₹ 250",81.52,"Mar 2016",719,0,124
589420,"Grass Cutter - Mutated Lawns","",,"Free",81.52,"Mar 2017",701,0,1775
1212850,"默途 Monobot","",,"₹ 345",81.51,"Jun 2021",984,0,17
1982130,"Kraino Origins","",,"₹ 570",81.50,"Sep 2022",676,0,6
718010,"Robbie Swifthand and the Orb of Mysteries","",,"₹ 399",81.50,"Sep 2018",954,0,6
1390700,"The Crackpet Show","",,"₹ 699",81.50,"Dec 2022",6376,2,136
297490,"Spy Chameleon - RGB Agent","",,"₹ 349",81.49,"Jun 2014",855,0,201
1853410,"The Shape of Things","",,"₹ 259",81.49,"May 2023",760,0,27
666820,"Skirmish Line","",,"₹ 349",81.49,"Mar 2019",4318,3,43
976700,"Size Matters","",-72%,"₹ 134",81.49,"Mar 2021",5900,0,235
375750,"Invisigun Reloaded","",,"₹ 250",81.49,"Feb 2017",5399,4,257
284460,"DeadCore","",,"₹ 594",81.49,"Oct 2014",16944,0,273
1802870,"Secret Pie (Adult Version)","",-30%,"₹ 210",81.49,"Nov 2021",38515,8,262
2054800,"Magazine Mogul","",,"₹ 329",81.48,"Sep 2022",261,3,22
3410530,"Dawn Awaits","",,"₹ 105",81.48,"Mar 2025",22,0,20
3530790,"101 Cats in Thailand","",,"₹ 52",81.48,"Mar 2025",42,0,5
3452010,"101 Cats in Istanbul","",,"₹ 52",81.48,"Jan 2025",36,0,3
2637900,"Cubicatch","",,"₹ 250",81.48,"Jun 2024",130,0,6
2328890,"Device of Bakudan","",,"Free",81.48,"May 2023",80,0,9
2151420,"Word","",,"Free",81.48,"Nov 2022",88,0,5
4327130,"Rusty Vein","",,"Free",81.48,"Feb 2026",79,0,4
2251070,"The Darkest Files Demo","Demo",,"Free",81.48,"Feb 2023",0,2,40
1157300,"Last Shark Standing","",,"Free",81.48,"Oct 2019",155,0,10
2090580,"Matcha","",,"₹ 125",81.47,"Aug 2022",242,0,38
1451540,"Blade Flash Death","",,"Free",81.47,"May 2021",83,0,4
2317340,"Rabbi-T","",,"Free",81.47,"Mar 2023",57,0,3
3726680,"Guaishou 怪兽 Demo","Demo",,"Free",81.47,"Jun 2025",0,0,3
2511450,"There's No Dinosaurs","",-30%,"₹ 140",81.47,"Feb 2024",100,0,7
2842880,"Vox Populi: Europa 2024","",-65%,"₹ 140",81.47,"May 2024",326,0,11
4017190,"101 Cats in Moscow","",-50%,"₹ 26",81.47,"Oct 2025",26,0,3
3735890,"101 Cats in Venice","",-50%,"₹ 26",81.47,"Jun 2025",46,0,4
1222540,"Gastova: The Witches of Arkana","",,"₹ 529",81.47,"Dec 2022",1233,0,7
4002470,"Italian Pizza Simulator Demo","Demo",,"Free",81.47,"Feb 2026",0,2,62
1007050,"Dark Hill Museum of Death","",,"₹ 52",81.47,"Jan 2019",85,0,3
4073480,"Epos Survivors Demo","Demo",,"Free",81.46,"Oct 2025",0,0,10
1592920,"Danger in Pompeii","",-50%,"₹ 125",81.46,"Jul 2025",182,0,6
2274250,"ULTRATORO","",,"₹ 300",81.46,"Feb 2024",117,0,4
1410700,"UpWakeNing","",,"₹ 250",81.46,"Nov 2020",42,0,3
1888590,"Rotund Zero","",,"₹ 85",81.46,"Apr 2022",67,0,4
4117860,"Alice Landing：愛莉絲迫降","",,"₹ 400",81.46,"Apr 2026",72,0,5
4085190,"Void Pachinko Demo","Demo",,"Free",81.46,"Apr 2026",0,0,15
2762290,"Billy's Game Show","",-80%,"₹ 40",81.46,"Mar 2024",47,0,11
2740260,"Stickin' the Landing","",,"₹ 400",81.46,"Oct 2024",87,0,13
1901610,"B-RAIN","",,"Free",81.46,"Mar 2022",31,1,3
1679360,"CTRL Phreak","",,"₹ 250",81.46,"Mar 2024",640,0,8
3988370,"Rise & Pop!","",,"₹ 200",81.46,"Oct 2025",41,1,8
3395360,"Reflections of the void","",-25%,"₹ 457",81.46,"Mar 2026",233,1,6
4169200,"101 Dogs Hidden in Mexico","",,"₹ 52",81.46,"Dec 2025",24,0,5
3871250,"Summit Drive a game by Luke Kim","",,"₹ 400",81.46,"Dec 2025",236,0,4
3367510,"Tackle for Loss Demo","Demo",,"Free",81.46,"Feb 2025",0,0,4
2944960,"Pirarucu's Money Rush","",,"₹ 340",81.46,"Apr 2026",114,0,5
1708070,"Speedrun Academie","",,"₹ 200",81.46,"Mar 2025",45,0,11
1389650,"Escape Hospital-脫出 失憶病棟","",,"₹ 419",81.46,"Oct 2021",256,0,26
1114210,"Colloc","",,"₹ 182",81.46,"Jul 2019",101,0,6
1097780,"We Met in May","",,"₹ 250",81.46,"Sep 2019",169,0,4
969480,"Warp Glider","",,"₹ 42",81.46,"Dec 2018",100,0,6
936700,"Ms. Squeaker's Home for the Sick","",,"₹ 165",81.46,"Sep 2018",80,0,4
930630,"The Lost Legends of Redwall™: Escape the Gloomer","",,"₹ 199",81.46,"Nov 2018",467,0,5
906280,"Combat Rush","",,"₹ 230",81.46,"Aug 2018",147,0,3
1127130,"Happy Oshare Time","",,"₹ 259",81.46,"Jun 2020",204,0,20
2323540,"Mirrored Souls","",,"₹ 690",81.46,"Aug 2023",71,0,6
1869600,"ArcSine","",,"₹ 569",81.46,"Feb 2024",111,1,3
1114460,"Paranormal Detective: Escape from the 80's","",-40%,"₹ 209",81.46,"Dec 2019",287,0,5
2308520,"PoPuP","",,"Free",81.46,"Apr 2023",106,0,4
3354220,"Comic Book Store Simulator","",-67%,"₹ 378",81.46,"Nov 2025",1107,11,105
3373960,"holo8","",,"₹ 200",81.46,"Feb 2025",1177,1,347
2216660,"Mortal Glory 2","",,"₹ 570",81.46,"Mar 2024",2068,4,377
454140,"First Person Tennis - The Real Tennis Simulator","",,"₹ 569",81.46,"Apr 2019",2899,1,15
806140,"Achievements printer","",,"₹ 52",81.46,"Mar 2018",810,3,3678
200210,"Realm of the Mad God Exalt","",,"Free",81.46,"Feb 2012",43352,998,10051
1448800,"BioCrisis","",,"₹ 61",81.45,"Nov 2020",383,0,4
2768380,"Repterra","",,"₹ 915",81.45,"Apr 2026",3408,7,53
1234220,"Paper Pirates","",,"₹ 610",81.45,"Feb 2020",371,0,28
446910,"Night Blights","",,"₹ 259",81.45,"Apr 2016",648,0,37
3916260,"Psalm 2","",,"₹ 165",81.45,"May 2026",532,14,69
2364330,"Secrets of Magonia","",,"₹ 530",81.44,"Jul 2024",263,0,25
772180,"Cricket Club","",,"₹ 459",81.44,"Jan 2018",227,0,12
461220,"Beglitched","",,"₹ 349",81.44,"Oct 2016",659,0,32
2562900,"Eden Genesis","",,"₹ 1100",81.44,"Aug 2024",1206,0,29
1775110,"Chilli Con Valley","",,"Free",81.44,"Jan 2022",115,0,11
429830,"Unseen Diplomacy","",,"₹ 155",81.44,"Apr 2016",1155,0,9
1276550,"Faefever","",,"Free",81.44,"Jul 2020",859,0,25
2794590,"Scam Line","",,"₹ 250",81.44,"Jan 2026",6789,90,2246
720250,"Welcome to the Game II","",,"₹ 480",81.44,"Apr 2018",13261,3,518
1044220,"Oik Reloaded","",,"₹ 52",81.43,"Jun 2020",174,0,5
4378410,"Echoes of Mystralia Demo","Demo",,"Free",81.43,"Feb 2026",0,9,248
3024640,"None Shall Intrude: Descent","",,"Free",81.43,"Sep 2024",683,1,961
2253730,"Madorica Real Estate 2 - The mystery of the new property -","",-70%,"₹ 495",81.42,"Feb 2023",308,0,12
3885050,"FOR GOD'S SAKE, HELP HIM!","",,"Free",81.42,"Oct 2025",56,0,3
3213720,"101 Cats in Los Angeles","",,"₹ 52",81.42,"Sep 2024",56,0,5
412620,"CropDuster Supreme","",,"₹ 58",81.42,"Feb 2017",197,0,923
1498190,"挣脱：十三号站点","",,"—",81.42,"Mar 2024",1631,0,48
415830,"Gnomes Garden","",-90%,"₹ 69",81.42,"Dec 2015",331,0,1639
673600,"Prison Boss VR","",,"₹ 565",81.42,"Aug 2017",2440,1,32
363420,"Leap of Fate","",,"₹ 519",81.42,"Mar 2016",4842,0,155
1231590,"Isle of Ewe","",,"Free",81.42,"Mar 2020",2175,0,491
1003750,"她2 : 我还想再见到你   Her2 : I Want To See You Again","",,"₹ 165",81.41,"Feb 2019",1371,0,47
2560820,"Dung Beetle Adventure","",,"Free",81.40,"Sep 2023",107,0,4
1250900,"Project Beril / 贝丽尔养成计划","",,"₹ 349",81.40,"Oct 2022",306,0,28
3120020,"Kings of Hell","",,"₹ 902",81.40,"Nov 2025",2117,2,121
2175250,"Volley Court","",,"₹ 300",81.40,"Nov 2022",790,20,111
839910,"Mythgard","",,"Free",81.40,"Sep 2020",3584,5,490
1230170,"Gunsmith Simulator: Prologue","",,"Free",81.40,"May 2023",12714,3,1228
537140,"Nemesis Perspective","",,"Free",81.39,"Dec 2016",437,0,8
1754460,"QUESTER","",,"—",81.39,"May 2023",1464,0,107
331560,"Mechanik Maszyn Rolniczych 2015","",,"—",81.39,"Dec 2014",280,1,73
2644610,"Menace from the Deep","",-65%,"₹ 269",81.39,"Nov 2024",11269,127,1653
3082170,"Skeleton Hell","",,"Free",81.38,"Jul 2024",240,0,54
2793370,"[Chilla's Art] Shinkansen 0 | 新幹線 0号","",,"₹ 345",81.38,"Mar 2024",5506,5,712
565120,"The Station","",,"₹ 459",81.38,"Feb 2018",4108,0,48
3809590,"100 Cats Lost in China Find & Color","",,"Free",81.37,"Dec 2025",93,0,11
3209400,"100 ANIMALS ON AN ISLAND","",,"Free",81.37,"Sep 2024",91,0,5
2621150,"Lizard Survivors: Battle for Hyperborea","",,"₹ 52",81.37,"Nov 2023",1138,2,269
1222340,"Sockventure","",,"₹ 690",81.36,"May 2021",409,0,11
2245270,"Hentai Christmas","",,"₹ 52",81.35,"Dec 2022",328,0,8
1537740,"Hentai Day - Ringsel in Trouble","",,"₹ 155",81.35,"Feb 2021",844,0,20
719080,"Fart Simulator 2018","",,"₹ 85",81.35,"Dec 2017",328,0,6
3229100,"Teenage Mutant Ninja Turtles: Tactical Takedown","",-35%,"₹ 572",81.35,"May 2025",2488,0,61
1879640,"甜點王子2 典藏版","",,"₹ 763",81.35,"May 2022",1152,6,236
1370600,"SuperCupOnline","",,"Free",81.35,"Aug 2021",295,0,140
466170,"Idling to Rule the Gods","",,"Free",81.35,"May 2016",2718,969,2783
3868630,"Serra de Deus","",,"₹ 250",81.34,"Nov 2025",187,0,13
3895180,"Azaran: The Demon Bottle","",,"₹ 105",81.34,"Aug 2025",164,0,7
3270710,"Decadent Heir Demo","Demo",,"Free",81.34,"Oct 2024",0,0,5
3728810,"Cop Rush","",,"—",81.34,"May 2025",24,0,14
909670,"Skybolt Zack","",,"₹ 650",81.34,"Nov 2019",852,0,23
2103480,"Summer Trip Cruise","",,"₹ 499",81.34,"May 2023",1042,0,31
2148320,"Super Galaxy Ball","",,"Free",81.34,"Oct 2022",139,0,35
3885590,"The Coma 3: Bloodlines","",,"₹ 719",81.34,"Apr 2026",3027,12,282
994220,"NEOVERSE","",,"₹ 600",81.34,"Feb 2020",19622,3,917
2992550,"Dull Acres","",,"Free",81.33,"Oct 2024",44,0,3
2588240,"Thunder Jumper","",,"₹ 345",81.33,"Sep 2024",167,0,10
2167040,"Pocket Witch","",,"₹ 105",81.33,"Oct 2022",85,0,4
3879060,"Instant Anastasia","",,"₹ 300",81.33,"Aug 2025",247,0,26
1712150,"Sokocat - Dungeon","",,"₹ 155",81.33,"Sep 2021",137,0,5
1168660,"Barro 2020","",,"₹ 260",81.33,"Nov 2019",1147,4,1510
1214520,"Pro Gymnast Simulator","",,"₹ 459",81.32,"Sep 2020",799,2,28
1350720,"PaperKlay","",,"₹ 690",81.32,"May 2025",1622,2,48
375840,"Rytmik Ultimate","Application",-80%,"₹ 162",81.32,"Dec 2015",3661,4,65
596970,"Sunless Skies: Sovereign Edition","",,"₹ 619",81.32,"Jan 2019",29328,23,2344
1140610,"Death Live","",,"₹ 52",81.31,"Sep 2019",1092,0,44
1339000,"Aquarium Designer","",,"₹ 349",81.31,"Oct 2021",8293,0,219
3088040,"多元守卫者 Diverse Defenders","",,"₹ 376",81.30,"Dec 2024",378,0,66
2679880,"HardAF","",,"₹ 400",81.30,"Jun 2025",353,0,6
4220220,"Yubasumi","",,"₹ 200",81.30,"Feb 2026",149,0,17
2346490,"Loop","",,"₹ 155",81.30,"Apr 2023",74,0,5
3453150,"ふぇにきのミニゲームゆにばぁ～す","",,"Free",81.30,"Feb 2025",50,0,4
3955630,"Mayor May Knott Demo","Demo",,"Free",81.30,"Oct 2025",0,0,10
1668870,"Nature and Girls","",,"₹ 52",81.30,"Oct 2021",162,0,3
1310120,"Elliot","",,"₹ 299",81.30,"Jul 2020",79,0,4
1285010,"Cyber Protocol","",,"₹ 137",81.30,"Sep 2020",292,0,5
2668350,"Cats on Duty: Prologue","",,"—",81.30,"Oct 2023",104,0,6
2112880,"十五","",,"₹ 200",81.30,"May 2023",273,0,12
2398410,"Hyper Hentai Sexy Sensei","",,"₹ 52",81.30,"May 2023",365,0,6
1714070,"Run Run Run","",,"₹ 125",81.30,"Oct 2021",289,0,103
773740,"Overpass","",,"₹ 690",81.30,"Aug 2019",689,0,25
3444010,"The Chroma: from the wasteland","",,"Free",81.30,"May 2025",334,0,17
967330,"Starfighter: Infinity","",,"₹ 529",81.30,"Jul 2019",1185,0,29
1478970,"AI Olympius","",,"₹ 690",81.30,"Jul 2023",2355,2,22
380810,"Herald: An Interactive Period Drama - Book I & II","",,"₹ 570",81.30,"Feb 2017",1771,0,13
2063480,"Voltage High Society","",,"₹ 409",81.30,"Jul 2022",1497,0,7
1291240,"Generic Untrademarked Ice Resurfacing Vehicle & Depression Simulator 2019.","",,"Free",81.30,"May 2020",262,0,19
2260530,"Hidden Cats in New York","",,"₹ 155",81.30,"Jun 2023",407,0,34
2756380,"Dead-End City Blues OD Edition","",,"₹ 450",81.30,"Oct 2024",7057,3,497
485380,"Welcome to the Game","",,"₹ 250",81.30,"Jun 2016",8483,2,190
530330,"Blameless","",,"Free",81.30,"Oct 2016",12146,2,639
2393890,"IGNISTONE","",,"₹ 235",81.29,"Oct 2023",371,0,53
3947980,"Looking Up","",,"₹ 155",81.29,"Mar 2026",169,0,8
2646610,"Lost Seed","",,"₹ 610",81.29,"Aug 2025",342,0,31
2976700,"Stardrop","",,"Free",81.29,"Aug 2024",132,0,5
215450,"Transcripted","",,"₹ 299",81.29,"—",193,0,117
3403660,"The 18th Attic - Paranormal Anomaly Hunting Game","",,"₹ 480",81.29,"Jan 2026",1244,0,35
327880,"Sublevel Zero Redux","",,"₹ 479",81.29,"Oct 2015",6479,1,144
1255520,"RaidLand","",,"—",81.29,"May 2020",1021,0,216
397060,"Faeria","",,"₹ 880",81.29,"Mar 2017",25958,22,3675
1217050,"Shaolin vs Wutang 2","",,"₹ 489",81.28,"Jun 2023",2505,0,14
740810,"Pleasure Puzzle:Workshop 趣拼拼：拼图工坊","",,"₹ 52",81.27,"Nov 2018",879,1,15
1671360,"Ereban: Shadow Legacy","",-40%,"₹ 600",81.27,"Apr 2024",6278,1,75
1114860,"Hobs","",,"Free",81.27,"Aug 2019",1315,0,722
503580,"Duck Season","",,"₹ 880",81.27,"Sep 2017",9419,0,83
566670,"Save the Ninja Clan","",,"₹ 52",81.26,"Jan 2017",183,1,4941
522210,"Serial Cleaner","",,"₹ 799",81.26,"Jul 2017",6799,5,13958
1750640,"Dear Agony Aunt","",,"₹ 209",81.25,"Oct 2021",72,0,3
4241120,"Herb Tea Man","Demo",,"Free",81.25,"Dec 2025",0,0,38
3636860,"All of You","",,"₹ 300",81.25,"Sep 2025",96,0,8
3632420,"The Long Tale","",,"₹ 155",81.25,"May 2025",27,0,4
3191420,"Tetradome","",,"₹ 300",81.25,"Mar 2025",45,0,4
3190910,"OVER ROAD","",,"Free",81.25,"Nov 2024",50,0,3
2498870,"Elysium Trials","",,"₹ 480",81.25,"Jul 2023",111,0,3
4575480,"the Rules Kaidan: Night Watch Demo","Demo",,"Free",81.25,"Apr 2026",0,0,14
1967480,"One Many Nobody","",,"₹ 250",81.25,"Oct 2022",144,0,5
543040,"ZHED - Puzzle Game","",,"₹ 309",81.25,"Apr 2020",45,0,5
788330,"Varion","",,"₹ 199",81.25,"Nov 2018",271,0,4
2545090,"Hana Exposure! A Blooming Flower~","",,"₹ 570",81.25,"Sep 2023",193,1,20
1968640,"Kung Fu Legend","",,"₹ 450",81.25,"May 2023",35,0,4
3739370,"They Came for More Pasta","",,"Free",81.25,"Jun 2025",79,0,4
2304600,"Stack Masters","",,"₹ 200",81.25,"May 2023",95,0,6
2411140,"Linia Super","",,"₹ 57",81.25,"Jul 2023",36,0,2
4190220,"Cats vs Zombies III","",-25%,"₹ 74",81.25,"Dec 2025",36,0,2
4092620,"101 Cats in Jakarta","",,"₹ 52",81.25,"Nov 2025",24,0,4
3952050,"Turtle Game","",,"₹ 269",81.25,"Oct 2025",11,0,3
3945950,"101 Dogs Hidden in Amsterdam","",-50%,"₹ 26",81.25,"Sep 2025",24,0,2
3570450,"Bacterian","",,"₹ 400",81.25,"Sep 2025",59,0,13
3137740,"Sonar Scout","",,"₹ 300",81.25,"Dec 2024",154,0,6
2203480,"Reach the Moon!","",,"₹ 52",81.25,"Jan 2023",28,0,2
2084460,"Annie and the AI","",,"₹ 450",81.25,"May 2023",163,0,12
1195340,"Hermes: Rescue Mission","",-50%,"₹ 129",81.25,"Feb 2019",47,0,5
1074340,"Viking Sisters","",-50%,"₹ 129",81.25,"Feb 2019",70,0,7
956090,"Animals Memory: Horses","",,"₹ 200",81.25,"Oct 2018",33,0,3
947430,"Kiritan VS Kanitan ~Zunda-mochi Defense!~","",,"₹ 329",81.25,"Feb 2020",408,0,13
838100,"Point","",,"₹ 42",81.25,"Apr 2018",41,0,5
4007980,"Mindscorn Demo","Demo",,"Free",81.25,"Sep 2025",0,0,6
3229520,"Berry Berry Festival","",,"₹ 250",81.25,"Feb 2025",80,0,5
1640370,"The Court Of Wanderers","",,"₹ 570",81.25,"May 2024",239,1,8
3420430,"Quality Dreams, Reasonably Priced [Demo]","Demo",,"Free",81.25,"Jan 2025",0,0,5
1711520,"Great Marble Adventure","",,"₹ 349",81.25,"Feb 2022",53,0,8
4691560,"Polly's Puzzle Box Demo","Demo",,"Free",81.25,"May 2026",0,1,37
2399310,"Lhama Clicker Prologue","",,"Free",81.25,"Jun 2023",101,0,21
857500,"BLACK BIRD","",,"₹ 519",81.25,"Oct 2018",1062,0,29
2613720,"CYBERMATRIX","",,"₹ 595",81.25,"May 2026",469,1,15
3363560,"Shard Squad","",,"₹ 345",81.25,"Nov 2025",2506,9,397
2015620,"Valkyrie of Phantasm","",,"₹ 1300",81.25,"Oct 2024",8281,0,277
1049320,"River City Girls","",,"₹ 699",81.24,"Sep 2019",19067,4,496
1294760,"HARD BULLET","",-25%,"₹ 660",81.24,"Oct 2020",13968,38,274
240720,"Getting Over It with Bennett Foddy","",,"₹ 299",81.24,"Dec 2017",185237,191,5054
1002260,"Ruffy and the Riverside","",,"₹ 1441",81.23,"Jun 2025",4681,1,92
1304280,"Elementallis","",,"₹ 499",81.23,"Apr 2026",4175,9,302
2244320,"Forest Life","",,"Free",81.22,"Jan 2023",134,0,9
568460,"Ghostory","",,"₹ 400",81.22,"Oct 2017",466,0,14
2737140,"Slayaway Camp 2","",,"₹ 610",81.22,"Oct 2024",392,1,22
3201210,"Chaos Entropy","",,"₹ 570",81.22,"Oct 2024",440,0,43
3906610,"Yoko no Hanashi","",,"₹ 200",81.22,"Jan 2026",178,1,27
1379110,"Anime Feet","",,"₹ 105",81.22,"Sep 2020",891,0,18
555880,"Sairento VR","",,"₹ 729",81.22,"Feb 2018",16663,0,98
3933120,"CiniCross","",,"₹ 570",81.21,"Feb 2026",1757,6,366
2647230,"HoloParade","",,"₹ 400",81.21,"Dec 2023",7690,6,11729
607400,"Necrosphere","",,"₹ 299",81.20,"Sep 2017",685,0,35
1019590,"Lovely Planet 2: April Skies","",,"₹ 480",81.20,"Jun 2019",499,0,26
1424050,"Chess'Extra","",,"Free",81.20,"Nov 2020",328,0,17
1266430,"Lost In Fantaland","",,"₹ 439",81.20,"Sep 2024",8912,4,323
2583030,"The Last Summer 那年夏末","",,"₹ 250",81.19,"Jun 2024",230,0,11
1780690,"The Tale of Fighting Nymphs","",,"Free",81.19,"Oct 2021",852,0,75
1672920,"FrankenStorm TD: Prologue","",,"Free",81.19,"Nov 2021",601,2,353
893720,"One Hand Clapping","",,"₹ 675",81.19,"Dec 2021",10365,1,272
1797060,"Bloody Hallowfest","",,"₹ 155",81.18,"Mar 2024",210,0,8
1714550,"Ninja Issen (忍者一閃)","",,"₹ 690",81.18,"Nov 2023",1161,0,16
3809600,"100 Cats Lost in Italy Find & Color","",,"Free",81.18,"Nov 2025",110,1,12
1185700,"Arrog","",,"₹ 125",81.18,"Jul 2020",805,0,8
763230,"Fruity Smoothie","",,"Free",81.18,"Dec 2017",418,0,80
843810,"A Perfect Day","",,"₹ 880",81.18,"Feb 2022",18976,2,1732
1076200,"Roguebook","",,"₹ 899",81.18,"Jun 2021",15848,49,2548
3966010,"Soul Demon Hunters","",,"₹ 570",81.17,"Dec 2025",235,0,8
3734820,"Truco Argentino","",,"₹ 309",81.17,"Jul 2025",104,0,6
2346470,"All Goblin","",,"₹ 250",81.17,"Mar 2023",72,0,4
1586230,"Jogward","",,"₹ 125",81.17,"Aug 2021",172,0,110
1099140,"她3 : 复乐园之曦 Her3 : The Light of Paradise Regained","",,"₹ 199",81.17,"Apr 2020",125,0,7
731560,"Boinks","",,"₹ 42",81.17,"Nov 2017",61,0,6
654430,"STATUS: INSANE","",,"₹ 42",81.17,"Nov 2017",198,0,6
580590,"Cublast HD","",,"₹ 369",81.17,"Apr 2017",196,0,62
2750680,"타부티(TAVUTI)","",,"Free",81.17,"Feb 2024",125,0,3
2631650,"Nif Nif","",,"₹ 880",81.17,"Apr 2025",227,0,12
2098080,"Go Go Jump!!","",,"₹ 530",81.17,"Apr 2023",317,0,5
1524690,"Chess Brain: Dark Troops","",,"₹ 155",81.17,"Feb 2021",145,0,6
3417820,"Kill the Twister","",,"Free",81.17,"Apr 2025",126,0,16
1501490,"Ship Handling Simulator","",,"₹ 329",81.17,"Jan 2021",447,1,8
839280,"Cartonfall","",,"₹ 299",81.17,"Feb 2019",697,1,16
2743650,"镖行天下","",,"₹ 250",81.17,"Jan 2024",723,4,96
1227400,"Over the Alps","",,"₹ 400",81.17,"Mar 2020",1558,0,19
1047410,"Steambirds Alliance Beta","",,"—",81.17,"May 2019",743,0,425
331500,"Executive Assault","",,"₹ 419",81.17,"Jul 2015",24179,0,170
2952990,"RewindGirl","",,"₹ 400",81.16,"Mar 2025",504,0,39
1438480,"Saviorless","",-80%,"₹ 194",81.16,"Apr 2024",2853,2,30
2545570,"Hidden Cat Outlaws","",,"₹ 99",81.15,"Apr 2025",173,0,12
2648640,"The 257th Element","",,"₹ 1300",81.14,"Feb 2024",240,0,8
2780790,"Dubio","",,"₹ 250",81.14,"Dec 2024",144,0,9
2213770,"MopGarden's Veggie Cart","",,"Free",81.14,"Nov 2022",124,0,7
1943740,"Arrival of Beasts","",,"₹ 610",81.14,"Nov 2023",113,0,11
1053830,"Ninja Legends","",,"₹ 529",81.14,"Oct 2019",630,0,10
516820,"Exodemon","",,"₹ 419",81.14,"Aug 2019",597,0,10
2899450,"HOLOSAGA: Invasion of the HoloX","",,"Free",81.14,"Dec 2024",575,0,29
401910,"Darknet","",,"₹ 479",81.14,"Jun 2017",1012,0,23
2878100,"Planetka","",,"Free",81.14,"Mar 2024",242,0,25
529950,"12 orbits","",,"₹ 105",81.14,"Oct 2016",2601,0,316
1324070,"Monolight","",,"Free",81.14,"Jun 2020",729,0,35
1163130,"Oasis VR","",,"Free",81.14,"Dec 2019",8313,1,564
789760,"DEAD OR SCHOOL","",,"₹ 569",81.14,"Jun 2019",30835,7,624
1227280,"Despot's Game: Dystopian Battle Simulator","",,"₹ 599",81.14,"Sep 2022",29628,11,1463
2853130,"Astrodle","",,"₹ 300",81.13,"Jun 2024",293,0,259
835430,"La-Mulana 2","",,"₹ 569",81.13,"Jul 2018",8042,13,1191
2561270,"Skibidi Toilet Hero","",,"₹ 100",81.12,"Nov 2023",868,0,66
339400,"Runestone Keeper","",,"₹ 349",81.12,"Mar 2015",7048,4,2280
1556790,"Isonzo","",-75%,"₹ 400",81.12,"Sep 2022",49385,114,5427
1841320,"PAIN","",,"₹ 199",81.11,"Jun 2022",83,0,9
2753920,"UnDuster","",,"₹ 250",81.11,"Nov 2024",158,0,5
2850660,"Haunted Record","",,"Free",81.11,"Jul 2024",77,0,4
3167520,"Bricks Survivors","",,"₹ 250",81.11,"Jan 2025",94,0,8
4467380,"Holy Crap! I'm Out of Paper! : The In-Law Survival Guide","",-60%,"₹ 62",81.11,"Mar 2026",31,0,7
3782480,"Balaball","",,"₹ 300",81.11,"Dec 2025",60,0,8
3454200,"101 Cats in Milan","",-50%,"₹ 26",81.11,"Jan 2025",47,0,5
2365980,"Le Château","",-50%,"₹ 125",81.11,"Mar 2024",187,0,4
2098560,"YouTuber Survivors","",,"₹ 300",81.11,"Feb 2024",378,0,4
2138180,"晨海星澜 - 追忆篇","",,"₹ 450",81.11,"Jun 2024",243,0,4
1676150,"Endless Boss Fight","",,"₹ 125",81.11,"Aug 2021",92,0,11
1523010,"Puppy Pipy","",,"₹ 219",81.11,"Feb 2021",186,0,12
993770,"LazerGrrl","",,"Free",81.11,"Sep 2025",211,2,10
2437160,"Taste of victory","",,"—",81.11,"Feb 2025",123,0,19
4064840,"Lumara Demo","Demo",,"Free",81.11,"Oct 2025",0,0,4
2419690,"Quadroids","",,"₹ 570",81.11,"Feb 2024",268,0,7
965610,"Reiner Knizia Yellow & Yangtze","",,"₹ 459",81.11,"Dec 2019",946,1,18
3432650,"追曙","",,"₹ 415",81.11,"May 2026",1635,2,57
1200730,"Shady Lewd Kart","",,"₹ 529",81.11,"Mar 2020",4172,3,27
600090,"The Coma: Recut","",,"₹ 690",81.11,"Sep 2017",10951,7,411
2438090,"A Void Hope","",,"₹ 730",81.10,"Feb 2024",855,0,9
1065750,"Spark and The Digital Daydream","",,"Free",81.10,"May 2019",150,0,11
593680,"Rocking Pilot","",,"₹ 125",81.10,"May 2017",335,0,211
1548400,"Roll a Ball With Your Friends","",,"₹ 125",81.10,"Jul 2021",146,0,18
4310990,"The Coma 3: Bloodlines Demo","Demo",,"Free",81.10,"Feb 2026",0,1,49
4110360,"Tavern, Inn, and the Halberd","",-10%,"₹ 422",81.10,"May 2026",2024,53,167
1184480,"Inertial Drift","",,"₹ 1649",81.10,"Sep 2020",5163,4,240
1758920,"Witch Explorer","",-30%,"₹ 241",81.09,"Dec 2021",896,1,43
640090,"Zarya-1: Mystery on the Moon","",,"₹ 229",81.09,"May 2017",476,0,8
1992430,"Cheese Game","",,"Free",81.08,"May 2022",219,0,24
806900,"Them Bombs","",,"₹ 379",81.07,"Jul 2019",377,0,20
418210,"Metal Tales: Fury of the Guitar Gods","",,"—",81.07,"Nov 2016",476,0,15
610410,"PAWARUMI","",,"₹ 690",81.07,"Jan 2018",1134,0,10
4162960,"Run from the Cops!","",,"₹ 1600",81.07,"Dec 2025",16,0,11
2246400,"Confabulation","",,"₹ 250",81.07,"Jan 2023",516,0,13
2323980,"Dungeons & Jewels","",-60%,"₹ 100",81.07,"Apr 2023",267,0,23
1005450,"Vision Soft Reset","",,"₹ 453",81.07,"Jan 2019",517,0,9
2799690,"The Secret Atelier","",,"₹ 770",81.07,"Feb 2024",12991,2,70
1416460,"Horror Globes","",-20%,"₹ 240",81.06,"Oct 2020",447,0,6
2255120,"Museum of Monoliths","",,"₹ 155",81.06,"Feb 2023",269,0,3
1098370,"Akash: Path of the Five","",,"₹ 400",81.06,"Oct 2019",485,0,20
600140,"Belko VR: An Escape Room Experiment","",,"Free",81.05,"Mar 2017",1559,0,41
1911360,"Trinity Fusion","",,"₹ 880",81.05,"Dec 2023",8758,1,236
1660280,"H-Isekai Loves","",,"₹ 125",81.05,"Feb 2022",6050,1,897
1256490,"Othello Let's Go","",,"₹ 85",81.04,"Aug 2020",313,0,8
1181030,"Forest Guardian","",,"₹ 379",81.04,"Mar 2020",1012,0,8
319760,"Oh My Gore!","",-66%,"₹ 36",81.04,"Oct 2016",1131,1,833
1618220,"窓の中の先にあるもの","",,"₹ 85",81.03,"Jun 2021",142,0,14
4635810,"Serial World Demo","Demo",,"Free",81.03,"May 2026",0,1,36
2884480,"Dot Piece Puzzle - Dotpicture","",,"₹ 170",81.03,"Apr 2024",40,0,9
2955630,"Catjinni Survivors","",,"₹ 480",81.03,"Apr 2026",125,0,4
1196280,"Pussy Puzzle","",,"₹ 199",81.03,"Jun 2020",53,0,4
1834110,"Headland","",,"₹ 349",81.03,"Jul 2022",109,0,6
4108190,"Claws Of Power Demo","Demo",,"Free",81.03,"Nov 2025",0,1,44
3673180,"Blossom’s Grove: An English-Learning Game","",,"₹ 770",81.03,"Feb 2026",351,5,18
3445150,"Box #341","",,"₹ 200",81.03,"Apr 2025",59,0,4
2517560,"Squidding Over It","",,"₹ 250",81.03,"Aug 2023",35,0,11
2303290,"A Slug's Dream","",,"₹ 480",81.03,"Aug 2023",103,0,6
2057610,"Soul Link","",,"₹ 300",81.03,"May 2024",306,0,6
2352130,"SuperPosition","",,"₹ 400",81.03,"Feb 2025",126,0,4
3023800,"Detective AnnIntae: Missing Basketball Court","",,"₹ 155",81.03,"Jun 2024",24,1,2
2434860,"Stoneman's Adventure","",,"₹ 155",81.03,"Sep 2023",85,1,9
2278940,"Noxia Somnia","",,"₹ 650",81.03,"Jan 2024",278,0,7
3027850,"12 Hours Museum","",,"₹ 155",81.03,"Jun 2024",43,0,6
3061370,"Manga Ninja 漫画忍者","",,"₹ 105",81.03,"Oct 2025",20,0,3
2669820,"Box Room","",,"₹ 300",81.03,"Apr 2024",89,0,5
2328840,"The First Mine","",,"₹ 250",81.03,"Oct 2025",103,1,5
4529820,"Wobble Wobble","",,"₹ 109",81.03,"Apr 2026",21,0,6
4092610,"101 Dogs Hidden in Ireland","",,"₹ 52",81.03,"Nov 2025",22,0,4
4090450,"Cats vs Zombies","",-26%,"₹ 147",81.03,"Nov 2025",27,0,3
3980420,"Stabjack Demo","Demo",,"Free",81.03,"Sep 2025",0,1,7
3847670,"Kinap","",,"₹ 155",81.03,"Apr 2026",66,0,4
3302900,"Spectrum of the Puddle","",,"₹ 250",81.03,"Dec 2024",144,1,6
2749660,"The Spiritless Shaman","",,"₹ 250",81.03,"Jan 2024",126,0,3
3614010,"末日下班特快 Demo","Demo",,"Free",81.03,"Aug 2025",0,0,31
403270,"Cloudrift","",,"₹ 68",81.03,"Oct 2015",241,0,3
1568190,"Cat's Life Jigsaw Puzzles","",,"₹ 155",81.03,"Mar 2021",43,0,5
1517490,"Peaceful Gunner","",,"₹ 250",81.03,"Feb 2021",57,0,3
954240,"Cuboid Keeper","",,"₹ 259",81.03,"Jan 2019",138,0,4
3679100,"Keine’s Terakoya: A Schoolhouse in Gensokyo","",,"₹ 400",81.03,"Oct 2025",144,0,12
4371650,"Sophia's Path Demo","Demo",,"Free",81.03,"Feb 2026",0,0,4
1521930,"A Tale for Anna","",-50%,"₹ 189",81.03,"Sep 2021",424,0,16
789540,"The Adventures of Nick & Willikins","",,"Free",81.03,"Mar 2018",354,0,30
591380,"Bomb Squad Academy","",,"₹ 259",81.03,"Mar 2017",1418,0,52
2261050,"For the Queen","",,"₹ 200",81.03,"Aug 2023",8597,12,541
2119240,"Trash Horror Collection 2","",,"₹ 259",81.02,"Sep 2022",338,1,7
2427450,"Flick Shot Rogues","",-45%,"₹ 379",81.02,"Sep 2025",2528,9,261
1667770,"Samurai Shampoo Classic","",,"Free",81.01,"Jul 2021",329,0,136
1079510,"Sumerians","",,"₹ 770",81.01,"Oct 2023",8285,0,158
1167680,"Orbital Bullet – The 360° Rogue-lite","",,"₹ 489",81.01,"Mar 2022",4936,0,131
3666470,"BackSlap","",,"₹ 105",81.00,"Jun 2025",86,1,16
3108620,"Tower Lab Demo","Demo",,"Free",81.00,"Jan 2026",0,2,228
3152510,"Alpine Lake Demo","Demo",,"Free",81.00,"Aug 2024",0,0,17
3348360,"Hobby Horse Demo","Demo",,"Free",81.00,"May 2025",0,0,141
2942930,"Hentai Tales: Another Fairy Tales","",-40%,"₹ 31",81.00,"May 2024",304,0,5
2749650,"The Lament of a Lifeless Star","",,"₹ 480",81.00,"Jan 2024",164,1,4
2150580,"Memory Traces: Egypt","",,"₹ 105",81.00,"Feb 2023",142,0,6
1803160,"CARROT","",,"₹ 250",81.00,"Dec 2021",122,0,2
873070,"NEO NEO","",,"₹ 42",81.00,"Jun 2018",118,0,6
3073820,"Curse Rounds","",-78%,"₹ 44",81.00,"Feb 2025",115,0,3
2876920,"Baimason's Thing Finder Puzzle","",,"₹ 105",81.00,"Jul 2024",67,0,6
4432820,"Zad Archery (Demo)","Demo",,"Free",81.00,"Feb 2026",0,3,123
2687530,"Fairy Carrots","",,"₹ 400",81.00,"Jan 2024",414,0,59
282640,"LOST ORBIT","",,"₹ 350",81.00,"May 2015",738,0,66
2288310,"Five Nights at Tinky's","",,"₹ 105",81.00,"May 2023",180,0,3
1245810,"BitVault","",,"₹ 570",81.00,"Mar 2020",2917,0,8
741520,"Professor Lupo and his Horrible Pets","",,"₹ 459",81.00,"Jul 2019",405,0,7
1812180,"Zipp's Café","",,"₹ 200",81.00,"Nov 2023",1147,0,59
3039500,"万象群侠传","",,"₹ 450",81.00,"Jan 2026",4787,63,960
1144440,"UnderParty","",,"₹ 345",81.00,"Apr 2020",3146,2,58
1663850,"REPLACED","",,"₹ 880",81.00,"Apr 2026",79088,219,5352
525780,"Doorways: Old Prototype","",,"Free",80.99,"Oct 2016",3163,0,71
4147380,"Private Ward ~VIP Floor: She Was My Nurse~","",-30%,"₹ 108",80.98,"Dec 2025",627,0,15
1519690,"STAY","",,"Free",80.98,"Feb 2021",119,0,18
2544620,"Geckorientalism","",,"₹ 450",80.98,"Jul 2024",246,0,11
1002270,"PiiSim","",,"₹ 52",80.98,"Mar 2019",801,0,5
1658960,"End of Lines","",,"₹ 650",80.98,"May 2023",779,0,8
1339900,"BOT.vinnik Chess: Combination Lessons","",-55%,"₹ 47",80.98,"Jun 2020",213,0,9
1554400,"Paint Chips","",,"₹ 690",80.98,"May 2021",721,0,337
3709650,"The Love's Ordeal","",,"₹ 610",80.98,"Jul 2025",1140,0,108
2052040,"Golden Lap","",,"₹ 719",80.98,"Sep 2024",3503,11,289
1136880,"Baby Walking Simulator","",,"₹ 250",80.97,"Aug 2019",101,0,25
420660,"Burnin' Rubber 5 HD","",,"₹ 349",80.97,"Feb 2018",790,1,26
733210,"Neversong","",,"₹ 829",80.97,"May 2020",5772,0,163
798840,"Panzer War : Definitive Edition","",,"₹ 570",80.97,"Mar 2018",4074,56,96
249590,"Teslagrad","",,"₹ 499",80.97,"Dec 2013",8591,0,169
507010,"Mr.President!","",,"₹ 349",80.97,"Oct 2016",9634,5,385
3362790,"PETS","",,"₹ 250",80.96,"Feb 2025",331,1,26
751220,"ETHEREAL","",,"₹ 349",80.96,"Mar 2019",504,0,16
1340470,"Wait! Life is Beautiful! Prologue","",,"Free",80.96,"Aug 2020",1055,0,21
304650,"SUNLESS SEA","",,"₹ 563",80.96,"Feb 2015",78852,39,4049
958750,"Re-O-Ri","",,"Free",80.95,"Nov 2019",350,0,12
2897450,"The Anomalous Hour","",,"₹ 155",80.95,"Apr 2024",238,0,16
2584370,"Horror inside the forest","",,"₹ 52",80.95,"Jan 2024",97,0,4
1608660,"Overhaul","",,"₹ 399",80.95,"Oct 2022",444,0,22
3831660,"Obsessed : Night Shift","",,"₹ 155",80.95,"Aug 2025",273,2,27
3730300,"Legends of Dragaea: Idle Dungeons Prelude","",,"Free",80.95,"Sep 2025",552,4,357
272330,"Shadow Blade: Reload","",,"₹ 349",80.95,"Aug 2015",2125,0,64
3496000,"Ship, Inc.","",,"₹ 480",80.95,"Jun 2025",5823,41,1106
1785150,"Friends vs Friends","",-75%,"₹ 120",80.95,"May 2023",29914,74,5578
1173740,"Woodle Tree 2: Deluxe+","",-94%,"₹ 36",80.94,"Dec 2019",3505,0,201
1514660,"Battle Ball","",,"Free",80.94,"Mar 2021",463,0,105
451010,"Kittypocalypse","",,"₹ 479",80.93,"Aug 2016",1359,0,16
513360,"Mu Cartographer","",,"₹ 199",80.93,"May 2016",820,0,43
418300,"Wick","",,"₹ 299",80.93,"Dec 2015",4939,0,159
1894080,"I got a millenary cat","",,"₹ 345",80.93,"Oct 2022",6959,0,240
1740050,"Hidden Objects - Sleeping Beauty - Puzzle Fairy Tales","",,"₹ 250",80.92,"Nov 2021",154,0,9
1330260,"Welcome to Elk: The First Stories","",,"—",80.92,"Jul 2020",182,0,12
3615590,"My Life as a Robot Vacuum","",,"₹ 155",80.92,"May 2025",46,0,3
2559550,"ZXC","",,"₹ 250",80.92,"Dec 2024",121,0,4
2061510,"Woodlock Manor","",,"Free",80.92,"Jul 2022",55,0,7
3426500,"Strong Crab","",,"₹ 300",80.92,"Oct 2025",52,0,4
3806560,"101 Cats in Medina","",,"₹ 52",80.92,"Jul 2025",28,0,4
3334510,"Finding Cats In ButtonWood Street","",,"₹ 155",80.92,"Dec 2024",56,0,4
2993660,"Hentai Tales: Bunny Hole","",-40%,"₹ 31",80.92,"Jun 2024",206,0,4
2447120,"Veiled Edge","",,"₹ 690",80.92,"Nov 2024",317,0,4
1078550,"Voltron: Cubes of Olkarion","",,"—",80.92,"Aug 2019",295,0,8
751260,"Astrohazard Solutions Ltd.","",,"Free",80.92,"Dec 2017",127,0,3
371530,"Legends of Pixelia","",,"₹ 259",80.92,"Jun 2015",502,0,26
1626370,"Raybound","",,"Free",80.92,"May 2021",42,0,3
1926440,"Twin Edge","",,"₹ 480",80.92,"Jun 2022",241,0,8
3567940,"Banished Knight","",,"₹ 200",80.92,"Feb 2026",134,0,15
451520,"theBlu","",,"—",80.92,"Apr 2016",6790,2,100
2106670,"Gatekeeper","",-35%,"₹ 448",80.92,"Aug 2025",21829,60,2946
671860,"BattleBit Remastered","",,"₹ 990",80.92,"Jun 2023",207059,232,87323
899960,"The Greater Good","",,"₹ 199",80.91,"Oct 2018",515,0,60
1404190,"Chess Brain","",,"₹ 52",80.91,"Sep 2020",269,0,7
840610,"Fortune-499","",,"₹ 199",80.91,"May 2018",447,0,9
2320250,"Zefyr: Prologue","",,"Free",80.90,"Jul 2024",317,0,6
2017580,"Pathmaster","",,"Free",80.90,"Oct 2022",243,0,8
1683270,"Recall: Empty Wishes","",,"₹ 690",80.90,"Feb 2025",1374,0,14
463210,"State of Anarchy","",,"₹ 52",80.90,"Apr 2016",1918,0,8048
1239260,"Barro F","",,"₹ 59",80.90,"Feb 2020",1572,5,2484
2508890,"Etaine: Magic Survivor / 伊泰恩：魔法幸存者","",,"₹ 175",80.89,"Aug 2024",1062,0,90
2158650,"I Did Not Buy This Ticket","",-60%,"₹ 160",80.89,"Apr 2023",1058,1,46
2389570,"Sniper Killer","",,"₹ 570",80.89,"Oct 2024",2944,0,135
946860,"Stamp Boy / 跳跳小子","",,"₹ 85",80.88,"Sep 2019",209,0,7
1420060,"Helix Slider","",,"Free",80.88,"Sep 2020",184,0,12
2270530,"Hentai Fox","",,"₹ 52",80.88,"Feb 2023",392,0,7
1232810,"Savage Halloween","",,"₹ 199",80.88,"Oct 2020",597,0,10
1126600,"Before I Forget","",,"₹ 299",80.87,"Jul 2020",764,0,14
705450,"Wunderdoktor","",,"₹ 530",80.86,"Oct 2017",646,0,8
636390,"Ticket to Earth","",,"₹ 459",80.86,"Jun 2017",1062,0,10
2886090,"Novice Dungeon Master","",,"₹ 570",80.86,"Dec 2024",845,0,244
1376890,"Drill Deal: Borehole (Alpha)","",,"Free",80.86,"Aug 2020",2266,0,148
1906020,"Drums Rock","",,"₹ 880",80.86,"Jun 2023",2279,1,21
2272420,"Thief Simulator 2: Prologue","",,"Free",80.86,"May 2023",6060,8,1547
1186400,"West Sweety","",,"₹ 85",80.86,"Dec 2019",20265,2,388
2962650,"UT Game Design Presents: Banana Cowboy","",,"Free",80.85,"May 2024",97,0,10
2305490,"THE SEGMENT TWINS","",,"₹ 450",80.85,"Jun 2023",452,0,5
3123800,"Tempest Tower","",-40%,"₹ 435",80.85,"Aug 2025",631,0,9
1574780,"Skaramazuzu","",,"₹ 199",80.85,"Apr 2024",358,0,10
3079770,"Kokoro Kitchen","",,"₹ 610",80.85,"Oct 2025",1206,1,36
2992570,"Flan's MS","",,"₹ 200",80.85,"Sep 2024",324,0,23
2581960,"The Collage Atlas","",,"₹ 570",80.84,"Apr 2024",537,0,4
4576620,"Keep On Winning!","",,"₹ 54",80.84,"Apr 2026",62,5,71
2346370,"Hentai MatureCat","",,"₹ 52",80.84,"Mar 2023",265,0,5
1035780,"Pecker","",,"₹ 480",80.84,"Apr 2025",322,0,6
1020520,"Hellink","",,"Free",80.84,"Mar 2019",277,0,12
1906180,"Memory Traces: Japan","",,"₹ 85",80.84,"Aug 2022",261,0,18
1421020,"Simple FPS Aim Trainer","",,"₹ 105",80.84,"Oct 2020",311,0,9
1284870,"Ultreïa","",-90%,"₹ 65",80.84,"Jun 2021",400,0,6
1921530,"Zombie Death Quota","",,"Free",80.84,"May 2022",152,0,9
3457390,"Little Wings Deliveries","",,"₹ 250",80.84,"Mar 2025",256,0,6
449730,"Ahnayro: The Dream World","",,"₹ 250",80.84,"Jun 2016",1096,1,542
1543710,"Beyond Galaxyland","",,"₹ 650",80.84,"Sep 2024",4151,1,80
243220,"FRACT OSC","",,"₹ 690",80.84,"Apr 2014",2578,0,311
967250,"DOKA 2 KISHKI EDITION","",,"₹ 155",80.84,"Nov 2018",7981,0,2018
3141120,"100 China Cats","",,"₹ 105",80.83,"Jul 2025",532,1,9
2942420,"Poetry Pigeon","",,"Free",80.83,"Aug 2024",70,0,6
3978480,"Whisker Wanderlust: Unwritten Chapter","",,"₹ 259",80.83,"Apr 2026",1897,1,29
3819490,"Swimpossible!","",-40%,"₹ 161",80.83,"Feb 2026",108,0,17
2614240,"Finding Cats In Street Market","",,"₹ 155",80.83,"Jun 2024",116,0,18
2500450,"Anx Defense","",,"₹ 480",80.83,"Dec 2023",261,0,5
3557270,"Little Witch's Carnival","",,"₹ 250",80.83,"Oct 2025",108,0,16
1114740,"Red Island","",,"₹ 105",80.83,"Jul 2019",122,0,7
922490,"Max Mustard","",,"₹ 880",80.83,"Oct 2024",361,0,5
1731410,"Monastery","",,"₹ 730",80.83,"Sep 2023",799,2,9
708680,"Octopus Bar","",,"Free",80.83,"Sep 2017",729,0,32
416870,"Kitty Powers' Love Life","",-66%,"₹ 142",80.83,"Feb 2018",761,2,119
529900,"Polygon Attack","",,"₹ 105",80.83,"Dec 2016",481,0,2512
2737580,"The Lancaster Leak - Entity Exam","",,"Free",80.83,"Feb 2024",371,2,38
567290,"Slash It","",,"₹ 1600",80.83,"Dec 2016",607,0,2196
277390,"VIDEOBALL","",,"₹ 369",80.82,"Jul 2016",1542,0,63
1243220,"Picklock","",,"₹ 880",80.82,"May 2020",1596,0,964
948630,"Hentai MineSweeper","",,"₹ 42",80.82,"Oct 2018",1797,1,54
774201,"Heaven's Vault","",,"₹ 569",80.82,"Apr 2019",11592,8,261
1128690,"Plunge","",,"₹ 299",80.81,"Aug 2019",608,0,13
2881800,"SuperTaxCity","",,"₹ 480",80.81,"Jan 2025",800,6,546
658690,"Rage in Peace","",,"₹ 610",80.81,"Nov 2018",1937,0,28
674750,"Yet Another Zombie Defense HD","",-81%,"₹ 38",80.81,"Aug 2017",10040,5,2573
3449850,"Desktop Kitten Girl","",,"₹ 200",80.80,"Mar 2025",1063,42,1012
1879340,"MuseSwipr","",,"Free",80.80,"Dec 2022",833,4,69
440760,"Cube Destroyer","",,"₹ 199",80.80,"Feb 2016",523,0,927
4069860,"There's No Differences: Santa","",,"₹ 200",80.79,"Dec 2025",27,0,13
1195530,"The Tawashi","",,"₹ 400",80.79,"Jan 2020",113,0,4
3825610,"Desktop Colony","",,"₹ 300",80.79,"Oct 2025",166,0,20
2478120,"Nekograms","",,"₹ 375",80.79,"Mar 2025",402,0,5
3159090,"Cozy Night","",,"₹ 52",80.79,"Nov 2024",75,0,8
1566550,"A Walk With My Dog","",,"₹ 250",80.79,"Oct 2022",76,0,4
4412200,"Effective Immediately Demo","Demo",,"Free",80.79,"Apr 2026",0,0,21
3773470,"Bulbo's Belief System Demo","Demo",,"Free",80.79,"Jun 2025",0,0,11
3814010,"The Traded Groom","",,"Free",80.79,"Jul 2025",91,1,3
3059350,"The Tome of All Tales","",,"₹ 345",80.79,"Sep 2024",182,0,4
2941230,"Charoite into the Deep","",,"₹ 250",80.79,"Dec 2025",143,0,5
4656370,"The Last Shot: Underworld Demo","Demo",,"Free",80.79,"Jun 2026",0,1,11
3747070,"Gravitee","",,"₹ 52",80.79,"Jun 2025",24,0,3
2351640,"Times Trials","",,"₹ 570",80.79,"Nov 2025",90,0,32
1991450,"Philosophical Jigsaw - The Zen Koans","",,"₹ 85",80.79,"Jun 2022",81,0,3
1836680,"Slidetracked","",,"₹ 199",80.79,"Mar 2022",114,0,5
4250260,"Slop Fest","",,"₹ 105",80.79,"Jan 2026",22,0,6
4235890,"101 Dogs Hidden in Los Angeles","",,"₹ 52",80.79,"Jan 2026",27,0,3
3615090,"Vextorial Demo","Demo",,"Free",80.79,"Apr 2025",0,0,7
3094270,"Crash Puzzle Hammer-San","",,"₹ 480",80.79,"Oct 2024",92,0,8
2832170,"废材队友","",,"₹ 105",80.79,"Feb 2024",43,0,3
2985740,"Ocean Planet","",,"₹ 250",80.79,"Dec 2024",53,0,5
2784440,"Storage Looter","",-40%,"₹ 240",80.79,"Aug 2025",74,1,6
2835480,"Vectored Armada","",,"₹ 690",80.79,"Apr 2024",222,0,5
3953340,"Meow's Meow","",,"₹ 109",80.79,"Sep 2025",59,0,8
1475780,"Battle Strike World War","",,"Free",80.79,"Dec 2021",104,0,5
566900,"Wacky Wings VR","",,"₹ 42",80.79,"Jan 2017",89,0,3
2561190,"Claire's Cruisin' Cafe: Fest Frenzy","",-50%,"₹ 172",80.79,"Sep 2023",60,1,11
1360700,"DREAM TIME","",,"₹ 379",80.79,"Jun 2021",44,0,4
1301830,"Shatris: Infinite Puzzles","",,"₹ 105",80.79,"Dec 2020",77,0,3
706510,"SOMOS","",,"₹ 299",80.79,"Nov 2018",194,0,4
542220,"Rumpus","",,"₹ 369",80.79,"Apr 2017",132,0,5
2777000,"Excelios","",,"₹ 400",80.79,"May 2024",59,0,4
1372730,"Phaseshift","",,"₹ 690",80.79,"Mar 2022",460,0,4
4737860,"DITTORI Demo","Demo",,"Free",80.79,"May 2026",0,10,58
1434260,"Painting Werther","",,"₹ 610",80.79,"Feb 2023",265,0,4
4312570,"I Am Coin Demo","Demo",,"Free",80.79,"Jan 2026",0,0,17
3189820,"Stellarcraft","",,"₹ 480",80.78,"Mar 2026",487,0,14
627670,"Rocket Wars","",,"₹ 52",80.78,"Jun 2017",211,0,5768
1090440,"Kelipot","",,"₹ 439",80.78,"Nov 2020",6764,4,442
314790,"Silence","",-90%,"₹ 52",80.78,"Nov 2016",23003,6,373
739050,"Deck Casters","",,"₹ 479",80.77,"Jan 2018",530,0,16
1826060,"Night Loops","",,"₹ 449",80.77,"Oct 2023",1674,0,18
1271750,"Unferat","",,"₹ 300",80.77,"Jun 2020",953,0,8
286380,"Strata","",,"₹ 299",80.77,"May 2014",834,0,40
1232580,"Knock on the Coffin Lid","",,"₹ 569",80.77,"Aug 2024",71110,35,3690
1143810,"Black Skylands","",-38%,"₹ 660",80.77,"Aug 2023",31673,10,1148
2628190,"东方希莲船 ~ Ultimate Fatal Octopus","",,"₹ 105",80.76,"Apr 2024",159,0,22
2055130,"Demon Go!","",,"₹ 125",80.76,"Sep 2022",135,0,5
2158810,"Cosmic Coliseum","",,"₹ 250",80.76,"May 2025",269,0,65
2485070,"Magical Girl Dash","",,"₹ 52",80.76,"Jul 2023",150,0,4
3409750,"Card Draw (Demo)","Demo",,"Free",80.76,"Dec 2024",0,0,116
763790,"TrainerVR","",,"₹ 349",80.76,"Dec 2017",521,0,7
1559570,"Hellstuck: Rage With Your Friends","",,"₹ 400",80.76,"May 2022",430,0,77
2547860,"6N23","",,"₹ 52",80.75,"Nov 2023",56,0,14
965640,"Horror Legends","",,"₹ 250",80.75,"Sep 2021",1385,0,20
1569810,"24 Solar Terms","",,"₹ 259",80.75,"Apr 2023",2048,0,31
916140,"The Tale of Bistun","",-70%,"₹ 149",80.75,"Jul 2022",1247,0,27
294000,"Knight Squad","",,"₹ 479",80.75,"Nov 2015",1860,2,134
4026480,"Cafe Business Manager","",,"₹ 690",80.74,"Apr 2026",1201,169,565
686680,"Computer Tycoon","",-30%,"₹ 370",80.74,"Oct 2017",8774,11,390
776490,"永远消失的幻想乡 ～ The Disappearing of Gensokyo","",,"₹ 379",80.74,"Jan 2018",34920,1,934
1129540,"Orc Massage","",,"₹ 690",80.74,"Feb 2022",67651,15,1723
3822700,"Find Cats in the Casino","",,"₹ 54",80.73,"Apr 2026",41,0,6
3612120,"Hui-Shuo","",,"₹ 250",80.73,"Aug 2025",124,0,17
4160290,"FIND KITTENS 7: Cookie Town","",,"₹ 54",80.73,"Dec 2025",106,0,43
339440,"Critical Annihilation","",,"Free",80.73,"Feb 2016",1600,0,60
3495050,"100 Zombie Cats","",-55%,"₹ 47",80.72,"Jul 2025",1591,0,7
3391740,"A Planet of Mine MasterMine Edition","",,"₹ 409",80.72,"Nov 2025",241,0,11
3893400,"CatFatherJump","",,"Free",80.72,"Nov 2025",47,0,3
2074780,"焰色方糖 flamed sugar","",,"Free",80.72,"Jul 2022",85,0,3
1144080,"Overboard","",,"Free",80.72,"Sep 2019",64,0,4
2346160,"GachaHell","",,"₹ 250",80.72,"Apr 2023",156,0,7
1680310,"Cubiverse","",,"Free",80.72,"Oct 2021",161,0,5
1668850,"Beautiful Vikings","",,"₹ 52",80.72,"Aug 2021",140,0,3
4086710,"Illumination of Mansion Demo","Demo",,"Free",80.72,"Oct 2025",0,0,9
4075820,"Contract Cafe Demo","Demo",,"Free",80.72,"Jan 2026",0,0,23
2146560,"Ghostboy","",,"₹ 480",80.72,"Jun 2024",297,0,6
4063410,"Trickshotterz Demo","Demo",,"Free",80.72,"Sep 2025",0,0,25
4626900,"Out To Deliver Demo","Demo",,"Free",80.72,"Apr 2026",0,0,667
3834480,"Bite Night: Dine or Die","",,"₹ 345",80.72,"Jan 2026",248,1,17
2960090,"Squared Adventure","",,"Free",80.72,"Jul 2024",211,0,6
2298210,"Physical Layer","",,"₹ 450",80.72,"Mar 2023",773,0,43
2687300,"Aarik And The Ruined Kingdom","",,"₹ 400",80.72,"Jun 2024",307,0,6
3428630,"Teller's Duty Demo","Demo",,"Free",80.72,"Feb 2025",0,44,102
2772990,"Ghost Janitors","",,"₹ 450",80.72,"Nov 2025",4027,37,774
1490610,"METALLIC CHILD","",-40%,"₹ 419",80.71,"Sep 2021",9703,1,1188
4033080,"Deep Corp","",,"₹ 399",80.70,"May 2026",2039,352,676
372350,"Tumbleweed Express","",,"₹ 200",80.70,"May 2016",1001,0,70
2325930,"Forestrike Demo","Demo",,"Free",80.70,"Mar 2025",0,0,178
700100,"Spooky Station","",,"₹ 199",80.70,"Oct 2019",1551,0,35
986130,"Shadows of Doubt","",,"₹ 1100",80.70,"Sep 2024",86477,124,3562
2154400,"Aery - Calm Mind 3","",,"₹ 349",80.69,"Mar 2023",106,0,5
4408540,"FinCrementalOS","",,"Free",80.69,"May 2026",54,0,15
1164460,"Monospaced Lovers","",,"₹ 880",80.69,"Oct 2024",843,0,10
4276980,"Tiny Biomes: Cozy Idle","",,"₹ 250",80.69,"Mar 2026",490,39,734
1548820,"Happy Puzzle","",,"₹ 105",80.69,"Apr 2021",2233,0,114
2530950,"Rock Star Life Simulator","",,"₹ 300",80.69,"Jan 2025",2117,1,187
3184110,"Widget Inc.","",,"₹ 250",80.69,"Oct 2024",3073,34,1913
307230,"I, Zombie","",-40%,"₹ 63",80.69,"Dec 2014",2691,2,553
810640,"Radiis","",,"₹ 459",80.68,"Jul 2018",975,0,13
2976890,"災難公關+","",,"₹ 400",80.68,"Feb 2026",1574,1,582
1029760,"TANKNAROK","",,"₹ 300",80.68,"Jun 2020",810,1,26
1597910,"FREERIDE","",,"₹ 529",80.68,"May 2025",5693,0,87
1056690,"Drink More Glurp","",,"₹ 480",80.68,"Aug 2020",1157,0,59
1325290,"Ever Forward Prologue","",,"—",80.67,"May 2020",2013,0,182
574720,"Little Big Workshop","",,"₹ 900",80.67,"Oct 2019",24413,24,2774
1281510,"Kirakira stars idol project Nagisa","",,"₹ 419",80.66,"Jun 2020",911,0,6
3972520,"Genesis Relic: Idle Sandbox Simulator","",,"₹ 200",80.66,"Mar 2026",1383,0,16
1687150,"Leaf Me Alone","",,"₹ 299",80.66,"Jul 2021",136,0,8
2890300,"Distant","",,"Free",80.66,"Sep 2024",111,0,3
1699390,"Roxy Raccoon","",-75%,"₹ 120",80.66,"Oct 2021",135,0,3
3582790,"101 Cats in Cancun","",,"₹ 52",80.66,"Apr 2025",41,1,4
3347060,"101 Cats in Miami","",,"₹ 52",80.66,"Jan 2025",38,0,4
2319830,"Hentai Festival","",,"₹ 52",80.66,"Mar 2023",233,0,4
4163970,"Pimbolas Demo","Demo",,"Free",80.66,"Dec 2025",0,0,19
3720110,"PULLBACK RACERS","",,"₹ 200",80.66,"Jun 2025",200,0,14
1214980,"The Line","",,"₹ 199",80.66,"Jul 2020",186,0,4
2916670,"Neon Village","",,"₹ 480",80.66,"Apr 2026",999,19,206
1097150,"Fall Guys","",,"—",80.66,"Aug 2020",693958,396,172213
570980,"Tale of Fallen Dragons","",,"₹ 369",80.65,"Feb 2017",3707,0,90
954870,"Astrox Imperium","",,"₹ 459",80.65,"Mar 2019",11478,10,231
533780,"Zombie Defense","",,"Free",80.65,"Sep 2016",8565,16,2369
3858370,"Figure Shop Simulator: Prologue","",,"Free",80.64,"Jul 2025",373,5,53
1315980,"Tin Can","",,"₹ 529",80.64,"May 2022",12832,3,359
1837220,"Psalm 5:9-13","",,"₹ 200",80.64,"Mar 2024",2017,2,77
952250,"SEPTEMBER 1999","",,"Free",80.64,"Oct 2018",2574,0,26
3040780,"Delivery Hot Demo","Demo",,"Free",80.63,"Feb 2025",0,0,150
4268890,"Drop and Grow","",,"₹ 145",80.63,"May 2026",312,12,128
3254940,"My Putrid Ponies","",,"₹ 250",80.63,"Dec 2024",1136,1,12
2206140,"GeoDepths","",,"₹ 770",80.63,"Oct 2023",2621,2,197
555220,"Detention","",,"₹ 409",80.63,"Jan 2017",55466,9,2335
1969650,"Formula TOP","",,"₹ 610",80.62,"Nov 2024",517,1,18
798650,"Squeakers","",,"₹ 52",80.62,"Feb 2018",103,0,6
2659710,"Carnaval Simulator","",,"₹ 530",80.62,"Feb 2025",390,1,57
2887690,"Cheese Moon","",,"₹ 400",80.62,"Mar 2025",178,0,20
1286530,"Black Skylands: Origins","",,"—",80.62,"Apr 2020",3171,0,188
3464890,"Bugtopia Demo","Demo",,"Free",80.61,"Jan 2025",0,0,197
489720,"Conga Master","",,"₹ 369",80.61,"Sep 2016",434,0,387
4253670,"STARDUST: Wish of Witch Demo","Demo",,"Free",80.61,"Jan 2026",0,20,98
890970,"Oakwood","",,"₹ 250",80.61,"Dec 2018",1695,0,11
1543280,"Espresso Tycoon","",-84%,"₹ 140",80.61,"Jun 2023",14182,17,544
300380,"Road Redemption","",,"₹ 529",80.61,"Oct 2019",78592,26,806
3010090,"Aaero2","",,"₹ 690",80.60,"Dec 2024",516,0,12
3129650,"101 Cats in Mexico","",,"₹ 52",80.60,"Aug 2024",49,0,5
515020,"The VR Museum of Fine Art","",,"Free",80.60,"Aug 2016",1697,0,23
2981070,"Arcane Trigger","",,"₹ 450",80.60,"Nov 2025",1678,9,551
3510730,"Circular Fallacy","",-35%,"₹ 195",80.59,"Aug 2025",196,0,15
538710,"Dead Hungry","",,"₹ 299",80.59,"Dec 2016",378,0,8
1583240,"Best Elf","",,"₹ 419",80.59,"Nov 2023",1913,0,31
2727650,"WHAT THE CAR?","",,"₹ 880",80.59,"Sep 2024",5281,7,264
1261700,"Knight's Retreat","",,"₹ 155",80.58,"Aug 2020",315,0,16
711130,"God of Light: Remastered","",,"₹ 349",80.58,"Nov 2017",318,1,6
1209510,"Hand In Hand","",,"₹ 570",80.58,"Nov 2023",792,0,16
2082410,"Anomaly Collapse","",,"₹ 880",80.58,"Apr 2024",6376,3,1196
1482860,"Idle Research","",,"Free",80.58,"Aug 2022",2013,90,4787
1058690,"Signs of the Sojourner","",,"₹ 529",80.57,"May 2020",1468,1,29
2800840,"Gunbot Diplomacy","",,"₹ 249",80.57,"May 2025",1615,5,98
1189290,"The Black Grimoire: Cursebreaker","",-50%,"₹ 345",80.56,"Oct 2024",10320,29,428
1191210,"Seek Girl Ⅲ","",,"₹ 105",80.56,"Dec 2019",14525,0,503
1492200,"Soviet Hentai","",,"₹ 52",80.55,"Mar 2021",466,0,6
4004810,"There's No Differences: Monsters","",,"₹ 200",80.54,"Oct 2025",28,0,10
3817040,"Simogo Legacy Collection","",,"₹ 690",80.54,"Dec 2025",261,0,10
4666230,"XX Fulfillment Center Demo","Demo",,"Free",80.54,"May 2026",0,24,45
3842900,"Cascadou","",,"₹ 549",80.54,"Apr 2026",190,0,17
3141070,"100 Indonesia Cats","",-50%,"₹ 52",80.54,"Oct 2025",838,0,6
3093600,"Project ZipZap","",,"Free",80.54,"Sep 2024",104,0,3
2562040,"Conge's Crunch Time","",,"₹ 570",80.54,"Jun 2024",104,0,6
2276130,"Swiftrace Canyon","",,"₹ 570",80.54,"Feb 2026",65,0,14
2167600,"Star Rabbits","",,"₹ 345",80.54,"Jul 2025",109,0,2
3309020,"幸运牌","",,"₹ 300",80.54,"Jan 2025",13,0,5
2476760,"Eye On The World","",,"₹ 200",80.54,"Mar 2024",73,0,4
1698020,"Reflection","",,"₹ 349",80.54,"Sep 2022",147,0,3
2269060,"VideoHole: Episode II","",,"₹ 480",80.54,"Oct 2025",88,0,3
1550660,"Oakrot - it's literally a book","",,"Free",80.54,"Mar 2021",139,0,2
3921160,"Flipside","",,"₹ 250",80.54,"Jan 2026",99,0,3
3391200,"Snowman Mo","",,"₹ 610",80.54,"Dec 2025",99,0,5
1729570,"Cast","",,"₹ 42",80.54,"Jul 2023",32,0,4
1382800,"A Winding Path","",,"₹ 250",80.54,"Aug 2021",160,0,4
4521880,"Drillbound Demo","Demo",,"Free",80.54,"Mar 2026",0,0,50
3837210,"The PipeTuber's Guide to the Solar System","",,"₹ 480",80.54,"Dec 2025",35,0,5
2647860,"Star Stuff: Prologue","",,"—",80.54,"Jan 2024",110,0,4
2577030,"Order Automatica Demo","Demo",,"Free",80.54,"Sep 2023",0,0,11
1967010,"Updog","",,"₹ 250",80.54,"Jul 2022",62,0,4
1880100,"Backpack Raiders","",-38%,"₹ 257",80.54,"Jun 2026",62,13,22
1612160,"Timo's Adventures","",,"Free",80.54,"May 2021",65,0,7
1502680,"Dobo's Heroes","",-60%,"₹ 120",80.54,"May 2021",161,0,2
4555650,"Little Tree Kingdom Demo","Demo",,"Free",80.54,"Apr 2026",0,0,105
4524330,"RAT FARM Demo","Demo",,"Free",80.54,"Mar 2026",0,0,7
4327840,"Rombykon Demo","Demo",,"Free",80.54,"Feb 2026",0,0,5
3424340,"Stray of Lost Cat Demo","Demo",,"Free",80.54,"Jan 2025",0,0,11
2998990,"Tilemancer Dungeon","",,"₹ 400",80.54,"Mar 2025",292,0,14
4422740,"101 Dogs Hidden in Singapore","",,"₹ 105",80.54,"Mar 2026",17,0,3
4297920,"Defend Against Cats","",,"₹ 105",80.54,"Feb 2026",31,0,3
4092600,"101 Dogs Hidden in India","",,"₹ 52",80.54,"Nov 2025",22,0,4
4079660,"Ratsukade","",,"₹ 155",80.54,"Jan 2026",143,0,3
4035010,"我在忘川有個活","",,"₹ 300",80.54,"Mar 2026",58,0,3
3171560,"SeedHero","",,"₹ 155",80.54,"May 2025",59,0,5
2532310,"Line Link","",,"Free",80.54,"Aug 2023",45,0,3
2403350,"みんなでクイズ ラビィとふしぎな惑星","",,"₹ 345",80.54,"Aug 2024",87,0,29
2073530,"Stereo Boy","",,"₹ 480",80.54,"Aug 2022",162,0,5
2821740,"Only Pinball","",,"₹ 690",80.54,"Sep 2024",138,0,6
1799020,"Six Faces | Overpower","",,"₹ 105",80.54,"Dec 2021",52,0,3
4379140,"Way of Horny: First Touch","",,"₹ 54",80.54,"Feb 2026",236,0,6
3437030,"Sisyphus","",,"Free",80.54,"Mar 2025",40,0,3
643260,"Break Stuff With Coins","",,"₹ 299",80.54,"May 2018",54,0,4
3450430,"Surface Demo","Demo",,"Free",80.54,"Feb 2025",0,0,4
1674980,"Viking Heroes 2","",-50%,"₹ 129",80.54,"Jul 2021",87,2,19
1516550,"Vectors","",,"₹ 105",80.54,"Feb 2021",53,0,4
1336460,"Moirs","",,"₹ 199",80.54,"Jun 2020",80,0,6
678870,"EatWell","",,"₹ 119",80.54,"Jul 2017",62,0,3
2228710,"Where is Billy?","",,"₹ 345",80.54,"Oct 2024",87,0,21
2107580,"Amazing Maze","",,"₹ 155",80.54,"May 2023",79,0,2
3800420,"Turquoise","",,"₹ 309",80.54,"Apr 2026",231,0,10
3894020,"Perfect Liar","",,"₹ 200",80.54,"Oct 2025",29,0,5
3617650,"BUTLER GUILLOTINE","",-20%,"₹ 320",80.54,"Mar 2026",198,0,4
3831720,"Nova Patria","",,"₹ 595",80.54,"May 2026",642,3,31
2567920,"NinjaThea 2","",,"₹ 105",80.54,"Dec 2024",60,0,5
922700,"Hidden Animals: Photo Hunt - Worldwide Safari","",,"₹ 155",80.54,"Oct 2018",298,0,11
577700,"THE VIDEOKID","",,"—",80.54,"Jan 2017",591,0,6
1299860,"Endlight","",,"₹ 730",80.53,"Jul 2023",351,0,6
2539790,"夏日事件簿 Summer Fantasy","",,"₹ 630",80.53,"Aug 2025",111,0,11
3085770,"Cat On My Desktop","",,"₹ 105",80.53,"Aug 2024",140,2,65
819040,"Ashi: Lake of Light","",,"₹ 165",80.53,"Jul 2018",154,0,3
778780,"Desktop Agents - Cov1d-999","",,"₹ 260",80.53,"Apr 2020",113,0,4
516580,"DYSTORIA","",,"₹ 529",80.53,"Feb 2017",402,0,11
1214570,"DriftOn","",,"₹ 125",80.53,"Feb 2020",138,0,6
2432930,"Monster Souls: Chains of Chimera","",,"₹ 1500",80.53,"Oct 2025",2539,7,108
858360,"The Initiate 2: The First Interviews","",,"₹ 459",80.53,"Oct 2018",1074,0,10
2307300,"Kurone's Feelings ~Apprentice Witch of Starfall Village~","",,"₹ 690",80.53,"Jan 2024",2373,0,55
1767220,"The Kids We Were","",,"₹ 479",80.53,"Jan 2022",847,0,43
2083900,"FLERP","",,"₹ 155",80.53,"Sep 2022",777,0,252
270850,"Car Mechanic Simulator 2014","",-88%,"₹ 41",80.53,"Jan 2014",7477,6,1078
235800,"Audiosurf 2","",,"₹ 690",80.53,"May 2015",19988,13,473
1457080,"The Mageseeker: A League of Legends Story™","",,"₹ 1300",80.52,"Apr 2023",18680,2,6280
1451890,"Unknown Planet","",,"₹ 200",80.51,"Oct 2023",329,0,5
4311190,"Game Saloon Simulator: Prologue","",,"Free",80.51,"Jan 2026",185,2,16
3992920,"Minsgon Simulator Demo","Demo",,"Free",80.51,"Oct 2025",0,0,14
3064610,"Rods - Rod Roll","",,"Free",80.51,"Jul 2024",27,73,178
3668200,"Sanity Loops Demo","Demo",,"Free",80.51,"Apr 2025",0,0,8
3406030,"Swan Song Demo","Demo",,"Free",80.51,"Dec 2024",0,5,10
3298910,"Once a Pawn a King","",,"₹ 570",80.51,"Aug 2025",515,0,10
2579710,"Aerodangle","",,"₹ 300",80.51,"Dec 2023",98,0,5
1400620,"Ballsy! World Cup 2020","",,"₹ 125",80.51,"Oct 2020",87,0,5
1481720,"ShemHaMephorash","",,"₹ 469",80.51,"Mar 2023",333,0,8
2142170,"Burg Wimmel","",,"₹ 52",80.51,"Mar 2023",43,0,5
3940840,"Trading Card Inspector Demo","Demo",,"Free",80.51,"Dec 2025",0,11,26
2124480,"Respark","",,"₹ 880",80.51,"Dec 2025",289,1,40
2429930,"Power Network Tycoon","",,"₹ 690",80.51,"Feb 2024",395,0,6
3576270,"Fangs & Forges Demo","Demo",,"Free",80.51,"Mar 2025",0,0,11
2274820,"SEARCH ALL - WORMS","",,"₹ 155",80.51,"Jan 2023",44,0,3
718250,"Nova Flow","",,"₹ 259",80.51,"Mar 2018",184,0,20
559930,"Causality","",,"₹ 229",80.51,"Feb 2017",330,0,5
3432800,"Slingbot Survivors","",,"₹ 300",80.51,"Oct 2025",155,0,7
1183010,"Listeria Wars","",,"₹ 300",80.51,"Dec 2022",247,0,4
2121910,"Bunny Eureka","",,"₹ 159",80.51,"Oct 2022",118,0,3
2353910,"三千零一页 3001 Pages : a fairy tale for 33","",,"Free",80.51,"Apr 2023",270,0,27
1787960,"Milling machine simulator","",,"₹ 529",80.51,"Feb 2022",3344,7,97
821640,"Floor Kids","",,"₹ 120",80.51,"May 2018",1452,0,35
1163340,"Carrier Battles 4 Guadalcanal - Pacific War Naval Warfare","",,"₹ 699",80.51,"Jun 2020",2478,4,35
923470,"MOMO.EXE","",,"₹ 105",80.51,"Aug 2018",852,0,225
2615430,"Witchroid Vania: A Magical Girl’s Fantastical Adventures","",,"₹ 570",80.50,"Mar 2025",851,0,26
1861250,"Antro","",,"₹ 690",80.50,"Jun 2025",1072,0,12
1360430,"Lapso: NIMBO","",,"Free",80.50,"Jul 2020",533,0,13
650220,"Interplanetary: Enhanced Edition","",,"₹ 1129",80.50,"Aug 2017",4963,3,370
445190,"Expeditions: Viking","",,"₹ 729",80.50,"Apr 2017",34558,15,2901
1049890,"Little Witch Nobeta","",,"₹ 999",80.50,"Sep 2022",47876,6,3707
354680,"Adventures of Bertram Fiddle 1: A Dreadly Business","",,"₹ 250",80.49,"Apr 2015",2527,0,14
3274880,"Rollick N' Roll","",-20%,"₹ 399",80.48,"Apr 2026",469,0,10
2636910,"Moonbase Lambda","",,"₹ 250",80.48,"Mar 2025",531,0,9
3600750,"Compensation Not Guaranteed Demo","Demo",,"Free",80.48,"May 2025",0,0,34
1752730,"Billy Bumbum: A Cheeky Puzzler","",,"₹ 610",80.48,"Sep 2023",246,0,6
1315710,"Move 'n' Bloom","",,"Free",80.48,"Oct 2020",82,0,3
4418710,"Flow Legends Demo","Demo",,"Free",80.48,"Feb 2026",0,0,290
3806570,"101 Cats in Osaka","",,"₹ 52",80.48,"Jul 2025",36,0,4
2893310,"Speakeasy","",,"Free",80.48,"Apr 2024",97,0,3
1357220,"PogoChamp","",,"₹ 125",80.48,"Apr 2021",72,1,21
861520,"#AkiRobots","",,"₹ 299",80.48,"Dec 2020",122,0,6
3971170,"Charming Girl","",,"₹ 105",80.48,"Nov 2025",1013,1,29
4248580,"Gloomveil Demo","Demo",,"Free",80.47,"Feb 2026",0,1,19
2389440,"Little Postman","",,"Free",80.47,"May 2023",93,0,6
2345380,"100% Challenge","",,"Free",80.47,"Apr 2023",88,0,10
2872620,"Stellarcraft The Prologue","",,"—",80.47,"Aug 2024",244,0,13
740230,"Just Ski+","",,"Free",80.47,"Feb 2018",439,0,23
1915510,"Yao-Guai Hunter","",,"₹ 527",80.47,"Apr 2025",13340,42,1683
2648660,"Mortisomem","",,"₹ 200",80.46,"Jan 2024",258,0,10
973850,"Gorytale","",,"₹ 199",80.46,"Jul 2019",351,0,7
3404380,"Your Daughter","",,"₹ 52",80.46,"Dec 2024",765,1,34
1121530,"Globesweeper: Hex Puzzler","",,"₹ 400",80.46,"Nov 2019",264,3,35
1094680,"Hidden Through Time 2: Discovery","",,"₹ 530",80.45,"Aug 2024",1115,2,68
3547010,"Occlude","",,"₹ 400",80.45,"Jul 2025",1636,2,180
443810,"This Is the Police","",,"₹ 499",80.45,"Aug 2016",56690,44,3093
1936710,"Monster Stalker: Prologue","",,"Free",80.44,"Dec 2022",799,0,27
1032730,"Sticks And Bones","",,"₹ 219",80.44,"Mar 2019",554,0,5
791930,"BombTag","",,"Free",80.44,"Feb 2018",2298,0,608
865360,"We Were Here Together","",,"₹ 610",80.44,"Oct 2019",49293,115,2930
3886210,"Drill and Delve","",,"₹ 450",80.43,"Mar 2026",1643,2,63
1448310,"_keyboardkommander","",,"Free",80.43,"Nov 2021",425,0,20
2252960,"Flashback","",,"₹ 52",80.43,"Feb 2023",1426,1,119
1816080,"Meteor Volleyball!","",,"Free",80.42,"Jan 2022",225,0,36
1280080,"Faeland","",,"₹ 529",80.42,"Dec 2023",6126,2,74
1883000,"HEART of CROWN Online","",,"₹ 1300",80.42,"Dec 2025",4335,33,991
213030,"Penny Arcade's On the Rain-Slick Precipice of Darkness 3","",,"Free",80.42,"Jun 2012",768,0,1084
303550,"Adventures of Pip","",,"₹ 349",80.41,"Jun 2015",1749,0,28
682480,"恒水中学连环虐杀 / The untold story of hengshui school","",,"₹ 229",80.41,"May 2018",1832,1,64
1349920,"Caterpillarnoid","",,"Free",80.40,"Jul 2020",181,1,47
268240,"Mechanic Escape","",-84%,"₹ 49",80.40,"Apr 2014",516,1,1400
816490,"Hidden Paws","",,"₹ 155",80.40,"Mar 2018",1345,0,519
1455910,"Territory: Farming and Warfare","",,"₹ 690",80.39,"Feb 2026",7522,63,885
688060,"Odd Realm","",,"₹ 880",80.39,"Aug 2024",14106,1,245
599750,"Crisis in the Kremlin","",,"₹ 250",80.39,"Mar 2017",6329,4,3095
1368780,"The Mikado Birdgirl in Taichung","",,"₹ 300",80.38,"Jan 2021",595,0,10
654910,"YANKAI'S PEAK.","",,"₹ 219",80.38,"Jul 2017",216,0,5
2400590,"彗星战团","",,"₹ 155",80.38,"Jun 2023",928,0,24
2280060,"Tenebris: Terra Incognita","",,"₹ 880",80.38,"Sep 2024",3642,3,109
3319120,"Don't Play This","",-20%,"₹ 148",80.38,"Apr 2026",1447,7,154
1866920,"Before Fate","",,"—",80.37,"Apr 2026",902,0,50
1778720,"Blast Beat","",,"₹ 529",80.36,"Jan 2022",456,0,7
1554660,"Cat way Domino","",,"₹ 42",80.36,"Mar 2021",60,0,4
1513310,"Blockee - Sliding Puzzle","",,"₹ 105",80.36,"Feb 2021",101,0,7
3073290,"Frog World","",,"Free",80.36,"Aug 2024",132,0,8
1077510,"Breaking Box","",,"₹ 349",80.36,"Aug 2023",632,0,1336
1094590,"Helvetii","",,"₹ 690",80.36,"Feb 2023",1406,0,21
1070150,"SLAYERS FOR HIRE","",,"Free",80.36,"Mar 2020",737,0,28
1316800,"Destropolis","",,"₹ 300",80.36,"Aug 2020",1000,1,20
1307090,"Barro Racing","",-90%,"₹ 26",80.36,"Sep 2020",729,5,1355
776960,"Mouse (Sneaking)","",,"₹ 52",80.36,"Jan 2018",4846,3,2122
240760,"Wasteland 2: Director's Cut","",-75%,"₹ 174",80.36,"Sep 2014",89202,6,18856
607820,"Infinite Adventures®","",,"₹ 459",80.35,"Oct 2018",934,0,47
747470,"Doughlings: Arcade","",,"₹ 250",80.35,"May 2018",423,1,11
1305820,"Lunar Axe","",,"₹ 299",80.35,"Jul 2022",660,0,17
646470,"Alicia Quatermain: Secrets Of The Lost Treasures","",,"₹ 169",80.35,"Sep 2017",205,1,14
2217210,"Hentai Nurse","",,"₹ 52",80.34,"Nov 2022",329,0,5
1967940,"Germinal","",,"₹ 459",80.34,"Mar 2023",232,0,10
1962540,"Still Heroes","",-80%,"₹ 39",80.34,"Apr 2022",271,0,3
1479890,"Inua - A Story in Ice and Time","",-80%,"₹ 91",80.34,"Feb 2022",1325,0,10
2009800,"Kawaii Hentai Girls 2","",,"—",80.34,"Jun 2022",282,0,21
4182030,"Jukai Maze","",-30%,"₹ 241",80.34,"Jan 2026",229,4,54
2459860,"SPGP Super Polygon Grand Prix","",,"₹ 480",80.34,"Aug 2024",1296,0,18
434430,"Abbot's Book Demo","",,"Free",80.34,"Apr 2016",808,1,8
579230,"Alpacapaca Dash","",,"₹ 52",80.34,"Jan 2017",260,0,1606
2803810,"Rebirth! New Lover","",,"₹ 450",80.34,"Aug 2024",2090,1,196
524640,"Asura: Vengeance Edition","",,"₹ 249",80.34,"Apr 2017",6072,1,456
1516760,"Cat Colony Crisis","",,"Free",80.32,"Feb 2021",229,0,10
1417540,"Gravity Block","",,"₹ 68",80.32,"Feb 2021",77,0,49
1096330,"兽耳攻略 - TFK Faculty","",,"₹ 165",80.32,"Aug 2019",226,0,10
711690,"Cognizer","",,"Free",80.32,"May 2018",136,0,15
1378470,"Now There Be Goblins: Tower Defense VR","",,"₹ 635",80.32,"Apr 2023",661,0,8
3127270,"101 Cats in India","",,"₹ 52",80.32,"Aug 2024",37,0,4
1272120,"Darkanoid","",,"₹ 125",80.32,"Nov 2020",196,0,490
531910,"Bad Sector HDD","",,"₹ 52",80.32,"Sep 2015",107,0,426
3655990,"Calm Horizon","",,"₹ 300",80.32,"Apr 2026",276,0,15
4291930,"Driving Rogue Demo","Demo",,"Free",80.32,"Feb 2026",0,0,25
4034770,"Typing Break Demo","Demo",,"Free",80.32,"Sep 2025",0,3,49
582270,"Everything","",,"₹ 459",80.32,"Apr 2017",31918,2,629
588180,"Totemori","",,"Free",80.31,"Feb 2017",2118,0,30
2737070,"Crime Simulator","",-54%,"₹ 549",80.31,"Jun 2025",26630,678,4956
3951630,"The Day of the Jellyfish","",,"Free",80.30,"Sep 2025",164,0,4
4420890,"Risen Blade Demo","Demo",,"Free",80.30,"Feb 2026",0,0,6
4281170,"무명기록부(Mumyeonggjrokbu)","",,"Free",80.30,"Feb 2026",75,1,14
2930950,"Dream of Things 物之梦","",,"₹ 480",80.30,"Jun 2025",107,0,5
2343170,"PolyFight","",,"Free",80.30,"Aug 2024",58,0,7
3135170,"Orbit Puzzle","",,"Free",80.30,"Aug 2024",49,0,9
3108050,"回生九命 The Nine Rebirths","",,"₹ 52",80.30,"Jan 2025",56,0,4
2258260,"Cache Grabbers","",,"₹ 480",80.30,"Feb 2023",79,0,5
791410,"Desktop Cube-Man","",,"Free",80.30,"Mar 2024",47,0,11
1070510,"Militia 2","",,"₹ 299",80.30,"Aug 2019",140,0,6
652880,"Samsara","",,"₹ 459",80.30,"Feb 2018",488,0,7
4567190,"Company is watching Demo","Demo",,"Free",80.30,"Mar 2026",0,0,7
585950,"Wayout 2: Hex","",,"₹ 105",80.30,"Feb 2017",1467,1,2014
395620,"Ittle Dew 2+","",,"₹ 880",80.30,"Nov 2016",2901,0,55
1298530,"Self-Isolation","",,"₹ 250",80.30,"Dec 2020",404,0,23
2820820,"Jotunnslayer: Hordes of Hel","",,"₹ 690",80.30,"Sep 2025",34183,136,3397
1694310,"Valor","",,"₹ 299",80.29,"Nov 2022",194,0,6
2122550,"Mushroom Card RPG","",,"₹ 499",80.29,"Oct 2022",1020,0,25
3115890,"CROAK CAFE : FROM POND TO PLATE","",,"Free",80.29,"Aug 2025",127,0,10
2888030,"Coyote: An Old West Vignette","",,"Free",80.29,"May 2024",152,0,4
3201880,"Tescaris  -  A Soothing Cute Puzzle Game","",,"₹ 105",80.29,"Sep 2024",41,0,4
1885200,"Rally: Endless Conquest","",,"₹ 345",80.29,"Oct 2024",309,0,38
1695000,"Rainbow Sea","",,"₹ 1257",80.29,"Sep 2024",972,0,9
580630,"Dimensional Rift","",,"Free",80.29,"Feb 2017",134,0,7
2089920,"Shadow Heroes","",,"₹ 326",80.29,"Oct 2022",191,0,11
701810,"Epic Dumpster Bear: Dumpster Fire Redux","",,"₹ 259",80.29,"Apr 2018",88,0,4
3579260,"Grill'd: The Vanishing Demo","Demo",,"Free",80.29,"Mar 2025",0,0,11
1151100,"Hamster Scramble","",,"₹ 480",80.29,"Nov 2023",183,0,14
2191160,"BOWLOUT","",,"₹ 105",80.29,"Jan 2025",111,0,4
670510,"ColorBlend FX: Desaturation","",-80%,"₹ 146",80.29,"Apr 2024",220,0,5
1043390,"FlowScape","",,"₹ 459",80.29,"Aug 2019",22594,2,379
1443680,"Coloree","",,"₹ 250",80.28,"Dec 2020",23,0,3
3806980,"InOut Demo","Demo",,"Free",80.28,"Jun 2025",0,0,8
3793790,"Catanks","",,"Free",80.28,"Sep 2025",97,0,4
3466450,"100 India Cats","",,"₹ 105",80.28,"Aug 2025",563,0,8
2819920,"OOLO","",,"₹ 690",80.28,"Aug 2025",226,0,6
1600220,"Lost Sunday Comics","",,"—",80.28,"Mar 2022",200,0,2
1588790,"Puzzle Dazzle","",,"₹ 450",80.28,"Apr 2025",54,0,5
4008550,"Hamstory","",,"₹ 250",80.28,"Mar 2026",66,0,5
1809930,"Christmas With My Family - Jigsaw Puzzle","",,"₹ 105",80.28,"Dec 2021",44,0,6
4182720,"The Paradixion: Exhibition","",,"₹ 250",80.28,"Feb 2026",50,0,9
3491370,"헬로 유니버시티 : HELL-O-UNIVERSITY","",,"₹ 530",80.28,"Mar 2025",100,0,6
3371710,"Rabbit Trail","",,"₹ 200",80.28,"Mar 2025",31,0,9
3289570,"Scrapped","",,"Free",80.28,"Mar 2025",58,0,4
2402100,"Cube Airport - Puzzle","",,"₹ 155",80.28,"Jun 2023",82,0,5
1821090,"Cinemoji: Series","",,"₹ 52",80.28,"Dec 2021",52,0,3
1672460,"FLYING PUDDING","",,"₹ 165",80.28,"Jul 2021",15,0,11
3739880,"Phero Demo","Demo",,"Free",80.28,"May 2025",0,0,5
3076120,"FreeCell Solitaire Classic Card Game","",,"Free",80.28,"Jul 2024",56,7,27
2397690,"Blooby Block","",,"₹ 250",80.28,"Jun 2023",26,0,2
1871880,"Num One: Revised Edition","",,"₹ 200",80.28,"Mar 2022",42,1,7
2698590,"Mosaic Mysteries","",,"₹ 250",80.28,"Dec 2023",76,0,4
4235930,"101 Cats in Denmark","",-66%,"₹ 36",80.28,"Jan 2026",31,0,3
3773840,"Hentai Tales: Hunt Of Two Temptresses","",,"₹ 52",80.28,"Jul 2025",144,0,5
3316660,"Goo Goo Grapplers","",,"₹ 400",80.28,"Nov 2024",83,0,8
2925270,"CAN BULLET","",,"₹ 200",80.28,"May 2024",69,0,8
3400060,"Medieval StartUp Demo","Demo",,"Free",80.28,"Aug 2025",0,0,22
4353960,"ᴛᴜᴍᴏʀ ɴᴇᴄʀᴏꜱɪꜱ ꜰᴀᴄᴛᴏʀ:// αᴍᴇɴ Demo","Demo",,"Free",80.28,"Feb 2026",0,0,4
2599890,"Hentai Maid","",,"₹ 52",80.28,"Nov 2023",113,0,3
1914900,"Dragons On Desktop","",,"₹ 52",80.28,"Mar 2022",53,0,4
1497650,"Squareometry","",,"₹ 42",80.28,"Feb 2021",35,0,3
1410200,"Uranus","",,"₹ 165",80.28,"Dec 2020",100,0,2
1361270,"Flying Slime","",,"₹ 125",80.28,"Aug 2020",149,0,8
1125930,"UNFAIR","",,"₹ 349",80.28,"Oct 2019",61,0,4
1026610,"Deathless Dungeon","",,"₹ 259",80.28,"Jul 2019",104,0,3
886380,"Ruya","",,"₹ 165",80.28,"Nov 2017",171,0,3
3360930,"Super Jagger Bomb 2: Go East","",-23%,"₹ 215",80.28,"Feb 2025",45,0,5
1487360,"dstnce.","",,"₹ 85",80.28,"Dec 2020",49,0,3
3738500,"Japanese Salaryman Demo","Demo",,"Free",80.28,"Sep 2025",0,0,7
3261200,"DESTROYER BURGER","",,"₹ 676",80.28,"Jan 2026",66,0,8
3132250,"Heian City Story","",,"₹ 329",80.28,"Mar 2025",1107,134,252
1819570,"Eraser","",,"Free",80.28,"Dec 2021",2040,8,195
3119700,"NOOK FALL: West Town","",,"₹ 675",80.27,"May 2026",1055,1,54
1738890,"Naval Hurricane","",,"₹ 349",80.27,"Nov 2022",1588,1,15
845690,"Rats, Bats, and Bones","",,"₹ 250",80.27,"Oct 2019",310,0,10
781640,"Run Jump Fail","",,"₹ 259",80.27,"May 2018",107,0,6
1765560,"Pill Baby","",,"₹ 480",80.27,"Mar 2022",306,0,10
3363200,"Midnight Snack","",,"Free",80.27,"May 2025",267,1,11
3298590,"101 Cats in Tokyo","",-50%,"₹ 26",80.26,"Nov 2024",52,1,4
4244410,"Planet of Lana II Demo","Demo",,"Free",80.26,"Feb 2026",0,3,49
3894730,"QPet Zoo","Application",,"Free",80.26,"Aug 2025",118,13,94
3456800,"Rock Crusher","",,"₹ 345",80.26,"Aug 2025",887,3,345
300300,"Ichi","",,"₹ 259",80.26,"Jun 2014",884,0,234
3034520,"The Fox's Way Home","",,"₹ 730",80.25,"Oct 2024",1703,0,91
2688680,"Girls of The Tower","",,"₹ 345",80.25,"Feb 2024",3008,4,754
668590,"Omen Exitio: Plague","",,"₹ 349",80.25,"Mar 2018",2580,0,122
4298880,"Timber Rush","",,"₹ 250",80.25,"Mar 2026",962,96,1155
2071430,"Roots of Yggdrasil","",,"₹ 880",80.24,"Sep 2024",6565,1,360
233720,"Surgeon Simulator","",,"₹ 480",80.24,"Apr 2013",18930,10,3487
383740,"Marble Age: Remastered","",-75%,"₹ 120",80.23,"Nov 2020",1429,3,87
504130,"Manual Samuel - Last Tuesday Edition","",,"₹ 529",80.23,"Oct 2016",7189,3,9036
453790,"Candice DeBébé's Incredibly Trick Lifestyle","",,"₹ 250",80.22,"Mar 2016",348,0,7
270110,"Block Story™","",,"₹ 250",80.22,"Dec 2015",5740,43,80
2547320,"Evolit","",,"₹ 450",80.21,"Jan 2026",314,0,91
448800,"Semispheres","",,"₹ 480",80.21,"Feb 2017",663,0,25
1345440,"Toy Tanks","",,"₹ 205",80.21,"May 2022",454,0,10
1956670,"Biomisland","",,"Free",80.21,"Oct 2022",166,0,33
2119660,"Dream Park Story","",,"₹ 635",80.21,"Jun 2023",736,10,59
981880,"GrowRilla VR","",-40%,"₹ 414",80.20,"Jul 2020",340,0,8
2307370,"Hot Heat Reset: Chapter 1","",,"Free",80.20,"Mar 2023",168,0,42
499340,"Turner","",,"Free",80.20,"Jul 2016",219,0,35
2574030,"Snake Crush","",,"₹ 200",80.20,"Jan 2024",251,0,36
3551370,"Book Shooter","",,"₹ 345",80.20,"Aug 2025",614,0,295
2118500,"Touhou Library Survivors","",,"₹ 199",80.20,"Oct 2022",515,0,22
435490,"Pierhead Arcade","",,"₹ 349",80.20,"Sep 2016",1129,0,16
1735980,"Love Flute","",,"₹ 349",80.20,"Oct 2021",608,0,99
2853160,"SHOOPER NOVA","",,"₹ 345",80.20,"Apr 2025",1954,14,1249
1389560,"Paint Girl","",,"₹ 85",80.20,"Sep 2020",3919,1,132
3799100,"SIDE EFFECTS","",-25%,"₹ 187",80.20,"Nov 2025",5611,14,721
4195500,"Escape Game: Camper 2","",,"Free",80.19,"Dec 2025",54,0,12
3271310,"Gordy","",,"₹ 200",80.19,"Jul 2025",115,0,10
2983630,"Art Diff","",,"Free",80.19,"May 2024",69,0,6
1979120,"Candlelight","",,"—",80.19,"May 2022",198,0,10
3339470,"101 Cats in Madrid","",,"₹ 52",80.19,"Jan 2025",43,0,4
2430680,"Hope is Gone","",,"₹ 200",80.19,"Feb 2024",253,0,5
2278220,"Hentai Hanako","",,"₹ 52",80.19,"Jan 2023",275,0,5
2555760,"Century of Anticipation","",,"Free",80.19,"Feb 2025",214,0,5
2577850,"Seekers of Eclipse","",,"₹ 225",80.19,"Jun 2025",460,1,8
848230,"Let's Go Nuts!","",,"Free",80.19,"Jun 2018",2359,0,6
1433480,"Poop On 2020 Simulator","",,"₹ 85",80.19,"Nov 2020",86,0,3
1271260,"Land of Screens","",,"₹ 219",80.19,"Feb 2022",1004,0,6
1556770,"Mutant Alley: Do The Dinosaur","",,"₹ 165",80.19,"Feb 2021",1367,0,5
4212340,"100 Radioactive Cats","",,"Free",80.19,"Dec 2025",559,0,3096
325520,"Fire: Ungh’s Quest","",-90%,"₹ 36",80.19,"Apr 2015",2481,1,66
2248180,"Just Xiangqi","",,"₹ 480",80.19,"Jan 2024",3826,17,353
3750130,"Montabi: Monster Taming Roguelike Deckbuilder Demo","Demo",,"Free",80.17,"Jun 2025",0,0,34
4017960,"Rose Guns Days -Season 1-","",,"₹ 610",80.17,"Apr 2026",470,1,30
1731000,"Skulker","",,"₹ 480",80.17,"Dec 2025",177,0,14
3379170,"Couple Maker","",,"Free",80.17,"Apr 2025",136,0,9
2491040,"Higurashi When They Cry Hou+","",,"₹ 400",80.17,"Nov 2023",1083,4,21
1599250,"BORIS RUSSIAN BEAR","",,"₹ 52",80.17,"Jun 2021",577,0,7
552620,"ATOM RPG: Post-apocalyptic indie game","",,"₹ 690",80.17,"Dec 2018",67828,76,2938
1219540,"Last Slice","",,"Free",80.16,"Apr 2022",263,0,19
1162700,"Midnight Protocol","",,"₹ 690",80.16,"Oct 2021",3741,0,83
2871390,"Poly TD","",,"₹ 400",80.16,"Jan 2026",1047,25,1010
1544360,"LEGO® Builder's Journey","",,"₹ 880",80.16,"Jun 2021",17924,4,727
1639230,"MoonFall / Butterfly Lovers","",,"₹ 529",80.15,"Nov 2021",1772,0,12
1804270,"Swordship","",-85%,"₹ 132",80.15,"Dec 2022",1825,2,130
596000,"The Shattering","",,"₹ 529",80.15,"Apr 2020",2075,0,52
268220,"Meltdown","",,"₹ 319",80.15,"Jun 2014",1334,0,172
1094520,"Sands of Salzaar","",,"₹ 459",80.15,"Dec 2021",91943,87,21047
999730,"Secret Neighbor Beta","",,"—",80.14,"Aug 2019",13880,0,3779
1284950,"Witcheye","",,"₹ 250",80.13,"Aug 2020",1042,0,61
489360,"CASE: Animatronics","",,"₹ 480",80.13,"Aug 2016",13179,1,798
1299420,"Touhou : Shooting Star | 東方流星譚","",,"Free",80.12,"Jun 2020",808,0,54
1204560,"Photos","",,"—",80.12,"Dec 2019",246,0,93
1303990,"Mini Motor Racing X","",,"₹ 459",80.12,"Jun 2020",1144,2,18
1020340,"AUDICA: Rhythm Shooter","",,"₹ 1920",80.12,"Mar 2019",3515,0,145
680480,"ICY: Frostbite Edition","",-80%,"₹ 87",80.11,"Aug 2017",1621,0,247
654260,"旧手表 - Old Watch","",,"₹ 349",80.11,"Dec 2017",4898,0,89
2845250,"100 Istanbul Cats","",,"Free",80.11,"May 2024",1300,2,11585
2111040,"Dead Beacon","",,"₹ 250",80.10,"Nov 2022",357,0,10
2968430,"Beer Simulator","",,"₹ 52",80.10,"May 2024",187,0,67
3019850,"Fishing Grind","",,"Free",80.10,"Oct 2024",532,6,51
1122040,"Kaede the Eliminator / Eliminator 小枫","",,"₹ 569",80.10,"Oct 2019",8186,0,92
218740,"Pid","",,"₹ 880",80.10,"Oct 2012",5233,0,1427
3095890,"Mechanines Tower Defense","",,"₹ 345",80.09,"Oct 2024",199,0,13
2181710,"Me With Me","",,"₹ 123",80.09,"Nov 2022",81,0,3
2560680,"The Paradixion: Laboratory","",,"₹ 200",80.09,"Feb 2024",83,0,8
2953030,"Princess of Destruction | 滅ぼし姫","",,"₹ 250",80.09,"Sep 2024",106,1,46
3655210,"101 Cats in Hong Kong","",,"₹ 52",80.09,"May 2025",41,0,3
3530700,"101 Cats in Orlando","",,"₹ 52",80.09,"Mar 2025",40,0,3
674330,"Defend the Cake","",,"₹ 480",80.09,"Dec 2017",166,0,7
1808360,"Mason and Strings","",,"Free",80.09,"Dec 2021",177,0,3
1081120,"hoVRboard","",,"₹ 399",80.09,"Sep 2019",191,0,4
1653870,"Hidden Shapes Old West - Jigsaw Puzzle Game","",,"₹ 105",80.09,"Jun 2021",80,0,5
806720,"幻想四倍剣^2 悔悟棒の謎 / GensoYonbaiKen^2","",,"₹ 349",80.09,"May 2016",582,0,9
1302730,"Nebula Within","",,"Free",80.09,"Oct 2020",84,0,3
1784220,"Chesskoban - Chess Puzzles","",,"₹ 42",80.09,"Nov 2021",104,0,5
1928030,"Rightfully, Beary Arms","",,"₹ 480",80.09,"Jan 2026",547,0,6
1119940,"Storm Tale","",,"₹ 480",80.09,"Jul 2019",122,2,13
294140,"They Breathe","",,"₹ 119",80.09,"May 2014",1229,0,54
895620,"Spellcaster University","",,"₹ 569",80.09,"Jun 2021",37371,40,2197
512470,"The Pirate: Caribbean Hunt","",,"Free",80.09,"Aug 2016",25978,23,1968
2134390,"CLOUD DWELLERS","",,"₹ 559",80.08,"Apr 2026",934,11,50
899760,"Her 她","",,"₹ 165",80.08,"Oct 2018",596,0,9
849680,"TimeTekker","",,"Free",80.08,"Jun 2018",99,0,5
1663930,"ColorBlend FX: Desaturation Prologue","",,"Free",80.08,"Aug 2021",243,0,25
3088410,"7th Domain:Tree of Chaos","",,"₹ 570",80.08,"Aug 2024",1140,0,312
1822450,"The Slaverian Trucker","",,"₹ 399",80.08,"Feb 2026",4876,35,154
746580,"HARDCORE MECHA","",,"₹ 750",80.08,"Jun 2019",16147,4,1770
1230930,"Inside The Computer","",,"Free",80.07,"Mar 2020",90,0,3
4184480,"Parcel Delivery Simulator Demo","Demo",,"Free",80.07,"Feb 2026",0,1,38
4362900,"Monastery: Ora et Labora Demo","Demo",,"Free",80.07,"Apr 2026",0,1,35
2862700,"Typing Ninja","",,"₹ 499",80.07,"Feb 2026",1177,0,8
2170490,"Kind Heart Defenders","",-50%,"₹ 100",80.07,"Dec 2022",94,0,5
2697390,"Homebrew32","",,"₹ 250",80.07,"Jan 2024",136,0,9
3936750,"This is Adam","",,"Free",80.07,"Oct 2025",58,0,4
2558390,"Go Go Zombies","",,"Free",80.07,"Mar 2024",124,0,5
2628070,"Last Night Shift","",,"₹ 155",80.07,"Dec 2023",71,0,3
3061760,"Colorizing","",,"₹ 155",80.07,"Aug 2024",72,0,4
1989310,"Dragon Mine","",,"₹ 155",80.07,"Aug 2022",234,0,10
1848220,"Amelite","",,"Free",80.07,"Mar 2022",90,0,13
3263340,"Fishing On My Desktop","",,"₹ 250",80.07,"Apr 2025",115,2,19
4017210,"101 Cats in Vietnam","",-50%,"₹ 26",80.07,"Oct 2025",27,0,3
4017180,"101 Dogs Hidden in Berlin","",-50%,"₹ 26",80.07,"Oct 2025",23,0,4
3945930,"101 Cats in Seoul","",,"₹ 52",80.07,"Oct 2025",25,0,4
2165560,"Motherboard Under Attack","",,"₹ 155",80.07,"Dec 2022",50,0,2
3463030,"Death to the Universe: ACT I","",,"Free",80.07,"Mar 2025",139,0,4
4175790,"Grenzgänger - Aus der DDR in den Westen","",,"Free",80.07,"Dec 2025",127,0,5
3859700,"Your Very Last Words","",,"Free",80.07,"Nov 2025",49,0,3
2651090,"Super Stream-Bara","",-74%,"₹ 89",80.07,"Sep 2025",181,0,13
1023790,"Rick Henderson","",,"₹ 259",80.07,"Aug 2021",329,0,4
676180,"Spaceguard 80","",,"₹ 85",80.07,"Jun 2018",61,0,7
449180,"Meld","",,"₹ 250",80.07,"May 2016",103,0,11
3424500,"Fix-mas","",,"Free",80.07,"Feb 2025",45,0,4
4096580,"Project Homecoming Haven","",,"Free",80.07,"Jan 2026",442,0,13
1994230,"Almost Home Now","",,"Free",80.07,"May 2022",572,0,26
339190,"Dead Synchronicity: Tomorrow Comes Today","",-90%,"₹ 49",80.07,"Apr 2015",5062,28,2339
342940,"Project: Gorgon","",,"₹ 1100",80.07,"Jan 2026",22698,329,4126
965600,"Raiders of the North Sea","",,"₹ 459",80.06,"Jul 2019",1674,1,60
3825660,"Isekai Big Dick","",-10%,"₹ 494",80.05,"May 2026",1868,97,210
921490,"Unchained","",,"Free",80.05,"Aug 2025",349,0,15
4270800,"No Mana, Just Dice","",,"Free",80.05,"Feb 2026",253,0,12
4095020,"Midnight Hoops","",,"₹ 209",80.05,"Apr 2026",212,2,31
2674190,"Akai Onna","",,"₹ 155",80.05,"Jan 2024",695,0,59
775940,"Rise of Liberty","",,"₹ 299",80.05,"May 2019",18663,1,74
1777820,"Toilet Flushing Simulator","",,"₹ 52",80.04,"Oct 2021",54,0,5
369700,"Tanzia","",,"₹ 499",80.04,"Mar 2019",1637,0,11
1302850,"Tails of Trainspot","",,"₹ 570",80.04,"Jul 2023",337,0,9
935970,"游离大陆 Uniland","",,"₹ 349",80.04,"Dec 2019",568,0,17
2675630,"Cats Huddled Together 挤在一起的猫猫们","",,"₹ 105",80.04,"Dec 2023",600,3,95
1926170,"Forgotten Hill Tales","",,"₹ 155",80.03,"Apr 2022",267,0,42
4448310,"Dr.Clone Demo","Demo",,"Free",80.02,"Feb 2026",0,0,41
1677260,"Oatmeal","",,"₹ 199",80.02,"Jul 2021",113,0,10
2077990,"Junkyard Fury 2","",,"₹ 349",80.02,"Oct 2022",98,1,6
2310720,"Real-Time Assist Replay Time　～1 minute until closing～","",,"Free",80.02,"May 2023",105,0,12
1638670,"The Pentest","",,"Free",80.02,"Dec 2022",154,0,7
3676260,"Hordelord","",,"₹ 250",80.02,"Aug 2025",561,0,15
2286760,"Sudoku Classic","",,"₹ 300",80.02,"Feb 2023",110,1,15
3062650,"Resultare","",,"₹ 259",80.02,"Feb 2026",121,0,17
1155790,"Dreamland Solitaire: Dragon's Fury","",-50%,"₹ 129",80.02,"Oct 2019",60,0,8
3895360,"Smile Dog","",,"₹ 129",80.01,"Aug 2025",142,0,5
3022840,"The Super Pie Throwing","",,"Free",80.01,"Jun 2024",206,0,5
3214190,"Shattered Dimension","",,"₹ 250",80.01,"Apr 2026",237,1,39
1418010,"Black Chapter","",,"₹ 499",80.01,"Oct 2020",371,0,7
2949020,"Drifto: Infinite Touge","",,"₹ 250",80.01,"Jun 2024",255,0,31
2369410,"Lotte","",,"₹ 52",80.01,"May 2023",76,0,3
3968100,"CD-ROM","",,"₹ 480",80.01,"May 2026",627,4,43
1114900,"Ayo the Clown","",,"₹ 529",80.01,"Jul 2021",445,0,10
2804960,"ReplayBellSuikaSlotLikeGame","",,"₹ 111",80.01,"May 2024",117,2,23
522340,"Ghostlords","",,"₹ 250",80.01,"Nov 2016",333,0,1294
4004800,"There's No Differences: Cake","",,"₹ 200",80.00,"Jan 2026",18,0,5
2539620,"The Sun Shines Over Us","",,"₹ 730",80.00,"Sep 2024",156,0,9
4385680,"Keycler Demo","Demo",,"Free",80.00,"Feb 2026",0,0,8
4150850,"Fortune Fragments Demo","Demo",,"Free",80.00,"Nov 2025",0,0,4
3461950,"Reioku - Ghost house -","",,"₹ 250",80.00,"Jul 2025",74,0,22
1683710,"Get Your Sheep Together","",,"₹ 85",80.00,"Apr 2022",16,0,3
4186400,"Forsworn Demo","Demo",,"Free",80.00,"Dec 2025",0,0,48
1852140,"Mathletix","",,"₹ 125",80.00,"Feb 2022",31,0,3
1575950,"Wisly and the Chickens!","",,"₹ 165",80.00,"Aug 2021",59,0,6
1403720,"Medulla","",,"₹ 349",80.00,"Oct 2020",122,0,4
782120,"Super Gravity Ball","",,"₹ 349",80.00,"Feb 2018",63,0,2
3652980,"Dilemma: The Game","",,"Free",80.00,"Jul 2025",44,0,3
4103830,"Kitty Finder","",,"₹ 200",80.00,"Apr 2026",74,0,4
3973630,"The Lost Painter","",-76%,"₹ 37",80.00,"Sep 2025",61,0,2
3695570,"H.A.D.E.S Zero","",,"₹ 570",80.00,"Jun 2025",215,0,3
2522290,"Bridge Hunter","",,"₹ 480",80.00,"Nov 2025",709,0,5
2316750,"Finger Football: Goal in One","",,"₹ 52",80.00,"Feb 2023",42,0,2
2146350,"Enoch Demo","Demo",,"Free",80.00,"Sep 2022",0,0,4
1998350,"The Sand Knight","",,"₹ 690",80.00,"Jan 2024",143,0,3
1780450,"Buggy Game","",,"₹ 155",80.00,"Mar 2022",62,0,4
4250230,"Hentai Clicker: Lexxa is streaming","",,"₹ 155",80.00,"Jan 2026",99,0,6
2211400,"Love's Crescendo","",,"₹ 250",80.00,"Nov 2023",174,0,2
486180,"The Penguin Factory","",,"₹ 109",80.00,"Jun 2019",73,0,14
2358360,"Ricave","",,"₹ 690",80.00,"Oct 2025",235,0,4
4749100,"LogiGolf Demo","Demo",,"Free",80.00,"May 2026",0,1,11
4630950,"Legion Breaker Demo","Demo",,"Free",80.00,"Apr 2026",0,1,117
4451220,"It's too late to apologize.","",,"Free",80.00,"May 2026",44,0,6
4393810,"Cozy Builder Demo","Demo",,"Free",80.00,"Mar 2026",0,2,15
4342100,"101 Cats in Naples","",,"₹ 105",80.00,"Feb 2026",30,1,5
4235900,"101 Dogs Hidden in Australia","",-66%,"₹ 36",80.00,"Jan 2026",23,0,2
4222360,"Captain Duck","",,"₹ 250",80.00,"Feb 2026",36,0,6
3192970,"Star Freight","",,"₹ 200",80.00,"Dec 2025",56,0,10
3102130,"GraveyardGambit","",,"₹ 250",80.00,"Aug 2024",52,0,6
3084310,"Nerl's Crazy C”rough”t!","",,"₹ 250",80.00,"Aug 2024",24,0,5
2944950,"Toad's Soul Hopper","",,"₹ 340",80.00,"Apr 2026",70,0,7
2683360,"Error_Boy.exe","",,"₹ 450",80.00,"Apr 2025",88,0,3
1591380,"Uncle Nook's Monster Emporium","",,"₹ 349",80.00,"Apr 2022",116,0,3
4518350,"Laika's Space Defence","",,"₹ 105",80.00,"Apr 2026",47,0,4
3956770,"Cohen 1939 Demo","Demo",,"Free",80.00,"May 2026",0,0,17
1188460,"Gravity Escape","",,"₹ 345",80.00,"Sep 2024",114,0,5
2493650,"Doggy Don't Care Demo","Demo",,"Free",80.00,"Jul 2023",0,0,15
2126600,"Astro VR","",,"₹ 250",80.00,"Jun 2024",350,0,3
3682760,"Dead In Your TrackZ","",,"₹ 345",80.00,"Aug 2025",51,0,4
3638590,"みすずの国","",,"₹ 250",80.00,"Apr 2025",59,0,5
2348290,"Hentai Pool","",,"₹ 52",80.00,"Mar 2023",117,0,3
1228970,"Elemental Abyss 元素之渊","",,"₹ 349",80.00,"May 2020",190,0,5
951190,"Ancient lands: the Tsar awakening","",,"₹ 349",80.00,"Apr 2019",257,0,3
907890,"The Cat and the Coup (4K Remaster)","",,"—",80.00,"Sep 2018",68,0,3
693030,"Neo Angle","",,"₹ 105",80.00,"Oct 2017",65,0,2
671330,"Lit the Torch","",,"₹ 58",80.00,"Aug 2017",159,0,2
572180,"Zap Zone","",,"₹ 125",80.00,"Feb 2017",88,0,5
1025900,"Battle Balls","",,"₹ 105",80.00,"Jan 2025",142,0,6
1400630,"Afterthought","",,"₹ 569",80.00,"Aug 2022",147,0,4
3990410,"Rainbound Demo","Demo",,"Free",80.00,"Sep 2025",0,0,7
2923210,"Oopz-Oofs","",,"Free",80.00,"Sep 2024",121,0,4
1329600,"Karting","",-66%,"₹ 36",80.00,"Apr 2021",592,0,1247
1958600,"Barro F22","",,"₹ 86",80.00,"Apr 2022",416,0,1375
711980,"Starship EVO","",,"₹ 1100",80.00,"Jun 2020",22312,64,437
3282390,"Love is All Around 2","",,"₹ 480",79.99,"Jul 2025",11102,40,6515
1592340,"Underland: The Climb","",,"₹ 105",79.97,"Apr 2021",195,0,6
3213010,"Succubus Hunt","",,"₹ 480",79.97,"Jan 2025",1047,2,30
620650,"Puzzle With Your Friends","",-70%,"₹ 59",79.97,"Apr 2018",374,0,399
2220870,"Fantasy Survivors","",,"₹ 345",79.97,"May 2024",702,0,88
944430,"The Last Friend","",,"₹ 459",79.96,"Sep 2021",1180,0,29
3774940,"One Last Clip","",,"₹ 250",79.96,"Aug 2025",330,0,20
547480,"Carly and the Reaperman - Escape from the Underworld","",,"₹ 529",79.96,"Jun 2018",1183,0,14
1338980,"Chess Knights: Viking Lands","",,"₹ 155",79.95,"Aug 2020",316,0,10
4200820,"Mask of Soul Demo","Demo",,"Free",79.95,"Feb 2026",0,0,18
479310,"Doodler","",,"Free",79.95,"Jul 2016",144,0,23
370060,"Coffee Shop Tycoon","",,"₹ 480",79.95,"Dec 2022",3083,1,113
418620,"The TakeOver","",-75%,"₹ 132",79.95,"Nov 2019",6062,1,24
1151050,"Golf Gang","",,"₹ 499",79.95,"May 2022",4309,0,684
2455060,"Taboo Trial","",,"₹ 699",79.95,"Aug 2023",20776,7,1289
1592190,"BONELAB","",,"₹ 1600",79.95,"Sep 2022",43298,189,11991
1288410,"Outshine","",-70%,"₹ 125",79.94,"Nov 2022",675,1,147
1336160,"Chupa Chupa VR","",,"₹ 379",79.94,"Aug 2020",2944,0,16
1528810,"Exodus Borealis","",-75%,"₹ 220",79.94,"Nov 2021",2338,1,64
1704060,"Vtuber Simulator : Vtuber模擬器","",,"₹ 85",79.94,"Aug 2021",1310,0,313
783180,"Fairune Collection","",,"₹ 349",79.93,"May 2018",771,0,14
331460,"ROOMS: The Toymaker's Mansion","",,"₹ 400",79.93,"May 2015",1307,0,16
1067220,"RoboCo","",,"₹ 480",79.93,"Feb 2026",3561,3,98
1436590,"Phoenotopia: Awakening","",,"₹ 565",79.93,"Jan 2021",9794,22,327
332830,"Prelogate","",,"₹ 229",79.92,"Dec 2014",728,0,53
794940,"Hexa Turn","",-35%,"₹ 150",79.92,"Feb 2018",290,0,7
1432390,"Sonority","",-40%,"₹ 528",79.92,"May 2022",1603,0,27
1105410,"Shine's Adventures 2 (Zombie Attack)","",,"₹ 125",79.92,"Sep 2019",999,0,19
1953970,"MATH EXPRESSions","",,"Free",79.92,"Apr 2022",335,0,32
1275550,"Arctic Awakening","",-20%,"₹ 880",79.92,"Sep 2025",8321,5,143
668630,"Tricolour Lovestory","",,"₹ 105",79.92,"Sep 2017",52923,13,2733
1521360,"MainFrames","",,"₹ 610",79.91,"Mar 2025",1718,0,35
2795060,"DREAMIO: AI-Powered Adventures","",,"₹ 480",79.91,"Mar 2024",873,14,30
871100,"Animyst","",,"Free",79.91,"Jul 2018",863,1,94
371200,"Halcyon 6: Starbase Commander","",,"₹ 479",79.91,"Sep 2016",23837,0,2988
651670,"Star Renegades","",-83%,"₹ 187",79.91,"Sep 2020",28703,24,1785
365160,"Kona","",,"₹ 459",79.91,"Mar 2017",43123,3,349
1947970,"Moonstuck","",,"Free",79.90,"Apr 2022",186,0,27
1176460,"They Came From a Communist Planet","",,"Free",79.90,"Nov 2019",238,0,14
1572810,"МЕМОЛОГИЯ","",,"₹ 52",79.90,"May 2021",267,0,10
490820,"Fly O'Clock","",,"₹ 52",79.90,"Jul 2016",434,1,942
1395760,"Reshaping Mars","",,"₹ 349",79.90,"Mar 2023",8379,8,642
1737870,"REKA","",-35%,"₹ 572",79.90,"Sep 2024",68172,44,2099
4090510,"Ticking Together Demo","Demo",,"Free",79.89,"Oct 2025",0,0,29
3589350,"Hayo and the Emporium","",,"₹ 480",79.89,"Oct 2025",295,0,10
3506250,"Scare Crow","",,"Free",79.89,"May 2025",137,0,6
2063430,"Live Maze","",,"Free",79.89,"Aug 2022",211,0,11
3205560,"JanKenUP!","",,"Free",79.89,"Nov 2024",172,0,5
4207720,"HorSteal","",,"₹ 200",79.89,"Feb 2026",67,0,7
1196130,"Top Run","",,"₹ 199",79.89,"Feb 2020",90,0,3
1072290,"Ravenlok: Legendary Edition","",,"₹ 1100",79.89,"Apr 2025",701,0,9
3533000,"Twinkleby Demo","Demo",,"Free",79.89,"May 2025",0,3,28
621010,"Headmaster","",,"₹ 880",79.89,"Aug 2017",187,0,6
3813910,"Koloboke: Sickness Simulator","",,"₹ 250",79.89,"May 2026",276,1,16
1915210,"The Mensional","",,"₹ 250",79.89,"Apr 2022",820,0,64
2950100,"Cats of the Tang Dynasty","",,"₹ 52",79.89,"May 2024",102,0,4
3842790,"Cinema Theater Tycoon Demo","Demo",,"Free",79.89,"Jul 2025",0,0,29
3072060,"101 Cats in Las Vegas","",,"₹ 52",79.89,"Jul 2024",53,0,3
1570330,"West Hunt","",,"₹ 349",79.89,"Mar 2023",9223,9,1525
1965190,"Dragon Spirits 2","",,"₹ 650",79.88,"Sep 2024",1859,0,142
586240,"Soul Searching","",,"₹ 480",79.88,"Feb 2017",1395,0,41
2446190,"晨晨力量人 Adventure of Roger","",,"Free",79.87,"Jul 2023",271,0,65
519080,"Soda Girls","",,"₹ 359",79.87,"Jun 2018",2082,0,28
1497450,"A Memoir Blue","",,"₹ 359",79.87,"Mar 2022",2491,0,22
1446850,"Hentai Furry 2","",,"₹ 52",79.87,"Nov 2020",645,0,11495
2995480,"AsiaKingdom","",,"Free",79.86,"Jun 2024",38,0,18
861930,"Kidz","",,"Free",79.86,"Jul 2018",2235,0,103
402120,"Deathstate: Abyssal Edition","",,"₹ 349",79.86,"Oct 2015",5847,0,144
1156670,"Balls!🤬🍆","",,"₹ 85",79.85,"Nov 2019",177,0,7
493080,"Card Quest","",,"₹ 349",79.85,"Nov 2017",1525,1,27
3198890,"Scale the Depths","",-15%,"₹ 424",79.85,"May 2026",8108,949,2038
1173200,"Metal Unit","",,"₹ 690",79.85,"Jan 2021",12602,1,267
1367420,"One Line Coloring","",,"₹ 250",79.84,"Aug 2020",192,0,6
2237690,"Hentai CyberGirl","",,"₹ 52",79.84,"Dec 2022",267,0,5
2940040,"Trolls vs Vikings: Reborn","",,"₹ 300",79.84,"Mar 2025",161,0,10
1888800,"SEARCH ALL - CRABS","",,"₹ 155",79.84,"Feb 2022",55,0,3
487160,"Trials of Azra","",,"₹ 400",79.84,"Aug 2016",887,0,12
3413460,"GameStonk Simulator: Demo Kiosk","Demo",,"Free",79.84,"Jan 2025",0,1,77
1941840,"Otoko Cross: Pretty Boys Mahjong Solitaire","",,"₹ 259",79.84,"May 2022",623,1,38
1003090,"Through the Darkest of Times","",,"₹ 675",79.84,"Jan 2020",7720,3,344
4694840,"Outpour Demo","Demo",,"Free",79.83,"May 2026",0,1,19
2493980,"The Friends We Left Behind","",,"₹ 250",79.83,"Aug 2023",330,0,5
1877100,"Emu","Application",,"₹ 54",79.83,"Feb 2022",71,0,5
898790,"Locomotion","",,"₹ 329",79.83,"May 2019",256,0,5
1529770,"Tezz","",,"₹ 52",79.83,"Feb 2021",51,0,2
3887360,"Patterns Of The Oak","",,"₹ 175",79.83,"Dec 2025",150,0,15
2980720,"The Worries of Santa Clauses","",,"₹ 400",79.83,"Dec 2024",98,0,72
2618850,"Exp10sion","",,"₹ 155",79.83,"Dec 2023",71,0,4
4301980,"方块 Block","",,"₹ 155",79.83,"Feb 2026",42,0,17
4017170,"101 Dogs Hidden in Shanghai","",,"₹ 52",79.83,"Oct 2025",21,0,3
3219140,"Hobby Horse","",-58%,"₹ 499",79.83,"Jun 2026",2291,11,68
3142920,"Heartspell: Horizon Academy Demo","Demo",,"Free",79.83,"Aug 2024",0,0,12
2269530,"HaHa","",,"₹ 200",79.83,"Feb 2024",91,0,5
3270820,"Skyeisle Cube","",,"₹ 200",79.83,"Apr 2025",836,0,5
2566520,"Breaking Box: Walk!","",,"₹ 105",79.83,"Sep 2023",47,0,6
1001870,"RoboVirus","",,"₹ 349",79.83,"Aug 2019",219,0,241
1519560,"Coin Flipping Simulator for Probability and Statistics","Application",,"Free",79.83,"Jan 2021",52,0,3
1314870,"KITT.IO","",,"₹ 52",79.83,"May 2020",85,0,5
765060,"pixelBOT EXTREME!","",,"₹ 749",79.83,"Apr 2018",185,0,2
664460,"Ultimate Summer","",,"₹ 345",79.83,"Jan 2021",1225,0,4
4156520,"FLING UP TOGETHER Demo","Demo",,"Free",79.83,"Mar 2026",0,0,740
2541990,"Dash x Survivors","",,"₹ 300",79.83,"May 2024",149,0,7
4356050,"In Full Bloom Demo","Demo",,"Free",79.83,"Feb 2026",0,0,8
2014110,"Townseek Demo","Demo",,"Free",79.83,"Jun 2022",0,3,37
1970050,"Temple of Starlight","",,"₹ 199",79.83,"Jan 2023",179,0,6
1383510,"Dark Stone: The Lightseeker","",,"₹ 529",79.83,"Oct 2020",353,0,8
944050,"Sixth Night","",,"₹ 85",79.83,"Feb 2020",283,0,3
4049300,"Price for Freedom: Gold and Sand Demo","Demo",,"Free",79.83,"Feb 2026",0,2,75
3442470,"Photographer's Life Simulator","",,"₹ 450",79.83,"Dec 2025",609,0,21
3356320,"For Her","",,"₹ 250",79.83,"Apr 2025",113,0,4
2660610,"灵师","",,"Free",79.83,"Aug 2024",152,0,15
3859750,"Lawn Care Simulator","",,"₹ 915",79.83,"Jan 2026",241,1,21
2337060,"Hentai Snowy","",-40%,"₹ 31",79.83,"Mar 2023",258,0,6
4228890,"LOW VALUE JOB","",,"₹ 200",79.83,"Jan 2026",184,0,73
2933930,"Tetra Dungeon","",,"₹ 250",79.83,"Dec 2024",143,0,12
1738420,"Sinsations","",,"₹ 569",79.83,"Nov 2021",424,0,14
1001600,"Diggerman","",,"₹ 199",79.83,"Jun 2019",130,0,5
2573670,"Fragment: A Story in Growing","",,"₹ 610",79.83,"Aug 2024",553,0,18
1912500,"ISOLATE","",,"₹ 105",79.83,"Mar 2022",50,0,5
3648540,"Cure for Death","",,"₹ 105",79.83,"May 2025",146,0,5
4720330,"Psalm 2 DEMO","Demo",,"Free",79.83,"May 2026",0,2,11
2920980,"An Amazing Wizard: Prologue","",,"—",79.83,"Sep 2024",439,0,61
1095520,"The Itch","",,"Free",79.82,"Sep 2019",286,0,15
780390,"Space Bob vs. The Replicons","",,"₹ 459",79.82,"Sep 2018",1400,0,29
437100,"My Night Job","",,"₹ 480",79.82,"Apr 2016",843,0,156
1131140,"The MoneyMakers Rallye","",,"₹ 200",79.82,"Dec 2020",238,0,21
528580,"Found","",,"Free",79.82,"Sep 2016",762,0,7
2549380,"Cryptical Path","",,"₹ 690",79.82,"Jan 2025",1475,1,81
2095180,"Numeral Lord","",,"₹ 125",79.81,"Oct 2022",415,3,24
2225010,"Plague: London 1665","",,"₹ 1270",79.81,"Oct 2024",1091,0,13
2108060,"The Ramsey","",,"₹ 810",79.81,"Apr 2023",415,0,13
749410,"Season's Beatings","",,"₹ 349",79.81,"Jan 2018",301,0,11
347470,"Mayan Death Robots","",,"₹ 259",79.81,"Nov 2015",1247,0,21
609420,"Never Give Up","",,"₹ 690",79.81,"Aug 2019",1386,0,29
1167700,"hallucination - 幻觉","",,"₹ 349",79.81,"May 2021",1009,0,23
1103880,"Bullet Roulette VR","",,"₹ 299",79.81,"Sep 2020",1264,0,38
690510,"Immortal Soul: Black Survival","",,"—",79.80,"Mar 2019",24949,0,1739
1752250,"How To Bathe Your Cat","",,"₹ 52",79.79,"Sep 2021",217,0,9
2287990,"GemCrusty","",,"Free",79.79,"Apr 2023",199,0,37
682780,"Breaking Good","",,"₹ 110",79.79,"Aug 2017",370,0,7
1308700,"Wizardry: The Five Ordeals","",,"₹ 1600",79.79,"Oct 2023",8393,87,929
2094270,"Lightracer Spark","",,"₹ 610",79.79,"Apr 2023",7426,2,820
433910,"Neon Drive","",,"₹ 369",79.79,"May 2016",6859,0,138
1902300,"DROP - System Breach","",,"₹ 750",79.78,"Mar 2023",1892,0,54
695970,"Treadnauts","",,"₹ 459",79.78,"Aug 2018",3075,0,45
471920,"Pan-Pan","",,"₹ 880",79.77,"Aug 2016",2083,0,29
904400,"Cardpocalypse","",,"₹ 1100",79.77,"Oct 2020",1202,0,59
1238360,"Into A Dream","",,"₹ 399",79.76,"Jul 2020",384,0,11
922530,"Bestiary of Sigillum","",,"₹ 299",79.76,"Jan 2019",951,0,15
4205780,"Skybound","",,"Free",79.76,"Dec 2025",220,0,13
3811390,"WASD : The Adventure of Tori","",,"₹ 200",79.76,"Oct 2025",540,11,1006
237850,"Dreamfall Chapters","",,"₹ 1100",79.76,"Jul 2017",66021,7,1711
968760,"Blood Card 2: Dark Mist","",,"₹ 459",79.75,"Apr 2021",950,1,75
343730,"Irrational Exuberance: Prologue","",,"Free",79.75,"Apr 2016",1273,0,15
2313700,"Constance","",-20%,"₹ 704",79.75,"Nov 2025",19825,47,1395
1568940,"花妖物语/Flower girl","",,"Free",79.75,"May 2021",14697,4,680
1186880,"OctoFurry","",,"₹ 105",79.74,"Jan 2020",537,0,10
2168870,"Morendo","",,"Free",79.74,"Nov 2022",252,0,6
598070,"Nevrosa: Prelude","",,"Free",79.74,"Feb 2017",1262,0,13
3151710,"Ace Squared","",,"Free",79.74,"Dec 2024",633,0,64
2961340,"Secret Psychology","",-30%,"₹ 210",79.73,"Jun 2024",1432,0,11
677380,"Disco Destruction","",,"Free",79.73,"Dec 2019",217,0,503
1045010,"Russia Roguelike","",,"₹ 42",79.73,"Jun 2020",258,0,7
562500,"Warstone TD","",-85%,"₹ 68",79.73,"May 2018",7809,1,342
3153770,"Days with My Lonely Teacher","",,"₹ 480",79.72,"Sep 2025",2439,0,134
3619600,"Indulgentia - NSFW Anime Puzzle Game","",,"₹ 250",79.71,"May 2025",134,0,9
1751970,"A Blast From The Past","",,"₹ 300",79.71,"Mar 2023",120,0,4
4736890,"Feed The Forest Demo","Demo",,"Free",79.71,"May 2026",0,4,33
3440840,"Rizuhuritan! Rhythmic Flip (Re)Turn","",,"₹ 209",79.71,"Apr 2026",48,0,3
3363410,"Lumi Trek","",,"₹ 155",79.71,"Feb 2025",30,0,5
1930770,"Jello","",,"₹ 250",79.71,"Jul 2023",92,0,3
3288510,"Spacecaps","",,"₹ 250",79.71,"Apr 2025",50,0,6
2195090,"Cuppy's","",,"₹ 200",79.71,"Nov 2022",21,0,4
1720960,"HyperFleet","",,"₹ 199",79.71,"Sep 2021",75,0,3
1429820,"Neko Nyaa~","",,"₹ 105",79.71,"Mar 2022",27,0,2
3570210,"Unlog","",,"Free",79.71,"Mar 2025",67,0,4
2186140,"Early Worm","",,"₹ 52",79.71,"Nov 2022",23,0,2
2124040,"Department of the Devil","",,"₹ 52",79.71,"Oct 2022",91,0,3
1580600,"Hunted: Kobayashi Tower","",,"₹ 199",79.71,"Jun 2021",106,0,6
1408430,"Ekstase","",,"₹ 690",79.71,"Oct 2020",73,0,3
1380630,"The Adventures of Wolf and Hood - A Jigsaw Tale","",,"—",79.71,"Dec 2020",43,0,3
3939220,"YesterSol Demo","Demo",,"Free",79.71,"Aug 2025",0,0,7
1272240,"Beat The Machine: Rebooted","",,"₹ 529",79.71,"Jul 2020",71,0,10
4063230,"Blast Bebop Demo","Demo",,"Free",79.71,"Oct 2025",0,0,9
3535910,"Wizard Hand Demo","Demo",,"Free",79.71,"Feb 2025",0,0,9
2676810,"POROTO","",,"₹ 250",79.71,"Oct 2024",50,0,3
2939880,"Hello World - Prologue","",,"—",79.71,"May 2024",38,0,8
2603860,"Underground Defense Force -Sword and Sorcery and Swarm of Insects-","",,"₹ 345",79.71,"May 2024",85,0,12
4422750,"101 Dogs Hidden in Miami","",,"₹ 105",79.71,"Mar 2026",21,0,3
4342000,"Excremental Game Demo","Demo",,"Free",79.71,"Jan 2026",0,0,58
3849320,"DoppelTest","",,"₹ 250",79.71,"Mar 2026",129,0,3
3634780,"Elf World Adventure 7","",,"₹ 105",79.71,"May 2025",179,0,3
3546480,"Midnight Billiards","",,"₹ 469",79.71,"Apr 2026",166,0,9
2773160,"Magic Caster","",,"₹ 155",79.71,"Jun 2024",109,0,2
2639860,"Command Center Earth","",,"₹ 250",79.71,"Nov 2023",30,0,3
2112820,"The Godfeather : A Mafia Pigeon Saga","",,"₹ 480",79.71,"Oct 2023",171,0,4
4448830,"Infinite Ball Well Demo","Demo",,"Free",79.71,"May 2026",0,4,82
2330720,"ChipWits","",,"₹ 595",79.71,"Jul 2025",202,0,7
751490,"WaveCrash!!","",,"₹ 349",79.71,"May 2021",228,0,5
582690,"Toon Shooters 2: The Freelancers","",,"₹ 105",79.71,"Dec 2020",90,0,7
2617030,"Pond Scum: A Gothic Swamp Tale","",,"₹ 250",79.71,"Dec 2023",60,0,2
861240,"Paper Valley","",,"₹ 419",79.71,"Jun 2018",214,0,3
966590,"Beat Blocks VR","",,"₹ 329",79.71,"Nov 2018",71,0,8
1698930,"Chaos Brigade","",,"₹ 52",79.71,"Nov 2021",102,0,3
1680400,"Argus Panoptes","",,"₹ 125",79.71,"Sep 2021",47,0,4
1393970,"My Jigsaw Adventures - The Source of Power","",,"₹ 250",79.71,"Sep 2020",45,1,5
1276600,"The Chronicles of Robin Hood - The King of Thieves","",,"₹ 450",79.71,"Apr 2020",58,0,6
1215500,"Cattle Admission Challenge","",-50%,"₹ 52",79.71,"Jan 2020",32,0,3
1205540,"Shmup Arena","",,"₹ 105",79.71,"May 2020",57,0,2
1200780,"Mini Island: Night","",,"₹ 155",79.71,"Jan 2020",200,0,3
1029080,"Nowhere Station","",,"₹ 299",79.71,"Mar 2019",75,0,3
762270,"Thunder Chase","",,"₹ 42",79.71,"Feb 2018",67,0,6
588200,"MODSORK","",,"₹ 259",79.71,"Aug 2018",154,0,6
4073820,"Sushi Cat - Tower Defense Demo","Demo",,"Free",79.71,"Feb 2026",0,0,13
3942860,"Nirih Demo","Demo",,"Free",79.71,"Aug 2025",0,0,8
3461030,"Soggy Beans Demo","Demo",,"Free",79.71,"Feb 2025",0,0,15
3146880,"피크? 삐끗!(Peak? Slip!)","",,"Free",79.71,"Jan 2026",50,0,2
3609990,"Sunset Drive","",,"₹ 200",79.71,"May 2025",49,0,2
2883690,"Ghost Gunners","",,"₹ 300",79.71,"Feb 2026",102,0,15
1730550,"Panta Rhei - Guardian of Time","",,"₹ 770",79.71,"Jul 2025",466,0,3
3962780,"Rite or Ruin","",,"₹ 300",79.71,"Mar 2026",63,0,7
3435810,"GoodMan","",,"₹ 105",79.71,"Jul 2025",14,0,4
907410,"Hard Times","",,"Free",79.71,"Mar 2020",412,0,35
1412240,"Lombardi's World","",,"₹ 199",79.71,"Dec 2020",161,0,68
1307380,"ISOLAND: The Amusement Park","",,"₹ 125",79.71,"Oct 2020",425,2,24
2614720,"Desktop Pals","",,"—",79.71,"May 2024",151,1,51
3835650,"Cleaning Up!","",,"₹ 690",79.71,"Apr 2026",1353,1,70
3185000,"Skyline Urban Story","",-23%,"₹ 265",79.71,"Jun 2025",1053,2,120
3040270,"Bees vs Zombees","",,"₹ 180",79.71,"Nov 2024",319,0,12
1207390,"Ghosts'n DJs","",,"Free",79.71,"Feb 2020",555,0,19
2682120,"Movie Cinema Simulator","",,"₹ 250",79.71,"Mar 2024",616,0,58
742500,"Nonogram - Master's Legacy","",,"Free",79.70,"Nov 2018",504,12,55
569810,"LEAVES - The Return","",-84%,"₹ 40",79.69,"Mar 2017",721,3,95
512220,"Trickster VR: Co-op Dungeon Crawler","",,"₹ 439",79.69,"Jan 2019",3881,0,48
1836880,"Yumeiri","",,"₹ 250",79.68,"Mar 2022",890,0,10
2399040,"Sentinels","",,"Free",79.68,"Jan 2024",91,0,5
4577620,"Bills Must Be Paid Demo","Demo",,"Free",79.68,"Apr 2026",0,8,340
3747060,"Russian Parkour Simulator","",,"₹ 52",79.68,"Jun 2025",57,0,3
1640100,"War Mines: WW1","",,"₹ 200",79.68,"Jun 2021",113,0,4
3192760,"vHand","Application",,"₹ 610",79.68,"Oct 2024",587,2,35
2800020,"Armless Samurai","",,"Free",79.68,"May 2024",96,0,10
390620,"An Alien with a Magnet","",,"₹ 125",79.68,"Mar 2017",86,0,623
325160,"Bik - A Space Adventure","",,"₹ 199",79.68,"Oct 2014",296,0,50
3686480,"Kernelbay","",,"₹ 81",79.68,"May 2026",164,1,27
2583300,"Simulator of Ukraine 1991","",,"₹ 200",79.68,"Aug 2024",760,1,19
1325470,"Pianistic","",,"₹ 105",79.68,"Sep 2020",312,0,12
617480,"Tower of Time","",-93%,"₹ 69",79.68,"Apr 2018",26954,18,1304
743640,"Achievement Clicker","",,"₹ 52",79.68,"Nov 2017",769,0,52
883230,"Times and Galaxy","",-55%,"₹ 396",79.67,"Jun 2024",1386,0,24
2139440,"The Wall Mustn't Fall","",,"₹ 105",79.67,"Oct 2023",407,0,43
929140,"Tank Royale","",,"₹ 349",79.67,"Apr 2019",414,0,14
564700,"Scar of the Doll","",,"₹ 200",79.67,"Apr 2017",449,0,4
2994990,"Wool at the Gates","",,"₹ 450",79.67,"May 2025",1092,1,40
3194310,"Pixel Dungeon VR: Prologue","",,"Free",79.67,"Sep 2024",503,1,16
1383630,"Antarctica 88","",-30%,"₹ 153",79.67,"Aug 2020",833,0,8
2011340,"Splat Cat","",,"Free",79.66,"Jun 2022",199,0,56
1706820,"Milf City","",,"₹ 105",79.66,"Oct 2021",1270,0,2456
2946030,"Choo-Choose","",,"₹ 52",79.66,"Aug 2024",381,1,38
1202200,"Paleo Pines","",,"₹ 1231",79.66,"Sep 2023",22144,38,1716
3394900,"Birds and Nuts","",,"₹ 480",79.65,"Oct 2025",154,0,27
2133400,"1989 QianShanMen","",,"₹ 155",79.65,"Aug 2023",201,0,5
3827850,"StacKit","",,"Free",79.65,"Jul 2025",121,0,6
3950190,"Sport Animals","",,"Free",79.65,"Sep 2025",119,2,18
1180610,"Npc Problems: Vertex Coloring","",,"₹ 52",79.65,"Nov 2019",71,0,3
567590,"Altero","",,"₹ 345",79.65,"Oct 2022",342,0,95
2928700,"exclusive memory","",,"₹ 499",79.65,"Sep 2024",1223,0,104
2517810,"The Last Flame: Prologue","",,"Free",79.65,"Jan 2024",1683,0,539
1428420,"Nucleares","",,"₹ 690",79.65,"Mar 2023",5517,27,227
1663040,"Amber Isle","",-23%,"₹ 1997",79.65,"Oct 2024",12240,11,2157
1498590,"Fat Prisoner Simulator 3","",-50%,"₹ 26",79.64,"Jan 2021",118,0,5
1229030,"A Hand With Many Fingers","",,"₹ 199",79.64,"Jun 2020",681,0,28
1363740,"The Troop","",,"₹ 1600",79.64,"Oct 2023",11086,23,163
733790,"Not Tonight","",,"₹ 529",79.64,"Aug 2018",16462,10,486
461950,"Beat Cop","",,"₹ 479",79.64,"Mar 2017",26313,7,754
2012140,"Helicopter Gunship DEX","",,"₹ 810",79.63,"Dec 2022",2364,2,12
3289580,"Winter ~Life in the Countryside~","",,"₹ 1100",79.63,"Mar 2025",5565,5,271
615010,"Runic Rampage - Action RPG","",,"₹ 344",79.63,"May 2017",1740,0,11
1422430,"Next Space Rebels","",,"₹ 529",79.63,"Nov 2021",1898,5,121
1430760,"Aquarist","",-40%,"₹ 685",79.63,"Mar 2024",7514,5,354
598060,"Slasher's Keep","",,"₹ 439",79.63,"Nov 2020",15718,4,1269
1286580,"Ship of Fools","",,"₹ 1650",79.63,"Nov 2022",33348,190,2324
2205600,"Ojiv","",,"₹ 155",79.62,"Mar 2024",662,0,55
2775310,"Disappearance - Takeshi. You were right. That Abandoned Village is Too Bad","",,"₹ 155",79.62,"Jan 2024",249,0,62
676030,"Eternal Starlight VR","",,"₹ 690",79.62,"Jun 2021",1406,0,8
3417260,"A Few Days With : Valentina","",,"Free",79.62,"Feb 2025",224,0,6
700160,"Semblance","",,"₹ 480",79.62,"Jul 2018",2775,0,63
612930,"Fight of Gods","",,"₹ 1000",79.62,"Mar 2019",5916,0,273
3051050,"100 Aztec Cats","",-55%,"₹ 49",79.61,"May 2025",535,1,14
4075080,"The Roach Hotel","",,"Free",79.61,"Oct 2025",214,0,14
1393570,"Superbugs: Awaken","",,"₹ 459",79.61,"Mar 2022",1071,0,50
2960430,"Esports Godfather: The Legend Begins","",,"Free",79.61,"May 2024",801,4,1226
1374970,"Moonscars","",,"₹ 739",79.61,"Sep 2022",17706,10,347
593210,"Counter Fight: Samurai Edition","",,"—",79.60,"Jun 2017",596,0,10
432990,"Green Game: TimeSwapper","",,"₹ 169",79.60,"Apr 2016",277,0,4394
1471910,"Killer Sudoku","",,"₹ 199",79.60,"Dec 2020",192,5,89
1502800,"Escape Machine City: Airborne","",,"₹ 250",79.60,"Mar 2021",272,1,7
666570,"Infectonator 3: Apocalypse","",,"₹ 610",79.60,"May 2018",7013,8,411
600130,"Valfaris","",,"₹ 569",79.60,"Oct 2019",13238,5,148
1128180,"CROSSNIQ+","",,"₹ 299",79.59,"Oct 2019",280,0,18
1044770,"Goddess of Math 数学女神","",,"Free",79.59,"Mar 2019",312,0,30
672420,"NetherWorld","",,"₹ 690",79.58,"Sep 2025",767,0,7
3843370,"YaeiJinja","",-20%,"₹ 160",79.58,"Aug 2025",45,0,4
1093920,"ORTHOISO","",,"₹ 42",79.58,"Jun 2019",97,0,10
1256660,"Iwate Mountain Dance","",,"₹ 399",79.58,"May 2020",158,0,4
4433280,"Smerk: Wacky Autobattles Demo","Demo",,"Free",79.58,"Feb 2026",0,0,82
1773570,"Laboratory","",,"Free",79.58,"Jan 2022",49,0,4
1309090,"Barold","",,"₹ 165",79.58,"Oct 2022",55,0,8
3961890,"Room 713","",,"₹ 259",79.58,"Apr 2026",105,0,8
2425320,"Blind Bullet","",,"Free",79.58,"Aug 2025",107,0,8
3931250,"Dreamcatcher 2003","",,"Free",79.58,"Aug 2025",88,0,3
3046280,"Hentai Tales: The Brave and Demon","",,"₹ 52",79.58,"Jul 2024",221,0,4
2237350,"100 Keys To Your Heart","",,"₹ 400",79.58,"Jan 2023",78,0,3
3014070,"Would You Call Him a Bad Man?","",,"Free",79.58,"Aug 2024",107,0,4
1475080,"Relaxing Kite","",,"₹ 52",79.58,"Feb 2021",75,0,4
1345040,"Girabox","",,"₹ 85",79.58,"Aug 2020",71,0,5
1227320,"Shutter Nyan! Enhanced Edition","",,"₹ 459",79.58,"Mar 2021",318,0,9
1173310,"Lab 7: Cold Nights","",,"₹ 219",79.58,"May 2020",243,0,20
646370,"Vesta","",,"₹ 349",79.58,"Jan 2018",243,0,5
504090,"3..2..1..Grenades!","",,"₹ 345",79.58,"Jun 2017",250,0,5
1575580,"The Royal Game of Ur 3D","",,"₹ 400",79.58,"Apr 2022",115,0,7
3533310,"KIDDO Demo","Demo",,"Free",79.58,"Feb 2025",0,0,15
818140,"Stay Safe","",,"₹ 219",79.58,"May 2018",290,0,14
3566060,"Tiny Sheriff","",,"Free",79.58,"May 2025",77,0,5
2885880,"Tokyo Coffee: Grinding in the Pandemic","",,"₹ 480",79.58,"Aug 2024",237,0,8
2490020,"さよならナイト・キャップ","",,"Free",79.58,"Aug 2023",167,0,48
726200,"Hostil","",,"₹ 155",79.58,"Dec 2017",1260,0,7
444800,"NO THING","",,"₹ 229",79.58,"Apr 2016",1010,0,69
1131810,"Gordon Streaman","",,"₹ 419",79.57,"Sep 2019",325,0,18
2812610,"Curtain Call","",,"₹ 345",79.57,"Nov 2024",776,1,347
231740,"Knights of Pen and Paper +1 Edition","",,"₹ 549",79.57,"Jun 2013",7328,3,1368
780500,"Suzy Cube","",-22%,"₹ 244",79.56,"Jun 2018",1040,1,32
1302110,"Inertial Drift: Sunset Prologue","",,"Free",79.56,"Jun 2020",1526,1,52
802450,"NAIRI: Tower of Shirin","",,"₹ 499",79.56,"Nov 2018",2391,0,55
269250,"WORLD END ECONOMiCA episode.01","",,"₹ 610",79.56,"May 2014",4707,1,79
270130,"The Gallery - Episode 1: Call of the Starseed","",,"₹ 459",79.56,"Apr 2016",9505,0,73
1985610,"Nympho's Path","",,"₹ 105",79.54,"Jul 2022",1392,2,40
1037560,"Fat Prisoner Simulator","",,"₹ 52",79.54,"Mar 2019",460,0,9
1228520,"[Chilla's Art] The Convenience Store | 夜勤事件","",,"₹ 155",79.54,"Feb 2020",8346,5,131
1145410,"Knight Swap","",,"₹ 52",79.53,"Oct 2019",243,0,8
557890,"Sunset's Ashes","",,"Free",79.53,"Sep 2016",340,0,643
2806120,"Bio Goddess : Doomsday Begins","",,"₹ 1056",79.53,"Nov 2025",6619,1,186
816350,"The Flood","",,"Free",79.53,"Mar 2018",2243,0,33
1330460,"Becastled","",-33%,"₹ 589",79.53,"Oct 2025",52396,47,1507
2061300,"The Way Home: Pixel Roguelike","",,"₹ 349",79.52,"Oct 2022",439,0,35
4197430,"I'm in Love With Your Dead Grandmother","",,"₹ 250",79.52,"Jan 2026",176,0,6
3226190,"Erotic Rhythm","",,"₹ 200",79.52,"Oct 2024",591,0,11
3873100,"Coffie Simulator - Prologue","",,"Free",79.52,"Oct 2025",273,0,13
3324320,"MYRIAD DEATH","",,"₹ 450",79.52,"Mar 2025",2951,0,382
3167970,"Starless Abyss","",,"₹ 880",79.52,"Apr 2025",5370,1,251
460340,"Guards","",-77%,"₹ 59",79.52,"Aug 2016",1981,6,210
984680,"Interstellar Space: Genesis","",-67%,"₹ 230",79.52,"Jul 2019",8450,26,198
610960,"红石遗迹 - Red Obsidian Remnant","",,"₹ 212",79.52,"Sep 2017",9782,0,290
387860,"the static speaks my name","",,"Free",79.52,"Aug 2015",6048,1,168
3028600,"City find all","",,"Free",79.51,"Jun 2024",38,0,4
535480,"Sundered®: Eldritch Edition","",,"₹ 880",79.51,"Jul 2017",35160,2,708
3756190,"放学后","",,"₹ 105",79.50,"Aug 2025",250,0,28
1611350,"Sunny Cafe","",,"₹ 419",79.50,"Dec 2021",1562,0,18
1214060,"TRIOS - lofi beats / numbers to chill to","",,"₹ 400",79.50,"Sep 2021",173,0,6
4447550,"Linebound","",,"Free",79.50,"May 2026",302,43,164
2792960,"METAL BEANS","",,"Free",79.50,"Mar 2024",190,0,11
4348210,"Break Shoot Demo","Demo",,"Free",79.50,"Jan 2026",0,0,15
705500,"Tiny Bubbles","",,"₹ 480",79.50,"May 2018",609,0,26
542030,"RuneSage","",,"₹ 369",79.50,"Sep 2017",409,0,6
485880,"L U N E","",,"₹ 169",79.50,"Jun 2016",264,0,6
1202170,"Barbarous - Tavern Of Emyr","",,"₹ 730",79.50,"Feb 2020",145,0,12
3514410,"Mini Racer Car Shop Simulator - Prologue","",,"Free",79.50,"Mar 2025",496,0,27
2952070,"Nanika Game Online","",,"Free",79.50,"Apr 2025",74,0,120
1701330,"Sokobond Express","",,"₹ 690",79.50,"Feb 2024",823,1,27
962810,"Dark Roll","",,"Free",79.50,"Aug 2019",604,0,23
243160,"Mushroom 11","",,"₹ 479",79.50,"Oct 2015",4547,0,184
298520,"Orbital Gear","",,"Free",79.50,"Aug 2014",6667,0,2034
2468670,"Little Locked Rooms","",,"₹ 400",79.49,"Jun 2024",509,0,12
1952170,"Cafeteria Nipponica","",-48%,"₹ 171",79.49,"Jul 2022",1161,30,285
490950,"Frost","",,"₹ 345",79.49,"Jul 2016",1028,0,100
2774190,"Secrets of the Heartbeat","",,"₹ 345",79.49,"Jun 2024",3075,0,160
798490,"Othercide","",-90%,"₹ 139",79.49,"Jul 2020",44386,21,1696
994670,"ThreatGEN: Red vs. Blue","",,"₹ 459",79.48,"Sep 2019",758,3,24
2231060,"Druidwalker","",,"₹ 175",79.48,"Jun 2023",333,0,4
3081060,"ISOLAND PUMPKIN TOWN","",,"₹ 105",79.48,"May 2025",289,1,45
858860,"Tabletop Gods","",,"₹ 529",79.48,"May 2019",1138,0,59
3259820,"Alice's World Demo","Demo",,"Free",79.48,"Oct 2024",0,0,28
1841060,"Tiny Stories: Santa Closes","",,"Free",79.48,"Dec 2021",154,0,12
3032010,"The Supper: New Blood","",-20%,"₹ 222",79.48,"Aug 2025",945,1,37
341090,"On A Roll 3D","",,"₹ 209",79.48,"Feb 2015",776,0,921
448580,"Dead End Road","",,"₹ 155",79.48,"Jul 2016",1110,0,16
1318940,"Forkdrift","",,"Free",79.48,"Jul 2020",566,0,48
1871750,"Camp Focus","",,"Free",79.47,"Jan 2022",492,1,13
2228210,"Project Astra Dominium","",,"₹ 480",79.47,"Jan 2024",671,0,31
3550820,"Mini Cozy Room : Lo-Fi (Demo)","Demo",,"Free",79.47,"Mar 2025",0,34,172
464260,"Xeno Crisis","",,"₹ 529",79.47,"Oct 2019",2349,0,24
2773520,"完美恋人~fragile love","",-30%,"₹ 108",79.47,"Aug 2024",715,0,43
926390,"Infected Shelter","",,"Free",79.47,"Nov 2019",2312,5,442
2654490,"Relic Arena","",,"Free",79.47,"May 2026",1152,287,1605
347800,"Ghost Song","",,"₹ 739",79.47,"Nov 2022",16527,2,685
1599690,"WORDLAND","",-50%,"₹ 52",79.46,"May 2021",73,0,4
510040,"A Matter of Murder","",,"₹ 199",79.46,"Apr 2016",210,0,8
4008290,"That Level Again 2","",,"₹ 155",79.46,"Nov 2025",45,0,10
4217250,"Beastfall","",,"₹ 400",79.46,"Apr 2026",85,0,4
2709800,"Bam Boom Blade 竹個擊破","",,"Free",79.46,"Mar 2024",90,0,7
3536100,"CYBERSLAYER: No Time to Regret","",,"₹ 52",79.46,"Apr 2025",42,0,2
2746220,"Popmoji","",,"₹ 155",79.46,"Jan 2024",31,0,13
1203990,"Shine's Adventures 5(World Of Box)","",,"₹ 125",79.46,"Jul 2020",342,1,7
3308230,"Brawlers of the West: Prologue","",,"Free",79.46,"Oct 2025",138,0,9
2113770,"In Woods","",,"₹ 345",79.46,"Aug 2024",703,1,160
388420,"In Between","",,"₹ 409",79.46,"Aug 2015",3885,1,1504
491240,"Lil Big Invasion","",-70%,"₹ 31",79.45,"Aug 2016",194,1,843
845040,"Aegis Legends","",,"₹ 199",79.45,"Jul 2018",172,0,18
1488640,"Wholesome Slaughter","",,"₹ 42",79.45,"Dec 2020",95,0,5
3207370,"Freddy Farmer","",,"₹ 250",79.45,"Mar 2025",192,0,12
2576170,"花母·序","",,"Free",79.45,"Oct 2023",193,0,12
2271000,"Rayland 2","",-60%,"₹ 62",79.45,"Mar 2023",94,0,7
1331090,"GoblinAttack / 进击的哥布林","",,"₹ 219",79.45,"Jun 2020",252,0,13
3932620,"Glitch Hearts","",,"₹ 155",79.45,"Jan 2026",279,0,7
3347070,"101 Cats in Rome","",,"₹ 52",79.45,"Jan 2025",46,0,5
3282520,"GARDEN&BIRD","",,"₹ 480",79.45,"Mar 2025",205,0,12
3231480,"Dreamspring","",,"₹ 570",79.45,"May 2025",1385,1,10
3214390,"Stranger Watch","",,"₹ 448",79.45,"Nov 2024",187,1,21
2294910,"Fish Simulator: Agonik Lake","",,"₹ 155",79.45,"Mar 2023",229,0,4
1449250,"狂潮-Staggering Through The Dark","",,"₹ 85",79.45,"Nov 2020",209,0,4
3891360,"BunnyBarTalk","",,"₹ 130",79.45,"Aug 2025",339,0,3
1253110,"System Invaders","",,"Free",79.45,"Mar 2020",77,0,4
293660,"TRI: Of Friendship and Madness","",,"₹ 690",79.45,"Oct 2014",5502,0,46
2100980,"Barji Kart","",,"Free",79.45,"Oct 2022",438,0,248
777390,"Flyout","",,"₹ 880",79.45,"Nov 2023",10731,76,1312
2224030,"Flutter Away","",,"₹ 610",79.44,"Aug 2023",1891,0,20
2507400,"Penny Blood: Hellbound","",,"₹ 1100",79.44,"Dec 2024",1798,0,26
2197760,"Midnight Scenes: From the Woods","",-30%,"₹ 116",79.44,"Feb 2023",767,1,14
1785980,"Car Manufacture: Prologue","",,"Free",79.44,"Sep 2023",1642,1,80
702680,"Wattam","",,"₹ 849",79.44,"Dec 2020",4424,0,57
2258890,"Xanadu Land","",,"Free",79.44,"Aug 2025",1539,22,287
356040,"Sheltered","",,"₹ 1129",79.44,"Mar 2016",63748,28,1413
4031810,"The Curse We Made","",,"₹ 209",79.42,"Dec 2025",151,0,6
654770,"Ballway","",,"₹ 199",79.42,"Jul 2017",86,0,3
535280,"Retro Parking","",,"₹ 105",79.42,"Dec 2016",226,0,14
461170,"Bucket Detective","",,"₹ 165",79.42,"Feb 2017",702,0,10
2332210,"Born Again","",,"Free",79.42,"Dec 2023",1527,38,380
3809570,"100 Cats Lost in Turkey Find & Color","",,"Free",79.41,"Oct 2025",84,0,12
266130,"Breach & Clear","",,"₹ 480",79.41,"Mar 2014",15250,2,517
622630,"Bendy: Secrets of the Machine","",,"Free",79.40,"Apr 2024",4065,3,2256
1948220,"Intraquartz","",-50%,"₹ 149",79.39,"Jul 2022",39,0,2
1156760,"ParaLily","",-67%,"₹ 54",79.39,"Nov 2021",59,0,4
2666000,"Otherlights","",,"₹ 880",79.39,"Oct 2024",221,0,7
4363590,"Dread Disc Demo","Demo",,"Free",79.39,"May 2026",0,0,6
4148720,"Phantom Floor Demo","Demo",,"Free",79.39,"Mar 2026",0,0,4
3865620,"Mind Split Demo","Demo",,"Free",79.39,"Aug 2025",0,0,5
3618060,"Astro Busters","",,"₹ 480",79.39,"Dec 2025",579,0,3
3548740,"Swiftrace Canyon Demo","Demo",,"Free",79.39,"Jul 2025",0,0,14
1159960,"Gloam","",,"₹ 250",79.39,"Mar 2021",47,0,14
2900050,"Lost in Art: a Miniature Realm","",-20%,"₹ 540",79.39,"Jun 2026",715,2,10
2496160,"Rebel!","",,"Free",79.39,"Jun 2024",103,0,7
1700140,"Hermes: Tricks of Thanatos","",-50%,"₹ 129",79.39,"Sep 2021",63,0,13
2076450,"Freenergy","",,"₹ 345",79.39,"Nov 2024",225,0,4
1791460,"Cinemoji: Halloween","",,"₹ 54",79.39,"Nov 2021",42,0,3
1787210,"YOKAIWARE","",,"₹ 199",79.39,"Jan 2022",63,0,2
1598180,"Seishin Destiny","",,"Free",79.39,"Sep 2021",69,0,5
1568130,"Spaceship for Newbies","",,"₹ 199",79.39,"May 2022",87,0,4
1404080,"Rotund Takeoff","",,"₹ 299",79.39,"Jan 2021",37,0,10
4258870,"Melody Friends","",,"₹ 415",79.39,"Mar 2026",118,0,7
3253740,"Shattered Dimension Demo","Demo",,"Free",79.39,"Oct 2024",0,0,6
2452930,"One S'More","",,"₹ 650",79.39,"Sep 2024",131,0,10
2245730,"Plushie Bomber","",,"₹ 345",79.39,"Jun 2023",109,0,3
1636070,"Totally Convenient","",,"₹ 250",79.39,"Mar 2022",67,0,1
4390120,"Jacmena Demo","Demo",,"Free",79.39,"Feb 2026",0,0,5
3077180,"Gamer Stories: Dating Real Japanese Female Gamers","",,"₹ 699",79.39,"Aug 2024",126,0,4
2813750,"Rhythm Reunion - Indie Dating Sim Visual Novel","",,"Free",79.39,"Feb 2024",56,0,3
2751890,"AIRANBLADE","",,"₹ 450",79.39,"Dec 2024",128,0,3
1191860,"Memody: Sindrel Song","",,"₹ 349",79.39,"Dec 2019",131,0,4
1196690,"OctaFight","",,"₹ 300",79.39,"Apr 2020",121,0,8
4031430,"MOCHI-O Demo","Demo",,"Free",79.39,"Oct 2025",0,0,12
2856040,"Zink","",,"₹ 400",79.39,"May 2024",76,0,7
2839670,"Amazing Weekend - Search and Relax Collector's Edition","",,"₹ 300",79.39,"Mar 2024",26,0,5
1959940,"Wormhole Adventurer","",,"₹ 155",79.39,"Oct 2022",94,0,6
4340470,"GLADIMAKER : Auto Battle RPG Demo","Demo",,"Free",79.39,"Jan 2026",0,0,13
3854780,"Squidly's Revenge","",,"₹ 250",79.39,"Nov 2025",52,0,7
3775310,"Lost Lands Demo","Demo",,"Free",79.39,"May 2025",0,0,6
3726480,"Cube Jump Game","",,"Free",79.39,"Jun 2025",20,0,4
3310170,"Shrooms! Tower Defence","",,"₹ 480",79.39,"Nov 2025",92,0,5
3246640,"My Rose","",,"₹ 105",79.39,"Mar 2025",16,0,10
3167100,"CODE: BLUE","",,"₹ 155",79.39,"Jan 2025",70,0,2
2598860,"Boundless Paths","",,"₹ 400",79.39,"Apr 2024",99,0,8
2559070,"Learn to Dodge","",,"₹ 105",79.39,"May 2024",45,0,4
3973910,"HyperTyper 2000 Demo","Demo",,"Free",79.39,"Aug 2025",0,0,3
607330,"Rangi","",,"₹ 349",79.39,"Aug 2017",167,0,4
397600,"Viral EX","",,"₹ 369",79.39,"Jul 2017",117,0,9
577150,"ICEBOX: Speedgunner","",,"₹ 85",79.39,"Oct 2017",182,0,4
1698640,"Pill Puzzle 2","",,"₹ 52",79.39,"Aug 2021",32,0,3
1174320,"Travel Mosaics 10: Spooky Halloween","",,"₹ 125",79.39,"Oct 2019",37,0,9
916320,"Fair Deal: Las Vegas","",,"₹ 329",79.39,"Dec 2018",253,0,3
899340,"Mendel","",,"₹ 349",79.39,"Sep 2018",124,0,6
840300,"Supralympic Runners","",,"Free",79.39,"Feb 2019",136,0,5
757700,"Dungeon's Barrage","",,"₹ 42",79.39,"Dec 2017",62,0,3
1513190,"Fresh Milk For Mars","",,"₹ 480",79.39,"Jul 2024",37,1,4
1397280,"Slime Pandemic TD","",,"₹ 165",79.39,"Oct 2020",37,0,5
3930190,"Wavekin","",,"₹ 499",79.39,"Apr 2026",174,0,5
2876860,"Emberdrift","",,"₹ 690",79.39,"Nov 2024",270,0,4
4061530,"Tomo Jam","",,"₹ 345",79.39,"Jan 2026",60,2,5
2417710,"The Siege of Jeomdo","",,"₹ 185",79.39,"May 2026",155,0,5
2086840,"Jumalien","",,"₹ 480",79.39,"Mar 2025",89,0,4
4456330,"Canvas of Thoughts Demo","Demo",,"Free",79.39,"May 2026",0,0,4
3943500,"MR. FLESH FLAM","",,"₹ 480",79.39,"Feb 2026",107,0,6
388730,"Brighter Day","",,"₹ 155",79.39,"Jul 2015",335,0,8
1232940,"The Under Presents","",,"₹ 399",79.39,"Nov 2019",543,1,15
1042270,"Juicy Hentai","",,"—",79.39,"Apr 2019",649,0,11
1127970,"Retro Machina","",,"₹ 770",79.39,"May 2021",3542,0,51
1622800,"Super Dungeon Maker","",,"₹ 880",79.39,"May 2023",4791,3,68
2890830,"Streamer Life Simulator 2","",,"₹ 880",79.38,"Feb 2026",13479,72,6703
2264730,"Hentai SportsGirl","",-40%,"₹ 31",79.37,"Jan 2023",304,0,6
1410600,"MIRAY","",,"₹ 359",79.37,"Jul 2021",77,0,12
1651860,"virtual beepis","",,"Free",79.37,"Jul 2021",150,0,9
1088750,"Soda Story - Brewing Tycoon","",,"₹ 529",79.37,"Jul 2022",863,0,109
3625660,"A Few Days With : Zoey","",,"Free",79.37,"Apr 2025",222,0,8
658590,"She and the Light Bearer","",,"₹ 480",79.37,"Jan 2019",2190,0,13
597970,"Age of Rivals","",,"₹ 329",79.36,"Mar 2017",1285,0,32
1035050,"Alt-Frequencies","",,"—",79.36,"May 2019",1003,0,11
440550,"Atomik: RunGunJumpGun","",,"₹ 400",79.36,"Aug 2016",1396,0,87
782180,"The way to defeat the Archfiend / 打倒魔王的方法","",,"₹ 85",79.35,"Jul 2018",365,0,8
3420920,"Trade Rivals - Goblin Age","",,"₹ 218",79.35,"Jul 2025",420,0,41
1051420,"Jey's Empire","",,"₹ 690",79.35,"Oct 2019",672,1,11
1706190,"SudoKats","",,"₹ 105",79.35,"Aug 2021",177,0,8
719410,"Magical Squash","",,"₹ 199",79.35,"Nov 2017",181,0,3
1077600,"Song Beater: Quite My Tempo!","",,"₹ 529",79.35,"Oct 2019",260,0,8
1658880,"汉字大冒险","",-60%,"₹ 138",79.35,"Dec 2022",588,1,46
818960,"TAYAL","",,"₹ 305",79.35,"Oct 2018",320,0,11
2939550,"Urayama","",,"₹ 155",79.35,"Aug 2024",414,0,44
1958860,"Otoko Cross: Pretty Boys Klondike Solitaire","",,"₹ 259",79.35,"Jul 2022",387,1,17
3949050,"Frontline Logistics: Isarian Warfare Demo","Demo",,"Free",79.35,"Aug 2025",0,30,148
347430,"Frankenstein: Master of Death","",,"₹ 259",79.35,"Mar 2015",1292,0,1404
1057600,"Booze Masters: Freezing Moonshine","",-52%,"₹ 622",79.34,"Dec 2023",3470,0,52
793370,"KIDS","",,"₹ 200",79.34,"May 2019",4424,0,75
1582990,"Blon","",-80%,"₹ 39",79.32,"Sep 2021",183,0,3
4769390,"Cages: Hidden Worlds Demo","Demo",,"Free",79.32,"May 2026",0,1,22
3176980,"Magic Construct","",,"₹ 345",79.32,"Apr 2025",141,0,10
2968250,"Hentai Girls: The Princesses","",,"₹ 250",79.32,"Aug 2024",231,0,4
2644040,"Ruff City","",,"₹ 52",79.32,"Dec 2023",133,0,6
2331880,"Otok","",,"₹ 105",79.32,"Jul 2023",198,0,3
1789180,"Zoo Seeker","",,"₹ 219",79.32,"Jan 2022",96,0,6
1964690,"Dwarfenstein","",,"Free",79.32,"May 2022",112,0,4
4169220,"101 Cats in Belgium","",,"₹ 52",79.32,"Dec 2025",37,0,4
4025010,"YAMIGATARI: FOR3ST","",,"₹ 480",79.32,"Apr 2026",200,0,5
1987590,"Intergalactic Taxi Co.","",,"₹ 199",79.32,"May 2022",78,0,4
3454020,"Shrink Rooms Demo","Demo",,"Free",79.32,"Feb 2025",0,0,22
3716490,"Zodiac Mountain Demo","Demo",,"Free",79.32,"Jun 2025",0,0,6
524690,"Bitslap","",,"₹ 259",79.32,"Sep 2016",127,0,5
1655920,"Shin Lotion Samurai","",,"₹ 155",79.32,"Jul 2021",65,0,18
1518360,"UnearthU","",,"₹ 379",79.32,"May 2021",144,0,4
1345350,"Simply Puzzles: Junctions","",,"₹ 105",79.32,"Jul 2020",52,0,5
1224710,"洞穴探险队 Caver","",,"₹ 354",79.32,"Mar 2021",465,0,10
1188310,"Mini Island","",,"₹ 155",79.32,"Nov 2019",161,0,5
1176480,"The City of Time","",,"₹ 42",79.32,"May 2020",93,0,2
1123340,"Run! Bunny 绿绿小先生","",,"₹ 155",79.32,"Aug 2019",105,0,5
612040,"Duel on Board","",,"₹ 299",79.32,"Mar 2021",338,0,5
356090,"Machineers - Episode 1: Tivoli Town","",,"₹ 199",79.32,"May 2015",509,0,10
3915340,"The Sweet Spot Demo","Demo",,"Free",79.32,"Jan 2026",0,1,7
3456970,"Death Kid","",,"₹ 250",79.32,"Apr 2025",106,0,5
4539960,"Timebound Demo","Demo",,"Free",79.32,"May 2026",0,2,13
4308660,"After the Wane Demo","Demo",,"Free",79.32,"Mar 2026",0,0,5
2170700,"Arcade Classics","",,"₹ 105",79.32,"Jun 2023",82,0,4
739290,"Dark Old Sun","",,"Free",79.32,"Mar 2018",193,0,4
4099100,"Rewoven Self","",,"Free",79.32,"Nov 2025",77,1,9
4059500,"A Game About Boxes","",,"Free",79.32,"Jan 2026",61,4,10
867980,"Raiders Of The Lost Island","",,"₹ 610",79.32,"Sep 2020",1039,0,18
2056250,"You are the weapon! Genesis","",,"—",79.32,"Jan 2023",146,0,9
2200470,"Ok I Pull Up","",,"Free",79.32,"Dec 2022",192,0,22
576130,"State of Anarchy: Master of Mayhem","",,"₹ 57",79.32,"Mar 2017",1017,0,4012
1111030,"Hentai Bad Girls","",-50%,"₹ 26",79.32,"Jul 2019",914,2,23438
469730,"Super Mega Neo Pug","",,"₹ 52",79.31,"May 2016",581,1,3131
1418160,"Happy Quest","",,"₹ 105",79.31,"Nov 2020",3798,0,355
3916300,"SHE WAS 98","",,"₹ 400",79.30,"Jan 2026",865,2,37
2232880,"Beast Saga","",,"₹ 810",79.30,"Apr 2026",9326,348,2069
1918450,"HunterX","",,"₹ 459",79.29,"Apr 2022",3716,3,141
420290,"Blackwake","",,"Free",79.29,"Feb 2020",124037,10,6159
1657760,"Cactus Cowboy 3 - Fully Loaded","",,"Free",79.28,"Jun 2021",183,0,137
2663600,"溢爱~fragile love","",-50%,"₹ 52",79.28,"Dec 2023",354,0,7
1650860,"Chambers of Devious Design","",,"₹ 570",79.28,"Sep 2022",1041,0,47
1699860,"Parkour Tag","",,"₹ 299",79.28,"Jan 2022",910,1,61
448290,"Nefarious","",,"₹ 479",79.28,"Jan 2017",3172,0,123
1097580,"CUSTOM ORDER MAID 3D2 It's a Night Magic","",,"₹ 899",79.28,"Jul 2019",35608,22,311
1720560,"Neko Hentai Girl","",,"₹ 155",79.27,"Sep 2021",936,2,11
1385780,"My Village Life","",,"₹ 690",79.26,"Aug 2020",1207,4,57
1699260,"Atlas Wept","",,"₹ 400",79.25,"Jan 2024",334,0,7
1227860,"Plastris","",,"₹ 59",79.25,"Mar 2020",135,0,9
4146070,"Fracta Regna","",,"Free",79.25,"Nov 2025",103,0,6
2085440,"Passing By - A Tailwind Journey","",-90%,"₹ 74",79.25,"Mar 2024",464,0,8
2065200,"The Stone Cutter and the Mountain Spirit","",,"₹ 200",79.25,"Nov 2022",218,0,3
4235540,"宝姉妹 | スクラッチシミュレーター","",,"Free",79.25,"Dec 2025",71,4,105
4113480,"Midnight Scenes: Among Graves","",,"₹ 280",79.25,"Mar 2026",288,0,12
3655240,"101 Cats in Taiwan","",,"₹ 52",79.25,"May 2025",34,0,3
3347050,"101 Cats in Singapore","",,"₹ 52",79.25,"Jan 2025",35,0,3
2750410,"クビトリドオルズ・レトリーバー: 島津怪談01","",,"₹ 345",79.25,"Jan 2025",285,0,119
1518350,"Higgs Boson: Minimal Puzzle","",,"₹ 480",79.25,"May 2021",66,0,5
1352340,"Rolling Hamster","",,"₹ 250",79.25,"Mar 2021",370,0,12
1213870,"Kill The Santa","",,"₹ 42",79.25,"Jan 2020",50,0,7
3458810,"DIMENSION RANGER","",,"₹ 475",79.25,"Apr 2026",58,0,10
3476420,"Ringash Demo","Demo",,"Free",79.25,"Jan 2025",0,0,7
1511140,"Laser Attraction","",,"₹ 349",79.25,"Mar 2021",348,0,20
3953120,"Snapshots","",,"₹ 200",79.25,"Jan 2026",103,0,14
1863560,"η κλοπή του ΚΡΑΣΙΟΥ","",,"Free",79.25,"Jan 2022",78,0,3
2936130,"5 Minute Raid","",,"₹ 250",79.25,"Nov 2024",208,0,108
2222910,"Hentai DevilGirl","",,"₹ 52",79.25,"Dec 2022",338,0,6
602120,"Molemen Must Die!","",,"₹ 85",79.25,"Mar 2017",309,0,45
1159450,"Hayfever","",,"₹ 459",79.25,"Feb 2020",238,0,9
2181440,"Delivery Man","",,"₹ 250",79.25,"Nov 2022",258,0,13
4091980,"Bouncemasters 2: Pengu Throw Demo","Demo",,"Free",79.25,"Oct 2025",0,3,1704
1552130,"Forgotten Hope","",,"₹ 200",79.25,"May 2021",186,0,8
1306620,"[Chilla's Art] Missing Children | 行方不明","",,"₹ 155",79.25,"Jun 2020",1841,2,81
729660,"Blackout Z: Slaughterhouse Edition","",,"₹ 52",79.25,"Oct 2017",1048,2,260
453690,"Dark Quest 2","",,"₹ 450",79.24,"Mar 2018",5328,1,54
1256230,"Hyperbolica","",,"₹ 610",79.24,"Mar 2022",9129,0,591
4060280,"Snow Resort Simulator: Prologue","Demo",,"Free",79.23,"Oct 2025",0,2,21
1582950,"Cinemoji","",,"₹ 54",79.23,"Apr 2021",51,0,49
4144070,"Carmencarmen","",,"Free",79.23,"Feb 2026",80,0,4
2093280,"Lords of Ravage - Chapter 1","",,"—",79.23,"Sep 2022",379,0,22
3618700,"Cats Visiting Historical Times","",,"₹ 155",79.23,"Jun 2025",71,0,7
1283000,"Hi-Score Boi","",,"₹ 85",79.23,"Jul 2020",55,0,4
1070250,"NOTES","",,"₹ 105",79.23,"Jul 2019",102,0,3
682230,"Sidewords","",,"₹ 259",79.23,"Sep 2017",160,1,33
1869870,"Cartomancy Anthology","",,"₹ 569",79.23,"Aug 2022",293,0,13
3012630,"硅心_Silicon Heart——AI少女情人梦 _AI Girl Lovestory","",,"₹ 200",79.23,"Sep 2024",359,0,55
1455900,"Plunder Panic","",,"₹ 298",79.23,"Sep 2022",1301,2,678
632000,"CrossCells","",,"₹ 155",79.23,"May 2017",537,3,113
492410,"Rogues Like Us","",,"₹ 300",79.22,"May 2018",809,0,305
3746980,"a pig game: A Pee Wee Premiere","",,"Free",79.22,"Jul 2025",156,0,8
3115500,"Dream Rhythm","",,"₹ 200",79.22,"Oct 2024",603,0,24
596630,"Ricochet Kills: Noir","",,"₹ 125",79.22,"Mar 2017",286,0,11
3562540,"Forgetmenots","",,"Free",79.22,"Apr 2025",111,0,4
2572560,"Messy Up","",,"₹ 374",79.22,"Jun 2024",1844,6,107
2513440,"eWorlds: A 3D Platformer Adventure","",,"₹ 209",79.22,"Oct 2024",1375,3,695
676770,"Island Dash","",,"Free",79.22,"Aug 2017",712,0,43
363930,"Dead Age","",,"₹ 690",79.22,"Jul 2016",22650,5,888
4250290,"Potion Knight","",,"Free",79.21,"Jan 2026",326,0,9
3843360,"Heroes of Magic & Cards","",,"₹ 610",79.21,"Mar 2026",685,2,100
2655220,"Blast Course","",,"Free",79.21,"Sep 2024",138,0,7
718730,"One Strike","",,"₹ 199",79.21,"Nov 2017",433,0,6
769560,"月圆之夜 (Night of Full Moon)","",,"Free",79.21,"Jul 2019",22626,466,2310
677280,"Sigi - A Fart for Melusina","",,"₹ 449",79.20,"Dec 2017",461,0,7
3588630,"PC Building Empire","",,"₹ 570",79.19,"Jul 2025",618,0,138
1176020,"Rampage Miami","",-26%,"₹ 78",79.19,"Dec 2019",450,0,7
3186120,"NIDANA","",,"₹ 480",79.18,"Jul 2025",1588,1,32
1433950,"Duck Life: Retro Pack","",,"₹ 309",79.18,"May 2015",238,0,11
301200,"Frederic: Evil Strikes Back","",,"₹ 299",79.18,"May 2014",902,1,2882
1993150,"轮回修仙路","",,"₹ 770",79.18,"Jun 2023",14259,88,1851
521630,"Toadled Classic","",,"₹ 200",79.17,"Sep 2016",666,0,1973
411880,"Once'","",,"₹ 125",79.16,"Jan 2019",342,0,6
2746030,"Deep Among the Swarm","",-30%,"₹ 315",79.15,"Sep 2024",725,3,101
2016460,"Tales of the Shire: A The Lord of The Rings™ Game","",,"₹ 1479",79.15,"Jul 2025",44085,35,6723
1834580,"From Heaven To Earth","",,"₹ 349",79.14,"Feb 2022",107,0,7
1714050,"SOKOBOT","",,"₹ 439",79.14,"Mar 2022",430,0,11
2732240,"神魔决之九黎剑EA","",,"Free",79.14,"Jan 2024",108,1,27
1004510,"DownStream: VR Whitewater Kayaking","",,"₹ 519",79.14,"Aug 2019",318,0,5
4237760,"Mutter Demo","Demo",,"Free",79.14,"Dec 2025",0,3,7
1835580,"SEARCH ALL - SEASHELLS","",,"₹ 155",79.14,"Dec 2021",58,0,3
1270390,"The Golem","",,"₹ 349",79.14,"Sep 2020",162,1,7
1033140,"Church Era","",,"₹ 479",79.14,"May 2019",771,0,17
1534180,"Super Woden GP","",,"₹ 419",79.14,"Sep 2021",1849,0,49
602770,"Clatter","",,"Free",79.14,"Dec 2018",2604,7,519
717640,"Reigns: Her Majesty","",,"₹ 155",79.14,"Dec 2017",6664,3,292
2826800,"Amanda the Adventurer 2","",,"₹ 480",79.14,"Oct 2024",4959,7,1074
1524350,"ReversEstory","",,"₹ 250",79.13,"Jun 2021",364,1,10
4097070,"Wielders of the Essence Demo","Demo",,"Free",79.13,"Feb 2026",0,2,352
2343920,"Trackline Express","",,"₹ 690",79.12,"Apr 2024",2507,0,87
914010,"Train Station Renovation","",-80%,"₹ 170",79.12,"Oct 2020",11172,14,1921
1158980,"Idle Big Devil","",,"—",79.12,"Nov 2021",3358,0,2137
3446990,"FUBUKI ～zero in on Holoearth～ HOLOLIVE ALTERNATIVE","",,"₹ 650",79.11,"Apr 2025",3656,1,514
346970,"OBEY","",,"₹ 299",79.11,"May 2020",3902,0,106
2947280,"Solateria","",,"₹ 880",79.11,"Mar 2026",3491,26,431
318970,"StarCrawlers","",,"₹ 565",79.11,"May 2017",11877,0,465
1385380,"Across the Obelisk","",,"₹ 999",79.11,"Apr 2021",33909,305,14037
1320030,"Oneteam Soccer","",,"Free",79.10,"Jul 2020",51,0,26
688770,"TETRUX: Online","",,"₹ 125",79.10,"Jan 2019",258,0,14
1039830,"彼岸画廊/Nether Gallery","",,"₹ 259",79.10,"Apr 2019",1182,0,164
1529220,"Block'Em!","",,"₹ 349",79.09,"Sep 2022",1076,0,152
2715700,"Teeny Tiny Town","",-50%,"₹ 172",79.08,"Jul 2024",376,1,22
4064480,"The Stalked 3 Demo","Demo",,"Free",79.08,"Oct 2025",0,0,11
1966440,"School Sweets Discovery ～granulated sugar edition～","",,"Free",79.08,"May 2022",168,0,4
526800,"Cubotrox","",,"₹ 219",79.08,"Nov 2016",296,0,6
3120250,"Lost Diskettes Vol.1","",,"₹ 155",79.08,"Oct 2024",176,0,7
1249420,"Steampunk Genius","",,"Free",79.08,"Feb 2020",291,0,15
2244520,"Hoop Fighters: Party Basketball","",,"₹ 200",79.08,"Aug 2025",614,0,19
286660,"Avoid - Sensory Overload","",,"₹ 259",79.08,"Apr 2014",318,0,525
1416960,"Everafter Falls","",-35%,"₹ 344",79.08,"Jun 2024",7957,62,296
2158500,"Monster Girl2","",,"Free",79.08,"Jan 2023",9955,5,499
496250,"Paddle Up","",,"₹ 369",79.07,"Aug 2016",589,0,45
444000,"Super Night Riders","",,"₹ 250",79.07,"Feb 2016",1234,0,7
1785300,"Saint Maker - Horror Visual Novel","",-75%,"₹ 157",79.07,"Feb 2023",1065,0,40
1247110,"Chasing Light","",,"₹ 770",79.07,"May 2020",413,0,16
3458620,"轮回修仙传","",,"₹ 300",79.07,"Nov 2025",4272,65,5434
3757820,"9 Souls","",,"₹ 155",79.06,"Oct 2025",106,1,16
2173650,"Aery VR - A Journey Beyond Time","",,"₹ 349",79.06,"Mar 2023",97,0,4
1613050,"Flex hooks","",,"₹ 52",79.06,"May 2021",86,0,3
2590810,"Vox Populi: Poland 2023","",-65%,"₹ 87",79.06,"Oct 2023",460,0,25
862160,"Comet Crasher","",,"Free",79.06,"Feb 2019",223,0,16
701860,"The Witch's Isle","",,"₹ 169",79.06,"Sep 2017",713,0,15
964990,"Storm Boy","",,"₹ 219",79.06,"Nov 2018",620,0,6
1155590,"Warplanes: WW1 Sky Aces","",,"Free",79.06,"Sep 2019",2568,2,138
4627950,"ORE x TRACTOR Demo","Demo",,"Free",79.05,"May 2026",0,0,15
4511400,"More fish - Idle Clicker Demo","Demo",,"Free",79.05,"Mar 2026",0,0,9
4014280,"100 Underworld Cats","",,"₹ 105",79.05,"Mar 2026",759,0,4
3801440,"Book of Fei Demo","Demo",,"Free",79.05,"Jul 2025",0,1,34
3292760,"The Lone Sword","",,"₹ 449",79.05,"Apr 2026",572,0,3
3042710,"Rodeo Clown","",,"₹ 345",79.05,"Aug 2024",42,0,2
2948220,"MemoryMaze","",,"₹ 250",79.05,"Dec 2025",90,0,4
3114360,"ViruStream","",,"₹ 155",79.05,"Aug 2024",20,0,2
3909860,"夏まつり","",,"₹ 200",79.05,"Aug 2025",45,0,10
3427390,"Sister's Curriculum After Story","",,"₹ 345",79.05,"Jan 2025",44,0,5
3238310,"Try 2 Sleep","",,"₹ 155",79.05,"Nov 2025",94,0,7
2323670,"Jigsaw Puzzle Delicious Foods","",-50%,"₹ 27",79.05,"Mar 2023",50,0,5
1703210,"Box to the Box","",,"₹ 155",79.05,"May 2022",57,0,5
1623960,"Loot Slider","",,"₹ 299",79.05,"Jun 2021",34,0,6
1052080,"Resistance is Fruitile","",,"₹ 242",79.05,"Jul 2019",76,0,4
745430,"Neon Aileron","",,"₹ 200",79.05,"Jan 2020",44,0,3
1835490,"SLAYER - Survive & Thrive","",,"₹ 125",79.05,"Jun 2022",105,0,10
3843750,"Go Groundshel! Demo","Demo",,"Free",79.05,"Mar 2026",0,0,3
4514130,"Barely Breathing Demo","Demo",,"Free",79.05,"Apr 2026",0,2,10
3727150,"Fisher Man","",,"Free",79.05,"May 2025",66,0,4
3597820,"Chumps Chained Demo","Demo",,"Free",79.05,"Feb 2026",0,0,5
3013280,"Table Top Creature Tracker","Application",,"₹ 250",79.05,"May 2025",100,0,4
2696390,"Guns And Draguns","",,"₹ 610",79.05,"Sep 2024",191,0,10
1742010,"Ghosted: The Puzzle Master","",,"₹ 480",79.05,"Feb 2023",52,0,4
4170050,"Hentai Clicker: Selena is streaming","",,"₹ 155",79.05,"Dec 2025",75,0,8
4106530,"PUNCH FOREVER","",,"Free",79.05,"Nov 2025",38,1,3
3903490,"Prune","",,"₹ 400",79.05,"Sep 2025",80,0,5
3871740,"Behind You","",,"Free",79.05,"Aug 2025",44,0,7
3285960,"The Victor Initiative","",-20%,"₹ 488",79.05,"Jun 2026",305,0,4
3213880,"VETITUM_VRC: DEMO EDITION? (Prologue)","Demo",,"Free",79.05,"Sep 2024",0,0,5
3014590,"Stickin' the Landing - Demo","Demo",,"Free",79.05,"May 2024",0,0,7
2511550,"Voice Quest","",,"₹ 400",79.05,"Dec 2024",57,0,2
2018310,"Dark Old Sun II: Unspace","",,"₹ 690",79.05,"Jul 2024",75,0,2
2534620,"Side by Size","",,"₹ 250",79.05,"Sep 2023",85,0,3
1597600,"InkBrush: The Demon Wars","",,"₹ 450",79.05,"Jul 2025",36,0,5
4004840,"Meowniverse Demo","Demo",,"Free",79.05,"Sep 2025",0,1,26
3387660,"Codebound","",,"₹ 105",79.05,"Mar 2025",46,0,5
2667480,"Wolf Sheep Cabbage","",,"₹ 105",79.05,"Nov 2023",38,0,3
2607760,"Hide for Cat - all for the best -","",,"₹ 345",79.05,"Mar 2024",31,0,4
4657950,"Next Girl, Please 🎬 Demo","Demo",,"Free",79.05,"May 2026",0,0,258
4342080,"101 Cats in Vancouver","",-76%,"₹ 37",79.05,"Feb 2026",34,0,5
4342070,"101 Dogs Hidden in Madrid","",,"₹ 105",79.05,"Feb 2026",27,0,3
4270940,"Payroll","",,"₹ 610",79.05,"Mar 2026",112,0,9
4095710,"Punch, Rest, Repeat","",,"₹ 200",79.05,"Dec 2025",54,1,9
3739310,"Cat Squeeze Demo","Demo",,"Free",79.05,"Feb 2026",0,1,18
3634770,"Elf World Adventure 6","",,"₹ 105",79.05,"May 2025",221,0,4
3419800,"The Little Pixel That Could","",,"₹ 250",79.05,"Jun 2025",41,0,3
3357630,"FINALLOOP","",,"₹ 359",79.05,"May 2026",19,0,2
3199190,"Magic Cats Pots","",,"₹ 480",79.05,"Oct 2024",74,0,4
2944940,"Snail's Knock Out!","",,"₹ 340",79.05,"Apr 2026",98,0,4
2827460,"GURAGURA ODEN","",,"₹ 105",79.05,"Feb 2024",145,0,86
2809090,"Sacrifice For Sale","",,"₹ 350",79.05,"May 2024",186,0,4
2357340,"Jake's Apple Harvest","",-66%,"₹ 36",79.05,"Sep 2023",25,0,3
2209380,"Chess Morph: The Queen's Wormholes","",,"₹ 105",79.05,"Mar 2023",61,0,2
1897000,"Pow! 2","",,"₹ 52",79.05,"Mar 2022",33,0,3
893710,"Mercenary Leto","",,"₹ 459",79.05,"Feb 2026",208,0,3
2924600,"TENNISTRONIC","",,"₹ 345",79.05,"Oct 2024",41,0,3
2771650,"Spheric Bombs","",,"₹ 155",79.05,"Feb 2024",44,0,5
1723570,"Quest of Wizard","",,"₹ 125",79.05,"Dec 2021",145,0,5
4301870,"Heretic Red Demo","Demo",,"Free",79.05,"Jan 2026",0,0,2
4666260,"No Wings Required Demo","Demo",,"Free",79.05,"May 2026",0,0,4
2892260,"MUKKE Demo","Demo",,"Free",79.05,"Mar 2024",0,0,10
2962220,"Little Fish Swims On","",,"₹ 105",79.05,"Jun 2024",50,0,11
4103660,"Gobotix: Duo","",,"Free",79.05,"Nov 2025",98,0,8
4342490,"Dark Cards of Candlewood Demo","Demo",,"Free",79.05,"Feb 2026",0,0,11
1975290,"Tomorrow for Mar","",,"₹ 155",79.05,"May 2022",83,0,2
1720800,"Nino Maze LOFI II","",,"₹ 42",79.05,"Oct 2021",40,0,5
1230010,"A.R.M.: Absolutely Reliable Machine","",,"₹ 259",79.05,"Dec 2020",103,0,4
1051990,"TARS","",,"₹ 52",79.05,"Aug 2020",50,0,3
879290,"MultiTaskMaster","",,"₹ 349",79.05,"Aug 2018",125,0,3
729980,"Happy Neighbors","",,"₹ 165",79.05,"Nov 2017",46,0,4
464950,"Sumer","",,"₹ 459",79.05,"Feb 2017",433,0,5
394950,"Mystery Castle","",,"₹ 369",79.05,"May 2016",161,0,7
3841430,"Chaos Constructors","",,"₹ 400",79.05,"Feb 2026",30,0,6
2849230,"Mask Around","",,"₹ 400",79.05,"Nov 2024",77,0,5
1576080,"SuperOffice","",,"₹ 480",79.05,"Sep 2024",94,0,10
3672440,"Mighty Arms","",,"₹ 250",79.05,"Aug 2025",28,0,2
2428990,"Brothers in Hell","",,"₹ 450",79.05,"Nov 2023",63,0,4
2027510,"Monster Crawl","",,"₹ 400",79.05,"May 2024",158,0,6
3111710,"Animal Farmland","",,"₹ 200",79.05,"Dec 2024",71,0,7
4224580,"Bag of Dreams Demo","Demo",,"Free",79.05,"Jan 2026",0,0,5
4133020,"Echoes From The Soul","",,"₹ 530",79.05,"Mar 2026",74,0,3
2990550,"Formula Racing Manager","",,"₹ 250",79.05,"Aug 2024",55,0,6
897900,"Typing Hero","",,"₹ 719",79.05,"Mar 2024",113,0,2
2926780,"Hijack Jump","",,"₹ 94",79.05,"Jan 2026",21,0,22
817820,"The ""Quiet, Please!"" Collection","",,"₹ 199",79.05,"Mar 2018",48,1,3
4096750,"Adventure Jampilation","",,"Free",79.05,"Mar 2026",49,0,5
715370,"Fidget Spinner Editor","",,"₹ 105",79.05,"Oct 2017",120,0,5
2481930,"Scamper","",,"₹ 480",79.05,"Jul 2023",471,0,9
1345370,"Promesa","",,"₹ 345",79.05,"Oct 2020",705,0,8
1815230,"Summum Aeterna","",,"₹ 880",79.05,"Sep 2023",2983,5,62
409450,"The Fall of the Dungeon Guardians - Enhanced Edition","",-70%,"₹ 169",79.05,"Nov 2015",7871,5,205
301190,"Frederic: Resurrection of Music","",,"₹ 125",79.05,"May 2014",822,0,2387
606800,"Startup Company","",,"₹ 610",79.05,"Apr 2020",49311,24,1984
3085010,"Emoji Shooter","",,"₹ 345",79.04,"Apr 2025",733,0,8
1995470,"Space Turbo 2","",-50%,"₹ 284",79.04,"May 2022",55,0,4
1018860,"Bombing Quest","",,"₹ 459",79.04,"Mar 2020",177,0,5
513910,"C.A.R.L.","",,"₹ 459",79.04,"Sep 2022",246,0,12
2730090,"Furballer","",,"Free",79.04,"Jan 2024",38,0,2
1679200,"BridgeFix 2=3-1","",,"₹ 125",79.04,"Jul 2021",62,1,7
1639250,"SokoMatch: Lizard Saga","",,"₹ 85",79.04,"Jun 2021",43,0,4
3070570,"The Paradixion: Christmas","",,"₹ 105",79.04,"Jul 2024",54,0,5
1672690,"Across the Galaxy: Stellar Dominator","",,"₹ 480",79.04,"Dec 2021",158,0,4
4291560,"ChessWalkers","",,"₹ 105",79.04,"Mar 2026",42,0,7
2874340,"Slime Clicker","",,"₹ 250",79.04,"Feb 2025",91,0,4
2451110,"End of Knights","",,"₹ 155",79.04,"Sep 2023",224,0,3
3433180,"Hentai Sally","",-50%,"₹ 26",79.04,"Jan 2025",113,0,4
3356350,"Moorhuhn 2","",-20%,"₹ 200",79.04,"Nov 2025",133,1,10
4001380,"Word Quest","",,"Free",79.04,"Oct 2025",71,0,6
3095570,"Hentai Tales: Paradise After Death","",,"₹ 52",79.04,"Sep 2024",180,0,4
1739200,"Combo Babies","",,"₹ 349",79.04,"Sep 2021",124,0,14
667780,"Rosebaker's Icy Treats - The VR Iceman Sim","",,"₹ 219",79.04,"Feb 2018",71,0,3
468110,"Rescuties! VR","",,"₹ 259",79.04,"Oct 2016",198,0,5
953950,"Kubble","",,"₹ 42",79.04,"Nov 2018",64,0,7
941540,"Candice DeBébé's Scandalous Secrets","",,"₹ 250",79.04,"Nov 2018",85,0,6
526890,"A Day in the Woods","",,"₹ 259",79.04,"Sep 2011",278,0,12
454240,"A Tofu Tail","",,"Free",79.04,"Dec 2019",112,0,5
2594740,"Crystal Fortress","",,"₹ 250",79.04,"Apr 2025",144,0,7
3160710,"Loot Stack - Relics Hunter","",,"₹ 155",79.04,"Oct 2024",78,0,4
4061810,"A Game About Penguins (Demo)","Demo",,"Free",79.04,"Feb 2026",0,0,19
2896440,"LAZERZ","",,"Free",79.04,"Apr 2024",147,0,12
2578360,"Kinky Fight Club 2","",,"₹ 880",79.04,"Jun 2025",1338,1,49
1573860,"Back Then","",,"₹ 550",79.04,"Dec 2023",346,0,4
590840,"Attack of the Giant Mutant Lizard","",,"₹ 85",79.04,"Jun 2020",131,1,7
3703870,"Blessing Part I","",,"₹ 105",79.04,"May 2025",133,0,6
3454210,"101 Cats in Vienna","",-50%,"₹ 26",79.04,"Jan 2025",46,0,4
2482270,"Stilt","",,"₹ 880",79.04,"Mar 2024",149,0,8
464400,"Bounce","",,"₹ 479",79.04,"Nov 2016",285,0,7
1499180,"Don't Get Bit","",,"₹ 155",79.04,"Jan 2021",297,0,3
1274980,"Rogue Party 2","",,"₹ 125",79.04,"Jun 2020",91,0,7
1724980,"The Lone Blade","",-85%,"₹ 72",79.04,"May 2023",197,0,6
1315100,"Jumping Jax","",,"Free",79.04,"Dec 2020",124,0,8
581760,"True or False 2","",,"₹ 129",79.04,"Jan 2017",492,0,42
503770,"Elven Assassin","",,"₹ 529",79.04,"Sep 2022",3496,19,426
263740,"FootLOL: Epic Soccer League","",,"₹ 480",79.03,"Aug 2013",4978,0,1310
1064150,"Late City Riders","",,"Free",79.01,"May 2019",250,0,13
584990,"The Long Reach","",,"₹ 479",79.01,"Mar 2018",3021,0,30
1812280,"Cave Story's Secret Santa","",,"Free",79.01,"Dec 2021",2257,0,581
613390,"DUNGEONS OF CHAOS","",,"₹ 359",79.00,"Sep 2017",1198,0,66
562230,"Space Tyrant","",,"₹ 565",79.00,"Feb 2018",3920,0,232
567280,"Cube Runner","",,"₹ 1600",79.00,"Dec 2016",376,1,1871
2921690,"Saku the Covert Agent","",,"₹ 345",78.99,"May 2025",597,0,13
622950,"Ball laB II","",,"₹ 155",78.99,"Mar 2023",51,0,100
928000,"Solace State: Emotional Cyberpunk Stories","",,"₹ 880",78.99,"Sep 2023",2118,0,10
3980760,"CD-ROM Demo","Demo",,"Free",78.99,"Oct 2025",0,0,22
4571440,"Tokatonton: One-Armed Blacksmith Demo","Demo",,"Free",78.99,"Apr 2026",0,1,35
3414930,"Hentai Tales: Taboo Sisters","",,"₹ 52",78.99,"Jan 2025",221,0,6
3336440,"Millivolt","",,"Free",78.99,"Dec 2024",118,0,8
1434890,"Portable Farm","",,"Free",78.99,"Nov 2020",162,0,5
959050,"Bound Up & Squirming!","",,"₹ 250",78.99,"Apr 2019",186,0,11
473780,"Splitter Critters","",,"—",78.99,"May 2018",180,0,6
1440090,"Viewergames Racing","",,"—",78.99,"Nov 2020",135,0,12
1652670,"Street Shuffle","",,"₹ 349",78.99,"Mar 2024",241,0,4
1050880,"Wavey The Rocket","",,"₹ 379",78.99,"May 2020",169,0,13
3808900,"PALS","",,"Free",78.99,"Mar 2026",105,4,25
3949740,"(BURIED TAPES) The Cleaner","",,"Free",78.99,"Sep 2025",105,0,6
2863090,"No.9","",,"₹ 105",78.99,"May 2024",110,0,8
1221800,"Anime Artist 2: Lovely Danya","",-50%,"₹ 52",78.99,"Feb 2020",762,25,108
1108350,"Boet Fighter","",,"₹ 459",78.99,"Oct 2019",953,0,52
689400,"Madu Maths","",,"Free",78.99,"Sep 2017",238,0,20
614950,"Shootout on Cash Island","",,"₹ 105",78.99,"Jan 2018",717,0,369
2593900,"[Chilla's Art] The Kidnap | 誘拐事件","",,"₹ 480",78.99,"Nov 2023",2693,3,570
1341330,"Gatewalkers (Alpha)","",,"Free",78.99,"Jun 2020",8911,0,254
979080,"Rebel Forces","",,"Free",78.98,"Dec 2018",1323,2,212
1977030,"Abort, Retry, Fail","",,"Free",78.97,"May 2022",134,0,5
717980,"伏雨录：少年篇","",,"₹ 259",78.97,"May 2018",600,0,8
1720160,"旅者 Travelers","",,"₹ 125",78.97,"Dec 2021",442,0,300
1058770,"我来自江湖 From Jianghu","",,"₹ 349",78.97,"Jul 2020",9576,28,1965
1461100,"International Basketball Manager 22","",,"₹ 480",78.96,"Dec 2021",1420,0,269
621810,"Strain Tactics","",,"₹ 459",78.96,"May 2017",3309,0,28
2461800,"Наружу","",,"—",78.96,"Sep 2023",340,0,73
2480000,"Nightshift Survival","",,"₹ 155",78.95,"Aug 2023",205,0,6
1717400,"Bulb Boy 2: Jar of Despair","",,"₹ 459",78.95,"Oct 2025",611,0,14
2848750,"Things Too Ugly","",,"₹ 400",78.95,"Jan 2025",522,0,12
604000,"Like Clay","",,"₹ 58",78.95,"Mar 2017",274,0,139
3610940,"Gunbot Diplomacy: Blast Off","",,"Free",78.95,"Apr 2025",371,1,613
2920510,"Werewolf Party","",,"₹ 399",78.95,"Jul 2025",698,0,149
905660,"纸境英雄 Papercraft","",,"₹ 499",78.95,"Apr 2019",6229,0,210
414720,"Astrox: Hostile Space Excavation","",,"₹ 349",78.95,"Dec 2015",9132,2,138
1983970,"Affogato","",,"₹ 770",78.95,"Aug 2023",10050,5,835
364830,"BLEAK: Welcome to Glimmer","",,"Free",78.94,"Apr 2016",250,0,50
1383640,"Attack at Dawn: North Africa","",,"₹ 1300",78.94,"Jun 2022",1747,0,26
2074910,"Photogenic Minds : Identity","",,"₹ 529",78.94,"Sep 2022",352,3,53
1021850,"Blood Memery|血色记忆","",,"₹ 155",78.94,"Feb 2019",415,0,8
504920,"39 Days to Mars","",,"₹ 880",78.94,"Apr 2018",4505,0,16
1093720,"SlipSlop: World's Hardest Platformer Game","",,"Free",78.94,"Jun 2019",424,0,114
3770800,"Black Gold: Oil Drilling Simulator Demo","Demo",,"Free",78.93,"Jun 2025",0,0,115
886110,"RKN Block Me: Telegram","",,"₹ 250",78.92,"Feb 2019",845,0,7
749960,"Townsmen VR","",,"₹ 1790",78.92,"Mar 2022",5361,1,51
580200,"Yonder: The Cloud Catcher Chronicles","",,"₹ 619",78.92,"Jul 2017",63654,1,1305
1772180,"Eat Colors","",,"Free",78.91,"Jun 2022",108,0,4
3027970,"Neon Phonk Robots","",,"₹ 300",78.91,"Jul 2024",111,0,8
3668950,"Star Soraight Fantasy: Magic to reach the sky","",,"₹ 450",78.91,"May 2025",930,1,198
3215290,"Alien Market Simulator","",-20%,"₹ 488",78.91,"May 2026",1150,15,90
810500,"PowerBeatsVR - VR Fitness","",,"₹ 529",78.91,"Nov 2020",3142,1,35
2567170,"You're Not Family","",,"Free",78.90,"Sep 2023",96,0,3
3688970,"Woolly","",,"₹ 320",78.90,"Nov 2025",169,4,29
2335220,"Dolls","",,"₹ 249",78.90,"Dec 2023",330,0,9
1305350,"C-4","",,"₹ 52",78.90,"Aug 2021",2496,0,5
414120,"Modbox","",,"₹ 690",78.90,"Apr 2016",4124,0,30
2190220,"Touhou Danmaku Kagura Phantasia Lost","",,"₹ 880",78.90,"Feb 2024",16636,93,4179
354650,"MISSING: An Interactive Thriller - Episode One","",,"—",78.89,"May 2015",2616,0,24
1501690,"Dice Kingdoms","",,"₹ 690",78.89,"Apr 2024",5477,1,254
831720,"EMMA The Story","",-26%,"₹ 31",78.88,"May 2018",250,0,3
1912750,"Terra Memoria","",-75%,"₹ 372",78.88,"Mar 2024",7408,12,96
539270,"Mahjong","",,"₹ 599",78.88,"Feb 2017",615,23,217
595440,"CPU Invaders","",,"₹ 1300",78.88,"Feb 2017",580,0,2489
2700230,"ISOLAND4: The Anchor of Memory","",,"₹ 155",78.87,"Jan 2024",584,1,80
409100,"The Purring Quest","",-90%,"₹ 48",78.87,"Nov 2015",3702,0,90
1420770,"Winter Resort Simulator 2","",,"₹ 1100",78.87,"Nov 2020",5266,17,839
3253150,"Diner Bros 2","",,"₹ 690",78.86,"Jul 2025",759,23,119
1257430,"My Harem","",,"₹ 52",78.86,"Mar 2020",533,0,977
809730,"FISHERY","",-40%,"₹ 549",78.86,"Sep 2019",2977,0,25
2206240,"Footgun: Underground","",,"₹ 690",78.85,"Apr 2024",1062,1,85
595730,"Ascendant Hearts","",,"₹ 349",78.85,"Jan 2018",3365,0,70
999830,"Becalm","",,"Free",78.85,"Jan 2019",1712,1,16
2677310,"GRIDROAD","",,"₹ 480",78.85,"Dec 2024",2107,5,244
3194550,"Bao Bao's™ Cozy Laundromat","",,"₹ 200",78.85,"Mar 2025",1500,10,359
252310,"Syder Arcade","",,"₹ 288",78.85,"Oct 2013",1817,0,223
2056490,"Forrader Hero","",-50%,"₹ 100",78.84,"Jan 2023",483,0,28
1151060,"Before Arriving at the Terminal","",,"Free",78.84,"Aug 2019",199,0,10
3823370,"Beyond Words","",,"₹ 1119",78.84,"Apr 2026",716,4,95
1412580,"Sword of Destiny","",,"₹ 52",78.84,"Nov 2020",241,0,14
2051420,"Beltex","",,"₹ 199",78.84,"Jul 2022",839,1,74
1367530,"Rekt: Crash Test","",,"Free",78.84,"Dec 2020",1385,1,92
339120,"Fork Parker's Holiday Profit Hike","",,"Free",78.84,"Dec 2014",1806,0,2491
1072120,"Hentai Pussy 2","",,"₹ 52",78.84,"May 2019",706,1,4997
868500,"Qybe","",,"Free",78.83,"Oct 2018",67,0,5
361100,"Dual Souls: The Last Bearer","",,"₹ 450",78.83,"Oct 2021",513,0,8
3887410,"Summit Drive a game by Luke Kim Demo","Demo",,"Free",78.83,"Jul 2025",0,0,7
3854120,"Fawn The Florist","",,"Free",78.83,"Nov 2025",100,0,10
2661520,"There's No Easter Eggs","",,"₹ 200",78.83,"Mar 2024",81,0,6
1153980,"Darkness Maze Cube - Hardcore Puzzle Game","",,"₹ 155",78.83,"Jan 2020",147,0,6
744650,"Order Of The Gatekeepers","",,"₹ 480",78.83,"Feb 2020",349,0,11
2891460,"DIG VR","",,"₹ 880",78.83,"Apr 2025",272,0,6
1075200,"TOHU","",,"₹ 459",78.83,"Jan 2021",2966,3,60
1107320,"OUTBRK","",,"₹ 1500",78.83,"Jun 2024",20288,44,590
437550,"Melon Simulator™","",,"₹ 250",78.82,"Jan 2017",485,0,15
1717570,"Pompom","",-25%,"₹ 344",78.82,"Mar 2022",839,0,23
656570,"In the Raven Shadow","",-75%,"₹ 50",78.82,"Jul 2017",428,1,52
350970,"Planet of the Eyes","",,"₹ 480",78.82,"Aug 2015",909,0,120
1057640,"Onirism","",,"₹ 499",78.82,"Oct 2025",8825,15,228
1955390,"Playable Mockup","",,"₹ 345",78.80,"May 2022",452,0,50
1170340,"Hentai Jigsaw Puzzle 2","",,"₹ 155",78.80,"Nov 2019",405,0,24
1125480,"School Years","",,"₹ 399",78.80,"Oct 2019",3738,1,813
1117880,"Biolab Wars","",,"₹ 250",78.79,"Aug 2019",409,0,4
2736480,"Hidden Cats in Berlin","",,"₹ 200",78.79,"Mar 2024",243,1,25
2070880,"Creative Console","",,"₹ 250",78.78,"Jan 2023",445,0,24
1859370,"Dream House Days DX","",-48%,"₹ 171",78.78,"Mar 2022",1847,24,87
209060,"Drunken Robot Pornography","",,"₹ 479",78.78,"Feb 2014",4336,0,86
3367590,"Hidden Tomatoes","",,"Free",78.77,"Dec 2024",115,0,7
1961300,"Is Simon There?","",,"₹ 250",78.77,"May 2022",593,0,16
621930,"Attack of the Earthlings","",,"₹ 399",78.77,"Feb 2018",7158,1,95
1716310,"AWAKEN - Astral Blade","",-50%,"₹ 550",78.77,"Oct 2024",10273,13,523
333250,"Forward to the Sky","",,"₹ 349",78.77,"Jan 2015",12143,1,7227
925900,"Monica e a Guarda dos Coelhos","",,"₹ 459",78.76,"Dec 2018",417,0,9
2335690,"The House of E.","",,"Free",78.76,"Mar 2023",119,0,5
3775160,"Hobby Horse: First Ride","",,"Free",78.76,"Feb 2026",233,0,45
495030,"VR Battle Grid","",,"Free",78.76,"Nov 2016",325,1,65
620410,"Exit: A Biodelic Adventure","",,"₹ 459",78.76,"Mar 2024",491,0,8
2738220,"Dino Path Trail Demo","Demo",,"Free",78.76,"Feb 2025",0,0,334
2063310,"Joe Wander and the Enigmatic Adventures","",,"₹ 1300",78.76,"Feb 2023",560,0,12
1664670,"Refactor","",,"₹ 250",78.76,"Mar 2022",1935,1,403
1647310,"Trench Lord: Eastern Front","",,"₹ 570",78.76,"Apr 2026",5413,44,550
1126290,"Lost","",,"₹ 155",78.76,"Oct 2019",39908,2,1074
4628840,"Soulsworn Demo","Demo",,"Free",78.75,"Apr 2026",0,0,9
3495020,"100 Africa Cats","",,"₹ 105",78.75,"Oct 2025",761,0,5
3192950,"The Pane Puzzle","",,"₹ 155",78.75,"Oct 2024",81,0,9
2763420,"Pangolin Cassowary","",,"₹ 530",78.75,"Feb 2024",142,0,5
2071240,"The Wire Man","",,"₹ 42",78.75,"Jul 2022",62,0,7
2061630,"(square)","",,"Free",78.75,"Aug 2022",36,0,4
3254900,"Fairy Rescue","",,"₹ 345",78.75,"Feb 2026",282,0,8
3851650,"The Darkest Dusk","",,"Free",78.75,"Jul 2025",80,0,4
2128050,"Refund Me If You Can : Lexy's Story","",,"₹ 200",78.75,"Feb 2023",73,0,4
4175920,"Frontier: Path of Shadows Demo","Demo",,"Free",78.75,"May 2026",0,1,563
3430780,"Escape the Tower","",,"₹ 155",78.75,"Feb 2025",94,0,9
3204960,"Bullet Noir","",,"₹ 570",78.75,"Sep 2025",513,0,8
2809460,"Terminal ESC","",,"₹ 155",78.75,"Aug 2024",81,0,8
2143620,"流離之歌","",,"Free",78.75,"Nov 2022",82,0,4
1559650,"許願ReadyGo!","",,"₹ 345",78.75,"Feb 2025",97,0,6
4235390,"Midnight Ramen Shop","",,"₹ 415",78.75,"May 2026",172,2,14
3512410,"Hentai Natsuki","",-50%,"₹ 26",78.75,"Mar 2025",95,0,5
2407200,"OVERWHELMED","",-55%,"₹ 112",78.75,"Jun 2023",129,0,3
1898560,"Pillars of Light","",,"₹ 450",78.75,"Sep 2022",102,0,4
4555180,"Chyma and the Toll of Time","",,"Free",78.75,"Apr 2026",114,0,7
4258550,"AMEN 11 11","",-33%,"₹ 207",78.75,"Feb 2026",61,0,5
4169210,"101 Dogs Hidden in Brazil","",,"₹ 52",78.75,"Dec 2025",28,0,3
2547030,"Catch Up","",,"₹ 155",78.75,"Sep 2023",76,0,5
2234470,"Football Streaker Simulator","",,"₹ 320",78.75,"Aug 2023",141,0,10
3416370,"Hope's Farm 2","",,"₹ 570",78.75,"Mar 2025",85,2,11
1939770,"Bash The Party","",,"Free",78.75,"Jul 2022",71,0,2
4555930,"Ember Express Demo","Demo",,"Free",78.75,"May 2026",0,0,6
2114330,"Honeymancer","",,"₹ 400",78.75,"Mar 2025",1350,0,9
3277350,"光域","",,"₹ 155",78.75,"May 2025",61,0,15
2083670,"Cats Yakuza - Online card game","",,"₹ 199",78.75,"Jul 2022",144,1,7
892470,"BVRGER VAN","",,"Free",78.75,"Jul 2018",70,0,3
555600,"Hopalong: The Badlands","",,"₹ 480",78.75,"Nov 2017",309,0,4
1065110,"Homeward Duck","",,"Free",78.75,"May 2019",114,0,11
2366230,"Hentai Pink","",,"₹ 52",78.75,"Apr 2023",101,0,3
1410620,"Minimum Wage: Influence The Election","",,"Free",78.75,"Sep 2020",74,0,3
837280,"Lost Borderline","",,"Free",78.75,"May 2018",62,0,4
1775300,"News Reacts","",,"₹ 250",78.75,"May 2022",98,0,5
3152370,"Hide and Seek with Noah","",,"Free",78.75,"Sep 2024",51,0,6
1229260,"Monster Girls and the Mysterious Adventure","",,"₹ 519",78.75,"Jan 2020",1635,1,136
2775180,"101 Cats","",,"₹ 52",78.75,"Jan 2024",138,0,5
2373850,"Bullet Hell Monday: Black","",,"₹ 450",78.74,"Apr 2023",134,0,11
1597960,"Ninja Brigade feat. Jonah Weingarten","",,"₹ 610",78.74,"Apr 2025",308,0,11
515010,"A Duel Hand Disaster: Trackher","",,"₹ 349",78.74,"Oct 2024",297,0,6
3500660,"Shifter","",,"Free",78.74,"Feb 2025",58,0,8
3924300,"Find Kitties: Zombie Hunter","",,"₹ 99",78.74,"Aug 2025",35,0,3
3338820,"My Joyful Aquarium","",,"₹ 345",78.74,"Sep 2025",99,2,11
1429480,"HoneyLand","",,"₹ 480",78.74,"Oct 2020",85,0,12
1564150,"Lost in Blindness","",,"₹ 250",78.74,"May 2021",315,0,12
3634010,"Islantiles","",,"₹ 690",78.74,"May 2026",1101,2,88
2357950,"Q2 HUMANITY","",,"₹ 450",78.74,"Dec 2024",479,5,227
2564940,"sun-rise.exe","",,"Free",78.74,"Sep 2023",94,0,6
2022470,"Mythargia","",,"₹ 300",78.74,"Feb 2023",707,0,7
3376520,"1+1=？","",,"₹ 52",78.74,"Mar 2025",134,0,9
2258580,"Hentai Gyaru","",,"₹ 52",78.74,"Jan 2023",289,0,5
2281940,"The Mobius Machine","",-50%,"₹ 440",78.74,"Mar 2024",3441,6,98
1384630,"SWORD x HIME","",,"₹ 560",78.74,"Sep 2020",24252,1,442
1332860,"STAYHOMER","",,"₹ 125",78.73,"Jun 2020",281,0,4
3302080,"Effulgence RPG","",,"₹ 915",78.73,"Dec 2025",4732,0,26
2342240,"Hentai Journey","",,"₹ 52",78.73,"Mar 2023",181,0,7
1825440,"Cupid Story: First Date","",,"Free",78.73,"Jan 2022",210,0,8
1239490,"LOVE - A Puzzle Box Filled with Stories","",,"₹ 480",78.73,"Oct 2020",378,0,8
1325910,"Trainslation","",,"Free",78.73,"Apr 2021",160,1,5
2680330,"HunterX: code name T","",,"₹ 770",78.73,"Dec 2023",1059,1,47
2719190,"撩妹模拟器：渣男的秘密","",,"₹ 345",78.73,"May 2024",6912,1,82
1198730,"Hentai Police","",,"₹ 52",78.73,"Jan 2020",9539,0,2840
401120,"Anode","",,"₹ 200",78.72,"Oct 2015",323,0,246
753360,"VoiceActress","",,"₹ 110",78.72,"Nov 2017",2457,0,86
288060,"Whispering Willows","",-75%,"₹ 87",78.72,"Jul 2014",5965,0,2527
1368030,"ANNO: Mutationem","",,"₹ 969",78.72,"Mar 2022",61395,6,2938
1264880,"Watcher Chronicles","",,"₹ 529",78.71,"Jan 2022",1054,0,37
341170,"Adventures of Chris","",,"₹ 459",78.71,"Oct 2020",657,0,12
1149940,"Lock 'n Load Tactical Digital: Core Game","",,"₹ 199",78.71,"Apr 2020",3653,1,101
754050,"Bomb Bots Arena","",,"Free",78.71,"Jun 2020",1943,0,111
3363670,"Shard Squad Demo","Demo",,"Free",78.70,"Nov 2024",0,0,54
4183290,"Light Dude Demo","Demo",,"Free",78.69,"Mar 2026",0,1,6
2558440,"Block & Shot","",,"₹ 105",78.69,"Aug 2024",57,0,5
1513670,"Fono","",,"₹ 219",78.69,"Jan 2021",62,0,6
3946070,"Dunkadillo","",,"₹ 480",78.69,"Sep 2025",119,0,3
3383100,"Echoes of Myth","",,"₹ 599",78.69,"Mar 2026",353,0,7
2335550,"Delivery Impossible","",,"₹ 480",78.69,"Jan 2024",96,0,3
3018940,"Caution Ahead: Part 2","",,"₹ 209",78.69,"Jan 2026",53,0,4
2340320,"Kagami: An Odyssey in Japanese Language Learning","",,"₹ 480",78.69,"May 2024",191,0,4
1716950,"Gra&Vity","",,"₹ 155",78.69,"Oct 2021",54,0,4
1673230,"Angle Soccer","",,"₹ 155",78.69,"Jul 2021",39,0,3
2445490,"Majoneko","",,"₹ 250",78.69,"Jun 2023",36,0,5
2228900,"It Is A Good Knight To Die","",,"₹ 105",78.69,"Dec 2024",40,0,3
1768980,"Snowman Arena","",,"₹ 199",78.69,"Dec 2021",45,0,4
1592370,"Cinemoji: Oscar","",,"₹ 54",78.69,"Apr 2021",47,0,2
1491960,"Time Storm","",,"₹ 52",78.69,"Mar 2021",44,0,5
3751120,"Sulo the Sidekick Demo","Demo",,"Free",78.69,"May 2025",0,0,8
2932140,"茶言茶语","",,"₹ 105",78.69,"May 2024",53,0,5
1679910,"Blow & Fly","",,"₹ 105",78.69,"May 2022",39,0,2
4643350,"Nasal Nomad: Sniffer's Delight Demo","Demo",,"Free",78.69,"Apr 2026",0,0,6
4506560,"Beatrix Demo","Demo",,"Free",78.69,"Mar 2026",0,0,4
4008560,"Joey The Duck Demo","Demo",,"Free",78.69,"Sep 2025",0,0,3
2609390,"Temporis Arts","",,"₹ 155",78.69,"Oct 2023",30,0,9
1581720,"Operation Thunder","",,"₹ 250",78.69,"Sep 2021",64,0,3
3001570,"Wyrd Waters","",,"₹ 105",78.69,"Jun 2025",101,0,7
2588760,"Lost Recall","",,"₹ 155",78.69,"Oct 2023",58,0,4
1078610,"4 Classes, Many Paths","",,"₹ 499",78.69,"Feb 2026",191,0,3
2618050,"Marsh","",,"₹ 250",78.69,"Oct 2023",19,0,4
4199210,"Evocation Demo","Demo",,"Free",78.69,"Dec 2025",0,4,24
3504540,"Minuto - Galactic Deliveries","",,"₹ 250",78.69,"Apr 2025",34,0,3
3345810,"E9uations","",-10%,"₹ 647",78.69,"May 2026",63,8,19
3057640,"Cult Of Blood Demo","Demo",,"Free",78.69,"Sep 2024",0,0,7
2727040,"Blood Sins","",,"₹ 650",78.69,"Jun 2025",271,0,5
2587960,"Boing Odyssey","",,"₹ 250",78.69,"Feb 2024",50,0,3
4637320,"Fishing Fever Demo","Demo",,"Free",78.69,"May 2026",0,0,26
4613920,"The Ayna Demo","Demo",,"Free",78.69,"Jun 2026",0,0,2
4523070,"101 Dogs Hidden in Rome","",,"₹ 109",78.69,"Apr 2026",17,0,3
4287370,"WEAPON MASTER","",,"₹ 199",78.69,"Mar 2026",49,0,7
4200540,"Ser Jorryn","",,"₹ 109",78.69,"Mar 2026",38,0,2
4180170,"VÖLUND","",,"₹ 250",78.69,"Mar 2026",62,0,3
3944130,"Elf World Adventure 9: Summer Episode!","",,"₹ 155",78.69,"Sep 2025",194,0,3
3758560,"Abyssal Drift","",,"₹ 200",78.69,"Oct 2025",48,0,3
3611950,"Greatsword Point!","",,"Free",78.69,"May 2025",44,0,9
3565930,"The Sintonia Chronicles Demo","Demo",,"Free",78.69,"Mar 2025",0,0,4
3204270,"Seek Demo","Demo",,"Free",78.69,"Sep 2024",0,0,5
2957270,"Three Bulky Bears","",,"₹ 480",78.69,"Mar 2025",38,0,4
2923050,"Burden of Truth","",,"₹ 690",78.69,"Sep 2025",165,0,6
2834690,"2048 - Dungeons","",,"₹ 250",78.69,"Jun 2025",67,0,5
2677140,"Temple of Causality","",,"₹ 105",78.69,"Feb 2024",19,0,6
2655920,"Gravitorium","",,"₹ 200",78.69,"Aug 2024",117,0,3
2434290,"Box Dungeons","",,"₹ 109",78.69,"Apr 2026",130,0,3
2326260,"Island Hopper","",,"₹ 200",78.69,"Oct 2023",18,0,4
2238360,"You Have No Time","",,"₹ 200",78.69,"Nov 2023",43,0,6
1951660,"We See You","",,"₹ 345",78.69,"Aug 2022",62,0,3
4676090,"Lucky Shot Demo","Demo",,"Free",78.69,"May 2026",0,1,8
3997180,"Gion Corridor","",,"₹ 200",78.69,"Oct 2025",47,0,7
4739060,"Stick N' Sheep Demo","Demo",,"Free",78.69,"May 2026",0,0,11
4138940,"Zero One Protocol","",,"₹ 54",78.69,"Apr 2026",7,0,3
2875100,"Somnium Tenebris","",,"₹ 250",78.69,"Jul 2024",51,0,8
4403700,"Runix: Pinball Roguelike Demo","Demo",,"Free",78.69,"Feb 2026",0,1,13
784130,"Treasure Stack","",,"₹ 529",78.69,"Mar 2019",126,0,9
3037000,"Arthur Owl's Word Block","",,"Free",78.69,"Aug 2024",39,0,3
560600,"PlanTechtor","",,"₹ 155",78.69,"Feb 2019",79,0,11
1043140,"灵界  Sprites（测试版）","",,"₹ 425",78.69,"Apr 2018",95,0,8
3048770,"Desert Angels","",,"₹ 570",78.69,"Apr 2025",164,0,2
4113150,"Hentai World Town","",,"₹ 52",78.69,"Nov 2025",94,0,3
3028060,"Retro Horror Story","",,"₹ 155",78.69,"Oct 2024",109,0,4
2954300,"SEARCH ALL - VEGGIES","",,"₹ 105",78.69,"May 2024",24,0,3
1981460,"无名者 Demo","Demo",,"Free",78.69,"May 2022",0,0,8
1746700,"The Alchemist Shop: An Apprentice's Life","",,"₹ 155",78.69,"Aug 2022",72,0,4
1701830,"Tangent Rush","",,"₹ 165",78.69,"Sep 2021",48,0,3
1447600,"Pandemos","",,"₹ 42",78.69,"Dec 2020",53,0,3
1397540,"On Pixels: A lights out game","",,"₹ 85",78.69,"Sep 2020",39,0,3
1388010,"Easy puzzle: Animals 2","",,"₹ 200",78.69,"Aug 2020",25,0,2
1275190,"Inside The Mirror","",,"₹ 52",78.69,"Mar 2020",81,0,7
1273430,"iota","",,"₹ 199",78.69,"Sep 2020",69,0,2
1013190,"Retro Vision","",,"₹ 165",78.69,"Feb 2019",66,0,2
1884850,"Sad Ghouls","",,"₹ 199",78.69,"Dec 2023",19,0,4
4424100,"Together We Move","",-68%,"₹ 35",78.69,"Apr 2026",19,0,27
3812820,"Pixel Par","",,"₹ 105",78.69,"Jul 2025",28,0,4
4678410,"Factomancer Demo","Demo",,"Free",78.69,"May 2026",0,12,32
4353000,"The Darkside Detective: Backside of the Moon Demo","Demo",,"Free",78.69,"Mar 2026",0,0,39
1176060,"Wigged Out","",,"₹ 345",78.69,"Feb 2024",210,0,14
2613510,"Tether","",,"₹ 250",78.69,"Feb 2024",40,0,6
4592560,"Ratalorica","",,"₹ 250",78.69,"May 2026",24,5,19
681990,"Battle Squares","",,"₹ 319",78.69,"Aug 2018",107,0,7
3878530,"Work In Progress Demo","Demo",,"Free",78.69,"Jul 2025",0,0,8
265000,"FORCED SHOWDOWN","",,"₹ 565",78.69,"Mar 2016",15163,0,427
40400,"AI War: Fleet Command","",,"₹ 480",78.69,"Oct 2009",10985,6,5027
1750740,"战棋三国英雄","",,"₹ 499",78.68,"Sep 2023",776,1,47
3636060,"RogueDiceR","",,"₹ 690",78.68,"Jan 2026",2248,7,119
380150,"STASIS","",,"₹ 415",78.68,"Aug 2015",16178,3,284
314470,"Heroes of a Broken Land","",,"₹ 459",78.67,"Aug 2014",1255,0,142
474220,"Soldat 2","",,"₹ 400",78.67,"Sep 2020",5200,0,156
1043260,"Gladiator Guild Manager","",-67%,"₹ 227",78.67,"Jun 2024",23821,81,3335
208140,"ENDLESS Space™ - Definitive Edition","",-75%,"₹ 69",78.67,"Jul 2012",27322,43,41263
427730,"Who's Your Daddy?!","",,"₹ 285",78.67,"Dec 2015",95853,72,1209
809310,"Sipho","",,"₹ 810",78.66,"Sep 2023",4607,2,177
408650,"ChromaGun","",,"₹ 610",78.66,"Feb 2016",3193,0,36
831470,"One Dollar Simulator","",,"₹ 42",78.65,"Feb 2020",92,0,6
2069220,"Land of the Mage Lords","",,"Free",78.65,"Jan 2023",135,0,18
1631350,"Fight of Steel: Infinity Warrior","",,"₹ 419",78.65,"Jul 2022",1106,0,46
618360,"Aesthetic Melody","",,"₹ 155",78.65,"Apr 2017",198,0,104
1387480,"Farmer And Tree","",,"Free",78.65,"Oct 2020",478,0,18
510620,"THOTH","",,"₹ 250",78.65,"Oct 2016",750,1,306
4044510,"Breezy Bakes Simulator","",,"₹ 530",78.63,"Feb 2026",510,6,77
809540,"Mechs V Kaijus - Tower Defense","",,"₹ 419",78.63,"May 2018",4174,0,197
924750,"Harold Halibut","",,"₹ 1500",78.63,"Apr 2024",17535,4,259
3518690,"Cold Abyss Demo","Demo",,"Free",78.62,"Feb 2025",0,0,31
1019310,"VirtuaVerse","",,"₹ 499",78.62,"May 2020",9869,0,264
3932880,"Step Away","",,"Free",78.61,"Sep 2025",158,9,37
1454080,"Dino Galaxy Tennis","",,"₹ 349",78.60,"Mar 2021",327,0,10
2482130,"Final Resistance","",,"₹ 200",78.60,"Nov 2023",161,0,10
3831400,"Anchor's Lament","",,"Free",78.60,"Apr 2026",101,0,27
602630,"Diorama Worlds","",,"Free",78.60,"Jun 2017",526,0,4
2519380,"Hentai Devil","",,"₹ 52",78.60,"Sep 2023",216,0,6
2491660,"Scratch Man","",,"Free",78.60,"Jul 2023",39,0,2
363980,"Forget Me Not: My Organic Garden","",,"₹ 369",78.60,"Aug 2015",3528,0,46
1823710,"Hot Springs Story","",,"₹ 100",78.58,"Mar 2022",1537,1,87
1141120,"Scarlet Hood and the Wicked Wood","",-90%,"₹ 69",78.58,"Apr 2021",1674,0,38
1865930,"Space Prison","",-70%,"₹ 264",78.58,"Jul 2024",5754,6,405
473530,"Slime-san: Superslime Edition","",,"₹ 690",78.58,"Apr 2017",1336,0,128
454250,"The Eyes of Ara","",,"₹ 459",78.58,"Jul 2016",4186,6,81
295790,"Never Alone (Kisima Ingitchuna)","",,"₹ 479",78.58,"Nov 2014",45856,7,482
4041890,"The Last Elixir","",,"Free",78.57,"Nov 2025",158,0,8
1855170,"SEARCH ALL - CHRISTMAS","",,"₹ 155",78.57,"Jan 2022",68,0,5
370940,"Demons with Shotguns","",,"₹ 369",78.57,"Apr 2016",518,0,233
3176750,"Let's play Cards Baccarat","",,"₹ 250",78.57,"Sep 2024",35,0,14
1695480,"Hellblusser","",,"₹ 199",78.57,"Aug 2021",509,0,16
583890,"Balthazar's Dream","",,"₹ 199",78.57,"May 2017",509,0,48
573040,"School of Talent: SUZU-ROUTE","",,"₹ 359",78.57,"Feb 2017",1218,0,103
1398910,"Jorel’s Brother and The Most Important Game of the Galaxy - Complete Edition","",,"₹ 690",78.57,"Jun 2023",1986,0,67
1170720,"Pocket Cars","",,"₹ 480",78.56,"Dec 2024",1522,0,10
869170,"Oneiros","",,"₹ 250",78.56,"Mar 2020",848,0,20
1067020,"PUSSY 3","",,"₹ 52",78.56,"Apr 2019",517,0,10
396310,"Masochisia","",,"₹ 349",78.56,"Oct 2015",1670,0,224
2153770,"Coin Flipper","",,"₹ 155",78.56,"Oct 2022",294,13,256
550310,"Root Of Evil: The Tailor","",,"₹ 319",78.56,"Dec 2016",2004,0,72
271920,"Worlds Adrift Island Creator","",,"Free",78.56,"Apr 2016",5767,2,174
1524380,"Dr. oil","",,"₹ 165",78.55,"Feb 2021",48,0,5
1867450,"How To Bathe Your Cat: Impossible Mission","",,"₹ 52",78.55,"Jan 2022",108,0,5
4292470,"Hidden Raccoons","",-20%,"₹ 87",78.55,"Mar 2026",112,0,5
1624990,"Alzheimer's: Memories","",,"₹ 42",78.55,"Jul 2021",81,0,6
3999420,"Trials of Valor Demo","Demo",,"Free",78.55,"Oct 2025",0,1,24
3530800,"101 Cats in Antalya","",,"₹ 52",78.55,"Mar 2025",43,0,5
3454220,"101 Cats in New York","",,"₹ 52",78.55,"Jan 2025",41,0,3
2225870,"Before The Dawn","",,"₹ 250",78.55,"Apr 2024",800,1,36
1597520,"Rounded","",,"₹ 42",78.55,"Apr 2021",81,0,6
503860,"Patterna","",,"₹ 345",78.55,"Oct 2016",232,0,9
3622910,"PAW ALLIANCE","",,"₹ 250",78.55,"Apr 2026",89,1,20
2522270,"Rune Gate","",,"₹ 480",78.55,"Jun 2024",456,0,26
890130,"Pawn of the Dead","",,"₹ 145",78.55,"Feb 2021",439,0,8
497450,"Blortasia","",,"₹ 259",78.55,"Jan 2017",175,0,8
742480,"The Big Journey","",,"₹ 250",78.55,"Apr 2018",1892,0,26
760410,"Don't Be Afraid","",,"₹ 408",78.55,"Dec 2020",3953,0,201
1240590,"Sir Whoopass™: Immortal Death","",-50%,"₹ 244",78.55,"Aug 2022",10922,5,655
1648590,"UndercoverAgent","",,"₹ 299",78.54,"Jul 2021",7700,0,301
1711610,"Dungeon 100","",,"₹ 570",78.54,"Aug 2023",8623,11,2197
1333460,"Nino Maze LOFI","",,"₹ 42",78.53,"Jun 2020",103,0,5
2327660,"Pigeon Protocol","",,"Free",78.53,"Apr 2023",246,0,35
489660,"Fabric","",,"₹ 369",78.53,"Aug 2016",620,0,22
422860,"Holodance","",,"₹ 529",78.53,"Feb 2020",1234,0,18
2458210,"Tamer Vale","",,"₹ 719",78.53,"Aug 2023",16274,9,493
1148650,"The Legend of Bum-Bo","",,"₹ 690",78.53,"Nov 2019",14905,2,8131
1055990,"Erannorth Reborn","",,"₹ 810",78.52,"Oct 2019",2382,1,53
1035120,"Lust from Beyond","",,"₹ 513",78.52,"Mar 2021",43315,15,1310
3127440,"101 Cats in Ireland","",,"₹ 52",78.51,"Aug 2024",49,0,4
413500,"Rocket Fist","",,"₹ 259",78.51,"May 2016",443,0,17
1012970,"Extricate","",,"₹ 200",78.51,"Aug 2019",205,0,23
552140,"CAGE","",,"Free",78.50,"Nov 2016",584,0,13
297370,"Hero of Many","",,"₹ 400",78.50,"Sep 2014",629,0,14
308040,"Back to Bed","",-80%,"₹ 43",78.50,"Aug 2014",3484,1,30771
1780470,"Chastity Catastrophe","",,"₹ 199",78.49,"Dec 2021",1180,0,37
1650830,"No!Ah!'s Ark","",,"₹ 199",78.49,"Sep 2021",912,0,46
938860,"Get In The Car, Loser!","",,"₹ 1100",78.49,"Sep 2021",2712,0,147
427760,"A Chair in a Room : Greenwater","",,"₹ 619",78.49,"Apr 2016",3398,0,48
2863680,"ZERO PARADES: For Dead Spies","",,"₹ 1649",78.49,"May 2026",31510,673,3177
1158890,"White Shadows","",-85%,"₹ 79",78.49,"Dec 2021",5937,3,391
466130,"White Day: A Labyrinth Named School","",,"₹ 1999",78.49,"Aug 2017",19476,36,2050
3283860,"REPEATER","",,"₹ 300",78.48,"Feb 2026",714,0,9
3107050,"Stoplights","",,"₹ 469",78.48,"Apr 2026",445,0,24
2445780,"Grifford Academy","",-20%,"₹ 552",78.48,"Jun 2025",1150,0,10
1681020,"SPACE STORESHIP -スペースストアシップ-","",,"₹ 259",78.48,"Jul 2021",98,0,9
1786820,"Nonogram Animals","",,"₹ 155",78.48,"Jun 2024",77,1,9
1513110,"ShapeNeon Chaos","",,"₹ 105",78.48,"Feb 2021",106,0,4
3980000,"欺心恋曲/亵渎神明的少女 Deceptiive Love Ballad The Blasphemer 偽りの恋の旋律/神を冒涜する少女","",,"₹ 155",78.48,"Sep 2025",37,0,8
2919980,"Tale of the Singing Peaks","",,"Free",78.48,"May 2024",137,0,5
2769100,"Visiting Shrine at Night | 夜間参拝","",,"₹ 200",78.48,"Feb 2024",209,0,7
4092640,"101 Cats in Beijing","",-50%,"₹ 26",78.48,"Nov 2025",29,0,4
3283480,"Hentai Tales: Strangers House","",,"₹ 52",78.48,"Nov 2024",172,0,4
954160,"Angelus Brand VR Experience","",,"Free",78.48,"Nov 2018",135,0,54
912920,"SMUSH.TV - Competitive VR x PC Action","",,"₹ 349",78.48,"Feb 2020",304,0,9
680400,"Light Tracer (VR & NON-VR)","",,"₹ 459",78.48,"Jan 2018",445,0,3
1445720,"Life of Fly","",,"₹ 459",78.48,"Dec 2020",112,0,13
1354990,"Dungeons of Voidria","",,"₹ 419",78.48,"Jul 2022",476,0,15
1261640,"Fill all","",,"₹ 155",78.48,"May 2020",70,0,4
1548800,"Wizard Of Walls","",,"₹ 379",78.48,"Oct 2021",136,1,7
1937670,"Melobot - A Last Song","",,"₹ 649",78.48,"Sep 2024",684,0,8
2325770,"Snowmen","",,"₹ 250",78.48,"Dec 2023",55,0,7
1314840,"encrypt.","",,"Free",78.48,"Jun 2020",99,1,8
297060,"Freaking Meatbags","",-90%,"₹ 61",78.48,"Feb 2015",1850,0,61
839560,"Shrinking Pains","",,"Free",78.48,"Feb 2018",530,1,36
657730,"Wolflord - Werewolf Online","",,"—",78.47,"Aug 2019",1758,1,2644
2260930,"Kill Pill","",,"Free",78.46,"Jan 2023",124,0,18
915230,"Zombie Rollerz: Pinball Heroes","",-90%,"₹ 39",78.46,"Mar 2022",1756,1,126
2095450,"Tiny Tactics","",,"₹ 349",78.46,"Aug 2022",2430,3,1468
1117630,"I got a cat maid","",,"₹ 85",78.46,"Aug 2019",3812,1,94
3040180,"Holy Shot","",,"₹ 300",78.45,"Sep 2025",424,0,42
1860960,"Eira","",,"—",78.45,"Aug 2022",1149,0,24
848520,"Super Destronaut DX","",,"₹ 250",78.45,"Jul 2018",152,0,5
758560,"Versus World","",,"Free",78.45,"Jan 2018",340,0,26
465180,"One Day in London","",,"₹ 369",78.45,"Aug 2016",816,0,63
4019140,"Regions of Ruin: Runegate Demo","Demo",,"Free",78.45,"Oct 2025",0,1,68
2166820,"史莱姆冒险战SlimeWarfare","",,"₹ 300",78.44,"Feb 2023",240,0,17
4369060,"Sneaker Store Simulator: Demo","Demo",,"Free",78.44,"Feb 2026",0,0,28
4034000,"Box of Broken Nails","",,"₹ 250",78.44,"Nov 2025",64,0,3
3209240,"Canvas - The Board Game","",,"₹ 690",78.44,"Oct 2025",526,0,6
2055360,"The Zebra-Man!","",,"₹ 690",78.44,"Jan 2025",194,0,3
4034510,"愿你拿一手同花顺 May the cards lay out a straight Demo","Demo",,"Free",78.44,"Jan 2026",0,0,6
2471060,"DIVINE SHOCK","",,"₹ 52",78.44,"Sep 2023",53,0,3
1481000,"Triversal","",,"₹ 570",78.44,"Jul 2021",162,0,3
1876720,"Arboreal","",,"Free",78.44,"Feb 2022",33,0,6
1726050,"Neon Depth","",,"₹ 85",78.44,"Sep 2021",68,0,4
3237190,"Super Sami Roll 2 Demo","Demo",,"Free",78.44,"Oct 2024",0,0,6
2011730,"Long Drop","",,"₹ 105",78.44,"Dec 2022",60,0,4
4129880,"Emptiness Sire Demo","Demo",,"Free",78.44,"Nov 2025",0,0,3002
2909650,"Aliens and Asteroids","",,"Free",78.44,"Apr 2024",55,0,4
2070190,"Alice in Wonderland Jigsaw Puzzle","",,"₹ 85",78.44,"Sep 2022",84,0,3
1446370,"Super Marxist Twins","",,"₹ 610",78.44,"Oct 2024",147,0,4
1264420,"Archery Simulator","",,"₹ 105",78.44,"Mar 2023",212,0,3
1971260,"Orc Tales: Olgob The Bold","",-80%,"₹ 50",78.44,"Jan 2023",138,0,4
2916360,"Plastic Trick","",,"₹ 610",78.44,"Oct 2024",162,0,5
1935330,"SOPA - Tale of the Stolen Potato","",-25%,"₹ 660",78.44,"Oct 2025",1198,0,7
1820790,"PictoPull","",-50%,"₹ 26",78.44,"Mar 2023",70,0,4
3250940,"GatePass","",,"₹ 465",78.44,"Oct 2024",33,0,11
2428020,"The Abyss Within","",,"₹ 250",78.44,"Mar 2024",166,0,7
517970,"CRANGA!: Harbor Frenzy","",,"₹ 349",78.44,"Dec 2016",139,0,3
1488510,"VRNOID","",,"₹ 480",78.44,"Mar 2023",167,0,3
2945180,"Fantasy Girls","",,"₹ 52",78.44,"May 2024",112,0,2
2406970,"The doll","",,"₹ 52",78.44,"Jun 2023",104,0,3
2349500,"Otoko Cross: Pretty Boys Dropout!","",-50%,"₹ 172",78.44,"May 2023",191,0,9
1307850,"Simple Machines","",,"₹ 52",78.44,"May 2020",43,0,6
1174030,"Hero Lodge","",,"₹ 349",78.44,"Jan 2022",164,0,9
724640,"AuroraBound Deluxe","",,"₹ 155",78.44,"Nov 2017",139,2,5
684320,"HOT PINK","",,"₹ 349",78.44,"May 2018",243,0,6
689290,"My RC Buggy! VR","",,"₹ 42",78.44,"Jun 2018",75,0,2
2438770,"Chores of Corruption","",,"₹ 250",78.44,"Sep 2023",77,0,6
2990370,"CLAWPUNK","",,"₹ 635",78.44,"Nov 2025",297,0,7
2779090,"Pight Demo","Demo",,"Free",78.44,"Jun 2024",0,0,11
2547610,"Crea Run!","",,"Free",78.44,"Aug 2023",92,0,4
1404560,"Yerba Mate Tycoon","",,"₹ 250",78.44,"Sep 2021",477,0,24
3838170,"Toyland Tussle","",,"₹ 155",78.44,"Aug 2025",380,0,8
725270,"Necrobarista","",,"₹ 529",78.44,"Jul 2020",15484,0,290
2098070,"Star Ring","",,"₹ 480",78.43,"Jan 2023",474,0,38
4286280,"Gacha Capsule Shop Simulator - Akihabara Demo","Demo",,"Free",78.43,"Feb 2026",0,42,138
1517350,"Hidden Memory - Neko's Life","",,"₹ 259",78.43,"Feb 2021",123,0,5
801040,"Poly Universe","",,"₹ 349",78.43,"Jul 2018",1551,0,42
1204410,"Kosmokrats","",,"₹ 349",78.43,"Nov 2020",1242,0,19
4211230,"AUDIOMECH: your music transformed","Demo",,"Free",78.42,"Dec 2025",0,0,419
1010100,"Airborn","",,"₹ 419",78.41,"Jul 2020",396,0,16
2197700,"Gatekeeper: Eclipse","",,"—",78.41,"Feb 2023",2368,1,1133
1097820,"The Hunger: Games Ensemble","",,"₹ 165",78.40,"Nov 2020",110,0,5
1133300,"Sisters Royale: Five Sisters Under Fire","",,"₹ 650",78.40,"Nov 2020",379,0,8
1047870,"Something Ate My Alien","",,"₹ 489",78.40,"Jun 2020",625,0,21
887900,"egg is broken. heart is too.","",,"₹ 125",78.40,"Apr 2019",167,0,19
3221180,"Re:Flex","",,"₹ 480",78.40,"Oct 2024",239,1,32
892380,"Dr Greenstuff","",,"₹ 419",78.40,"Nov 2018",1470,0,67
1152810,"Love with Kadyrov","",,"₹ 105",78.40,"Mar 2020",309,1,7
529590,"Please, Don't Touch Anything 3D","",,"₹ 480",78.39,"Dec 2016",4939,1,168
1930640,"Lost2","",,"₹ 479",78.38,"Sep 2022",19123,1,691
2339500,"The Moroccan Castle 3 : Behind The Secrets","",-18%,"₹ 205",78.37,"Mar 2023",247,0,4
1157050,"Flinger Tactics","",,"Free",78.37,"Jan 2020",135,0,7
2077270,"Koa: The Forgotten Gods","",,"Free",78.37,"Aug 2022",214,0,4
3606160,"The Designer's Curse Chapter 2 - Forgotten Horrors","",,"₹ 250",78.37,"Apr 2025",162,0,7
4241990,"Alien Strike: Blasting the Intruders Demo","Demo",,"Free",78.37,"Dec 2025",0,0,8
3995480,"Hidden around the World","",-25%,"₹ 300",78.37,"Apr 2026",383,0,18
586020,"Flairtender","",,"₹ 349",78.37,"Nov 2017",295,0,7
812650,"Data Defense","",,"₹ 349",78.37,"Jun 2019",247,0,9
1706940,"Junkyard Fury","",,"₹ 199",78.37,"Sep 2021",334,0,3
3454660,"Color Factory: Automation Meets Canvas","",,"₹ 250",78.37,"Sep 2025",306,0,20
499890,"Aaero","",,"₹ 459",78.37,"Apr 2017",2706,2,939
2516890,"Andarin Weppes","",,"₹ 155",78.36,"May 2025",265,0,7
3105100,"SCP: CARDTAINMENT BREACH","",,"Free",78.36,"Jul 2025",188,0,6
611630,"Grave Chase","",,"₹ 299",78.36,"Sep 2017",250,0,8
2000970,"Beacon of Neyda","",-20%,"₹ 575",78.36,"Oct 2025",1664,0,54
277490,"Battle Group 2","",-80%,"₹ 69",78.36,"Jun 2014",754,0,200
504390,"Along the Edge","",,"₹ 650",78.36,"Oct 2016",4173,4,722
2515240,"Welcome to Kowloon","",,"₹ 345",78.36,"Aug 2023",4016,2,90
3949900,"Mecha Harem: Bonds of the Abyss","",,"₹ 480",78.35,"Feb 2026",813,0,12
2996540,"THE GOOD OLD DAYS","",,"₹ 730",78.35,"Oct 2025",914,1,19
1965390,"Online Sparkler","",,"₹ 199",78.35,"Jun 2022",524,0,177
4033200,"FATHER Demo","Demo",,"Free",78.35,"Oct 2025",0,1,12
1588940,"Storm Tale 2","",,"₹ 480",78.35,"Apr 2021",126,3,21
3929970,"Cave Crave VR","",,"₹ 690",78.35,"Dec 2025",1153,3,33
732360,"Mercury Blue: Mini Episode","",,"Free",78.35,"Jun 2018",769,0,31
3043330,"100 Hiddensaurs","",,"Free",78.35,"Aug 2024",94,1,6
370480,"Pixel Galaxy","",,"₹ 164",78.35,"Oct 2015",756,0,512
2530420,"Fatermyth","",-65%,"₹ 168",78.35,"Apr 2024",1744,5,432
1046300,"Pirates Outlaws","",,"₹ 529",78.35,"Aug 2019",5912,4,255
2636990,"Crush Link TD","",,"Free",78.34,"Feb 2024",121,0,18
1057130,"Exogen VR","",,"Free",78.34,"Apr 2019",234,1,10
1033340,"biorhythm","",,"Free",78.34,"Aug 2019",119,0,136
927850,"Corrupt","",,"Free",78.34,"Sep 2018",188,0,12
876320,"Hyperspace Delivery Service","",,"₹ 349",78.34,"Jun 2019",1422,0,17
2484370,"Package Runner","",,"₹ 460",78.34,"Jan 2024",233,0,9
2172500,"Arcanima: Mist of Oblivion -  Prologue","",,"₹ 300",78.34,"Feb 2024",310,0,7
1421290,"Battle Shapers","",,"₹ 880",78.34,"Dec 2024",7682,2,206
543140,"Legend of Merchant","",,"₹ 105",78.33,"Dec 2016",2118,2,320
3515550,"Mr. Meat","",,"₹ 250",78.32,"Jun 2025",222,0,7
2343100,"Titanic II: Orchestra for Dying at Sea","",,"Free",78.32,"Oct 2023",112,0,4
1571010,"物理世界","",,"₹ 199",78.32,"Nov 2021",712,1,42
3411660,"Wood and Flesh: A Candleforth Short Story","",,"Free",78.32,"Jan 2025",144,0,9
574940,"Downward Spiral: Prologue","",,"₹ 79",78.32,"Mar 2017",559,0,13
840410,"Mushroom Heroes","",,"Free",78.32,"May 2018",773,0,49
3434440,"Welcome Home","",,"Free",78.32,"Feb 2025",197,0,17
368800,"Apocalypse: Party's Over","",,"—",78.32,"May 2016",703,0,132
2850110,"The Dream Within","",,"₹ 345",78.31,"Jan 2025",866,3,38
853200,"Shred! 2 - ft Sam Pilgrim","",,"₹ 349",78.31,"Dec 2018",689,0,24
1301950,"Time Loader","",,"₹ 400",78.31,"Nov 2021",3103,6,54
235820,"Element4l","",,"₹ 369",78.31,"May 2013",2551,0,98
297120,"Heavy Bullets","",,"₹ 480",78.31,"Sep 2014",6581,0,205
2023970,"Light Them Up","",,"₹ 105",78.30,"Jul 2022",46,0,6
2738440,"KBF: Knight Bar Fight","",,"₹ 200",78.30,"Oct 2024",81,0,4
3789640,"100 Demon Cats","",,"₹ 105",78.30,"Feb 2026",1356,0,6
3692040,"Oblivion","",,"₹ 250",78.30,"May 2025",83,0,2
3666200,"Quantum Resonance","",,"₹ 155",78.30,"Jun 2025",82,0,3
3458600,"NINDO Guardian of the Starlit Shadow","",,"₹ 480",78.30,"Oct 2025",194,0,4
3431630,"AHAPIKA – Heroic Agency","",-20%,"₹ 207",78.30,"Jun 2026",57,4,15
3203290,"The Black Vault","",,"₹ 345",78.30,"May 2025",68,0,13
2787770,"Enso","",,"₹ 450",78.30,"Feb 2025",86,0,4
3815470,"The door you can never open","",,"₹ 155",78.30,"Jul 2025",34,0,3
3343360,"End's Reach","",,"₹ 480",78.30,"Mar 2025",75,0,3
2125050,"Out of the Cube","",,"₹ 105",78.30,"Oct 2022",60,0,4
1758440,"Survival: Zombies aHead","",,"₹ 52",78.30,"Oct 2021",49,0,2
1688340,"Timore Redo","",-35%,"₹ 1015",78.30,"Jul 2022",144,0,4
1619890,"Yupi","",,"₹ 155",78.30,"May 2021",43,0,2
1580770,"HIGH & LOW ~ Aim! 26 consecutive wins! Road to 5,000 trillion yen ~","",,"₹ 54",78.30,"May 2021",60,0,6
1576830,"Fruit Sudoku","",,"—",78.30,"Mar 2021",16,0,3
1498290,"青鳥樂園 Blue Bird Land EP.1 上篇","",,"₹ 259",78.30,"Oct 2022",210,0,3
1282510,"Cards & Crystals","",,"₹ 399",78.30,"May 2020",85,0,7
4698640,"Resurface Demo","Demo",,"Free",78.30,"May 2026",0,2,31
4426680,"My Type of Goblin: A Climbing ASDFenture Demo","Demo",,"Free",78.30,"Feb 2026",0,0,3
3604520,"The Mare Show","",,"₹ 450",78.30,"Oct 2025",182,0,4
3436640,"Machinefall Demo","Demo",,"Free",78.30,"Aug 2025",0,5,12
3288430,"RoboSoul","",,"Free",78.30,"Nov 2024",48,0,3
2497840,"Dungeon Watchers","",,"₹ 155",78.30,"Nov 2024",123,0,5
2054850,"Super BAWK BAWK Chicken","",,"₹ 450",78.30,"Jul 2023",69,0,4
2230630,"Web or Dead","",,"₹ 345",78.30,"Feb 2023",89,0,4
3811890,"This Is Why We Don't Play Golf","",,"₹ 250",78.30,"Dec 2025",26,0,4
2376190,"Water Buddy","",,"₹ 155",78.30,"Apr 2024",13,0,1
1230650,"Proyecto Flamingo X1","",,"₹ 219",78.30,"May 2020",103,0,4
3460970,"FESTERED Demo","Demo",,"Free",78.30,"Feb 2025",0,0,5
2411530,"Type King","",,"₹ 400",78.30,"Feb 2024",27,0,5
1920800,"Project Angels - Visual Novel","",,"₹ 349",78.30,"Jul 2022",416,0,7
3970930,"Cats Visiting Wild West","",,"₹ 105",78.30,"Nov 2025",34,0,4
2882800,"Impact Trial: First Encounter - Prologue","",,"—",78.30,"Apr 2024",56,0,3
2769290,"Ringo's Roundup","",,"₹ 480",78.30,"Mar 2025",121,0,6
2728080,"Two Souls","",,"₹ 200",78.30,"Jun 2024",100,0,5
2708480,"Slippery Heights","",,"₹ 345",78.30,"Jan 2024",14,0,6
2516270,"Pa!nt","",,"₹ 480",78.30,"Oct 2024",75,0,7
4466900,"Overwords: Infinity","",,"Free",78.30,"Mar 2026",31,0,8
4293300,"MaoMaoMao","",,"₹ 155",78.30,"Apr 2026",30,0,3
3975530,"トガネヨビ","",,"₹ 530",78.30,"Jan 2026",142,0,28
3839150,"Teeny Tidy","",,"₹ 200",78.30,"Oct 2025",70,0,16
3685030,"Neon Strike","",,"₹ 105",78.30,"Oct 2025",21,0,4
3394510,"A Short Death","",,"₹ 155",78.30,"Mar 2025",64,0,4
3384560,"Pastopia Demo","Demo",,"Free",78.30,"May 2025",0,0,6
3342320,"Infinity Cats Project","",,"₹ 155",78.30,"Mar 2025",30,0,5
3273740,"Abyss Chaser","",,"₹ 329",78.30,"Nov 2025",105,0,5
3147090,"PUNCHBALL","",,"Free",78.30,"Jun 2025",50,1,5
3004600,"MASTER OF FRIED RICE","",,"₹ 250",78.30,"Aug 2024",76,0,6
2944920,"Octo's Balloon Challenge","",,"₹ 340",78.30,"Apr 2026",74,0,3
2399430,"Combat Kart","",,"₹ 635",78.30,"Apr 2026",378,1,7
2148060,"Hack & Schlitz","",,"₹ 105",78.30,"Nov 2025",77,0,8
1579530,"Rebound Raver","",,"₹ 52",78.30,"May 2021",34,0,2
3870300,"Blanky","",,"₹ 200",78.30,"Sep 2025",29,0,6
3654000,"Blitzstrike","",,"₹ 200",78.30,"May 2025",35,0,2
1414030,"Valley of Shadow","",,"₹ 880",78.30,"Nov 2024",213,0,3
3185010,"Hounimal","",,"₹ 450",78.30,"Dec 2025",113,0,7
1576990,"SUPER METBOY!","",,"₹ 349",78.30,"Apr 2021",99,0,5
2083450,"SCUFF(ED)","",,"Free",78.30,"Sep 2022",60,0,7
2488250,"Ploko","",,"₹ 480",78.30,"Aug 2025",119,0,2
612600,"Drone Fighters","",,"₹ 259",78.30,"Apr 2017",206,0,28
4218000,"Pairs","",,"₹ 300",78.30,"Mar 2026",18,0,7
2823320,"Midnight Racer","",,"₹ 210",78.30,"Jan 2025",88,0,8
4478570,"Hentai World Market","",,"₹ 52",78.30,"Mar 2026",98,0,3
3971840,"Hentai Age Party","",,"₹ 52",78.30,"Sep 2025",119,0,2
3574800,"Theden","",,"Free",78.30,"Sep 2025",40,0,9
2900450,"Hentai Elf","",,"₹ 52",78.30,"Apr 2024",89,0,3
1774910,"Bubble POP IT ASMR","",,"₹ 105",78.30,"Oct 2021",21,0,5
1536890,"Godbeast Mk.II","",,"₹ 690",78.30,"Nov 2022",116,0,3
1365490,"Stellaren II","",,"₹ 165",78.30,"Jul 2020",119,0,4
1300670,"ヤドカリサバイブ","",,"₹ 125",78.30,"Apr 2020",90,0,3
1236810,"Hard2Fly","",,"₹ 42",78.30,"Aug 2020",78,0,4
1187410,"Master Of Dodging","",,"₹ 85",78.30,"Apr 2020",33,0,3
1152580,"Ann Achronist: Many Happy Returns","",,"₹ 165",78.30,"Sep 2019",69,0,3
1046130,"Tiki Trials","",,"—",78.30,"Apr 2019",61,0,8
1022870,"Luminos","",,"—",78.30,"Apr 2019",41,0,6
984540,"Hostile User Interface","",,"₹ 85",78.30,"Dec 2018",31,0,3
802260,"Vandozer","",,"₹ 349",78.30,"Jul 2020",89,0,6
648880,"S.O.Y.F. - S#!T ON YOUR FRIENDS","",,"Free",78.30,"Jul 2017",179,0,5
596390,"Over My Dead Body (For You)","",,"₹ 610",78.30,"Sep 2017",209,0,4
3363570,"Symphorix","",,"₹ 200",78.30,"Jul 2025",62,0,4
2726350,"Super Dash","",,"₹ 159",78.30,"Apr 2025",71,0,3
2997040,"Misgiven Demo","Demo",,"Free",78.30,"Jun 2024",0,0,3
4178320,"Unshine Arcade Demo","Demo",,"Free",78.30,"Dec 2025",0,0,20
2751720,"Project Ictos","",,"₹ 250",78.30,"Feb 2024",47,0,3
1338820,"VRSpace","",,"Free",78.30,"Sep 2020",341,0,4
1206910,"Bizarre Barber","",,"₹ 399",78.30,"Feb 2020",61,0,2
3591550,"Hunter Roulette","",,"—",78.30,"Jun 2025",9921,0,3371
220460,"Cargo Commander","",,"₹ 250",78.29,"Nov 2012",1904,0,613
1456020,"Lovely Warriors","",,"₹ 52",78.28,"Jan 2021",321,0,3
1438850,"Bikes and Girls","",,"₹ 52",78.28,"Oct 2020",225,0,7
2777190,"Hoversteppers: Zone 1","",,"Free",78.28,"Feb 2024",424,0,793
3686940,"Uncanny Tales: 1992","",,"₹ 250",78.28,"Sep 2025",595,1,28
2220480,"Burst Hero","",,"₹ 155",78.26,"May 2023",280,0,185
360840,"Lumini","",,"₹ 439",78.26,"Sep 2015",962,1,101
882590,"Outcast Tales: The First Journey","",,"Free",78.26,"Jan 2024",4832,0,631
2811200,"Machick","",,"₹ 100",78.25,"Mar 2024",421,3,88
854860,"Cows VS Vikings","",,"₹ 329",78.25,"Dec 2018",11416,0,221
955870,"Battlecruisers","",,"₹ 480",78.25,"Feb 2021",2322,3,56
2083240,"Asterogues","",,"₹ 690",78.24,"Nov 2024",1665,1,32
444670,"Super Impossible Road","",,"₹ 459",78.24,"May 2016",2460,0,17
2025520,"Jump The Gun","",,"Free",78.24,"Nov 2022",112,0,25
3036970,"Pawn Planet: First Sales","",,"Free",78.24,"Jul 2024",763,0,825
2447310,"Knight Overloaded","",,"Free",78.24,"Jun 2023",188,1,61
2510970,"The Dream Office","",-42%,"₹ 460",78.22,"Feb 2026",843,3,77
1963900,"Knotwords","",,"₹ 399",78.22,"Apr 2022",303,2,40
2247680,"Read Clock Time","",,"₹ 54",78.22,"Dec 2022",53,0,5
3930150,"Mr Toilet","",,"₹ 364",78.22,"May 2026",469,3,50
785840,"Moe Jigsaw","",,"₹ 165",78.22,"Mar 2018",1883,3,372
3080380,"Violent Horror Stories: anthology","",,"₹ 155",78.22,"Aug 2024",1585,0,85
3092540,"Plumber Survivors: Prologue","",,"Free",78.21,"Aug 2024",58,0,6
2632490,"The Lost Legends of Redwall: Feasts & Friends","",,"₹ 250",78.21,"Feb 2024",348,0,5
2442040,"Swapshot","",,"₹ 105",78.21,"Jul 2023",81,0,3
4235940,"101 Cats in Kyoto","",,"₹ 52",78.21,"Jan 2026",29,0,4
3477590,"Culinary Wizard","",,"Free",78.21,"Jul 2025",119,0,6
3046270,"Hentai Tales: Uninhabited Island","",,"₹ 52",78.21,"Jul 2024",222,0,5
2106770,"Morris Cave","",,"₹ 105",78.21,"Sep 2022",94,0,6
3413550,"True Disc Golf demo","Demo",,"Free",78.21,"Feb 2025",0,0,45
3438900,"Azazel Gamble 阿撒兹勒赌局","",,"₹ 480",78.21,"May 2025",77,0,8
787260,"Universe Balancing Bureau","",,"Free",78.21,"Jan 2018",69,0,7
883560,"Wardens of the Amber Cage","",,"Free",78.21,"Mar 2019",230,0,5
805320,"Conjuror's Eye","",,"₹ 42",78.21,"Mar 2018",73,0,3
2114670,"Neko Girls","",,"₹ 52",78.21,"Aug 2022",149,0,3
958930,"Ricky Recharge","",,"₹ 250",78.21,"Dec 2022",198,0,3
836560,"Viking Brothers 4","",-50%,"₹ 129",78.21,"Apr 2018",98,0,8
415090,"KByte","",,"₹ 125",78.21,"Feb 2017",91,0,3
2089590,"QuantumVR","",,"Free",78.21,"Apr 2023",124,0,16
3471820,"Roguefall","",,"Free",78.21,"Apr 2026",158,0,15
4566950,"Mawgate","",,"Free",78.21,"Apr 2026",204,0,8
3830470,"Wastelanders","",,"Free",78.21,"Jan 2026",260,0,6
3291300,"Omelet You Cook Demo","Demo",,"Free",78.21,"Nov 2024",0,3,60
3473610,"Bridge Constructor Studio","",-50%,"₹ 285",78.21,"Jul 2025",481,0,33
1299990,"Whateverland: Prologue","",,"Free",78.21,"Jun 2020",612,0,11
341730,"Dustoff Heli Rescue","",,"₹ 165",78.21,"Mar 2015",996,0,144
3116120,"Orcdom","",,"₹ 300",78.20,"Sep 2025",536,0,60
785130,"Clawface","",,"Free",78.20,"Mar 2018",515,0,26
3140120,"Wordatro!","",,"₹ 482",78.20,"Jun 2025",1927,7,257
641780,"The Drone Racing League Simulator","",,"₹ 349",78.20,"Jun 2017",10292,30,421
594680,"Shuyan Saga™","",,"₹ 690",78.19,"Aug 2017",3854,0,25
843660,"Rogue Agent","",,"Free",78.18,"Apr 2018",579,93,7197
472420,"Duke Grabowski: Mighty Swashbuckler","",,"₹ 480",78.17,"Oct 2016",825,0,15
1128810,"RISK: Global Domination","",,"Free",78.17,"Feb 2020",32060,1302,11716
2293820,"Hentai MagicalGirl","",,"₹ 52",78.16,"Feb 2023",252,0,5
3218090,"Off Trail","",,"Free",78.16,"Oct 2024",94,0,10
3330530,"Blade of Dawn","",,"Free",78.16,"Dec 2024",142,0,5
572540,"Tin Hearts: Prologue","",,"—",78.16,"Nov 2018",783,0,7
1794520,"69 Mary Love","",,"₹ 250",78.16,"Nov 2021",260,0,5
2371220,"Sender","",,"₹ 250",78.16,"Aug 2023",352,0,4
2246110,"Q REMASTERED","",,"₹ 450",78.16,"May 2023",3022,19,689
1553320,"Inside Depth 6","",,"₹ 250",78.15,"Mar 2021",758,0,16
1116230,"The Story of Henry Bishop","",,"₹ 300",78.15,"Nov 2019",3089,1,20
676500,"Time Warpers","",,"₹ 529",78.15,"Jan 2020",4363,9,280
4059360,"The Salesman","",,"₹ 250",78.15,"Nov 2025",958,0,115
1724770,"Castle Of Alchemists","",,"₹ 690",78.15,"Apr 2025",11092,3,1377
3693270,"Nostalgia","",,"₹ 155",78.14,"Jul 2025",77,2,16
1099170,"Battle Planet - Judgement Day","",,"₹ 480",78.14,"Oct 2019",902,0,18
1333090,"Gravity","",,"Free",78.14,"Jun 2020",179,0,15
2278630,"Livestream 2: Escape from Togaezuka Happy Place","",,"₹ 1100",78.14,"Oct 2023",5167,0,139
1149660,"Seek Girl Ⅱ","",,"₹ 105",78.14,"Oct 2019",11261,0,318
871540,"BMX Streets","",,"₹ 1100",78.14,"Apr 2024",9890,153,1502
1923820,"Meowtopia: Expedition","",,"—",78.13,"May 2022",161,1,7
3749790,"Go Kart Island","",,"₹ 249",78.13,"Nov 2025",94,0,7
906470,"Gravia","",,"₹ 529",78.13,"Mar 2021",656,0,6
1916610,"Frame - Portals on Steroids","",,"₹ 489",78.13,"Jan 2023",223,0,9
2063970,"69 Penny Hot","",,"₹ 250",78.13,"Aug 2022",266,0,5
1962590,"The Lotus Holidays","",,"₹ 480",78.13,"Oct 2023",134,0,5
2358060,"Card Artisan","",,"₹ 610",78.13,"Sep 2025",235,0,18
3582800,"101 Cats in Kuala Lumpur","",,"₹ 52",78.13,"Apr 2025",37,0,4
3504170,"Emberfly","",,"₹ 200",78.13,"Mar 2025",82,0,9
2180710,"Hentai Neko","",,"₹ 52",78.13,"Nov 2022",156,1,3
1233250,"Abracadabrew","",,"₹ 399",78.13,"Oct 2020",241,0,5
872380,"Banzo - Marks of Slavery","",,"₹ 105",78.13,"Jun 2018",169,0,4
833500,"Thunder Rally","",,"₹ 419",78.13,"Apr 2020",656,0,12
405530,"Veer","",,"₹ 199",78.13,"Nov 2019",136,0,8
3072160,"Rebel Fury","",,"₹ 480",78.13,"Feb 2025",602,0,21
2074740,"Particle Hearts","",,"₹ 719",78.13,"Aug 2025",883,0,8
2226660,"Plague of Yamorn","",,"₹ 300",78.13,"Jun 2023",282,0,4
2243950,"Hentai Miko","",,"₹ 52",78.13,"Dec 2022",261,0,4
892560,"PaulPaul - Act 1","",,"Free",78.13,"Jul 2018",164,0,9
1126260,"Serpent Fusion","",,"Free",78.13,"Sep 2019",63,0,9
866270,"Lambs on the road : The beginning","",,"₹ 125",78.13,"Jul 2021",234,0,9
612310,"GORB","",,"Free",78.13,"Apr 2017",76,0,5
2823140,"WHERE SAFETY ENDS *R*","",,"Free",78.13,"Mar 2024",81,0,3
940910,"Minoria","",,"₹ 880",78.13,"Aug 2019",15960,1,343
1950200,"Loathful","",,"₹ 480",78.12,"Apr 2024",481,0,14
1133070,"Viking Chess: Hnefatafl","",,"₹ 249",78.12,"Mar 2020",507,0,11
1143710,"Тёмное отражение (Dark Reflection)","",,"₹ 219",78.12,"Oct 2019",688,0,5
1820060,"My University Girlfriend","",,"₹ 52",78.12,"Dec 2021",691,0,6
1025200,"The Floor Is Really Cheap Lava","",,"Free",78.12,"Jan 2019",210,0,15
2339930,"Trash Horror Collection 3","",,"₹ 250",78.12,"Mar 2023",412,0,10
1061920,"Our Secret Below","",,"₹ 349",78.12,"Jul 2020",854,0,21
278420,"Spider: Rite of the Shrouded Moon","",,"₹ 349",78.12,"Aug 2015",1725,0,17
4127820,"Five Levels of Love","",,"₹ 105",78.11,"Dec 2025",120,0,7
2483440,"Shroomtopia","",,"₹ 480",78.11,"Oct 2025",198,0,8
1728390,"Phantom Thief Mew's Secret Prima","",,"₹ 497",78.11,"Oct 2022",606,0,3
3469500,"Golden Knight","",,"₹ 499",78.11,"Mar 2025",55,0,4
4068580,"Flappy Coq - The 2D Rooster Simulator Game","",,"₹ 52",78.11,"Nov 2025",15,0,12
3004090,"Unbodied","",,"₹ 200",78.11,"Aug 2024",56,0,4
2086810,"Golden Rails: World’s Fair","",-50%,"₹ 129",78.11,"Aug 2022",81,2,24
1710810,"Legend Of The Ape","",,"₹ 125",78.11,"Aug 2021",34,0,6
2898970,"Yokai Rescue","",,"Free",78.11,"Jul 2024",80,0,4
1610860,"Merek's Market","",,"₹ 399",78.11,"Sep 2021",97,0,7
3640960,"GAZED","",,"Free",78.11,"Jan 2026",78,0,10
3310830,"Linked","",,"Free",78.11,"Nov 2024",32,0,2
2921150,"Escape Tales: The Awakening","",,"₹ 400",78.11,"Oct 2024",130,0,4
2080290,"69 Ember Hot","",,"₹ 250",78.11,"Oct 2022",122,0,2
1404870,"Couplinked","",,"Free",78.11,"Aug 2021",65,0,4
4238600,"Hentai Cleopatra 2","",,"₹ 52",78.11,"Jan 2026",121,0,4
3670040,"Block Bounce","",,"₹ 105",78.11,"Sep 2025",16,0,10
2131960,"RunBean Galactic","",,"₹ 59",78.11,"Sep 2022",42,0,3
3283490,"Hentai Tales: Strangers House 2","",,"₹ 52",78.11,"Nov 2024",146,0,4
3071060,"Arrive In Time","",,"₹ 200",78.11,"Oct 2024",84,0,3
2331920,"HOLYHUNT","",,"₹ 250",78.11,"Sep 2024",162,0,3
2163270,"柒愿传说","",,"—",78.11,"Apr 2023",159,0,8
1631630,"Tanks, But No Tanks","",,"₹ 400",78.11,"Sep 2023",182,0,5
1199560,"Adrift Arena","",,"Free",78.11,"Feb 2020",38,0,3
1730760,"Color Connect VR - Puzzle Game","",,"₹ 349",78.11,"Sep 2021",41,0,4
1152920,"N.a.N Industry VR","",,"Free",78.11,"Sep 2019",57,0,7
3994780,"Hentai World Apocalove","",-21%,"₹ 41",78.11,"Sep 2025",98,0,3
3311710,"Hentai Link","",,"₹ 52",78.11,"Nov 2024",163,0,3
2881270,"Randy & Manilla","",,"₹ 269",78.11,"May 2024",53,0,3
668650,"Hookbots","",,"₹ 459",78.11,"Aug 2019",250,0,5
3587580,"Snakecremental Demo","Demo",,"Free",78.11,"Mar 2025",0,1,26
3295220,"GeoJet","",,"Free",78.11,"Jul 2025",92,0,5
1407150,"Syder Reloaded","",,"₹ 288",78.11,"Apr 2025",381,0,8
1412630,"Kristallijn","",,"₹ 199",78.11,"Oct 2020",53,0,2
2198680,"Dead Town Tales","",,"₹ 570",78.11,"May 2023",2900,0,719
1226640,"Pieces of my Heart","",,"₹ 349",78.10,"Dec 2020",6874,1,142
1389990,"Oblivity - Find your perfect Sensitivity","",,"₹ 495",78.10,"Mar 2022",15237,24,1064
1981820,"Strike Force Heroes","",,"₹ 880",78.10,"Nov 2023",27347,33,3004
1586840,"ppL","",,"₹ 219",78.09,"Jun 2021",154,0,42
1609830,"WillWalker","",,"Free",78.09,"May 2021",565,0,29
1395540,"BOT.vinnik Chess: Winning Patterns","",,"₹ 105",78.09,"Sep 2020",180,0,14
435800,"Binaries","",,"₹ 570",78.09,"Apr 2016",1029,0,1998
3366710,"Color-A-Cube","",,"Free",78.09,"Mar 2025",191,1,12
290890,"You Must Build A Boat","",,"₹ 259",78.09,"Jun 2015",3428,2,706
1471270,"Seablip","",-40%,"₹ 414",78.09,"May 2024",24256,72,862
2374670,"Duncrush","",,"₹ 200",78.08,"Nov 2025",540,7,187
1348970,"Ego In A Coma (自我、状態、昏睡。)","",,"Free",78.08,"Jun 2020",1539,0,1606
2395810,"富豪派对重制版","",,"₹ 345",78.08,"Aug 2023",2082,0,639
316080,"Parcel","",,"₹ 260",78.06,"Apr 2015",1012,0,65
412050,"HordeZ","",,"₹ 489",78.06,"Apr 2016",2604,0,118
281750,"Munin","",-84%,"₹ 40",78.06,"Jun 2014",1881,84,2568
577530,"Pixel Ripped 1989","",,"₹ 459",78.05,"Jul 2018",1512,0,20
783050,"Bear With Me - Collector's Edition","",-19%,"₹ 1443",78.05,"Feb 2018",770,0,244
1113030,"Stellar Warfare","",,"₹ 880",78.05,"Aug 2021",13778,3,167
1583500,"Eternal Dread 3","",,"₹ 690",78.04,"Mar 2023",5310,4,378
2519560,"The Lancaster Leak - Crisis At Call Center","",,"Free",78.04,"Aug 2023",322,1,23
1180030,"Wardwell House","",,"Free",78.04,"Jan 2020",907,0,25
824190,"Achievement Clicker 2019","",,"₹ 52",78.04,"Apr 2018",197,0,25
1913780,"PI.EXE","",,"Free",78.03,"Mar 2022",264,0,14
1386440,"B67","",,"—",78.03,"Aug 2020",310,0,4
2241390,"Spelp","",,"₹ 250",78.03,"Jan 2023",282,0,223
766000,"Kenshō","",,"₹ 165",78.03,"Jan 2018",191,0,5
3979510,"Rhythm Animal Café Demo","Demo",,"Free",78.03,"Sep 2025",0,0,28
1140070,"Tractor Cargo Driving Simulator","",,"₹ 105",78.03,"Aug 2019",69,0,3
2992200,"Airport Antiterror","",,"Free",78.03,"Jun 2024",12,0,10
2215690,"Click Real Fast","",,"₹ 52",78.03,"Dec 2022",154,1,11
1209860,"BDSM: Big Drunk Satanic Massacre Demo","",,"Free",78.03,"Mar 2020",1110,0,35
242780,"Cognition: An Erica Reed Thriller","",,"₹ 479",78.03,"Sep 2013",2619,0,362
1271690,"Zombie Derby: Pixel Survival","",,"₹ 199",78.02,"Jun 2020",208,0,7
1588160,"Putin VS Zombies","",,"₹ 42",78.02,"Sep 2021",4780,0,5
402340,"Blue Rider","",,"₹ 250",78.02,"Mar 2016",573,0,45
3227870,"再见断刀 Demo","Demo",,"Free",78.02,"Oct 2024",0,1,17
977390,"Tokyo Warfare Turbo","",,"₹ 459",78.02,"Oct 2019",2225,0,62
3639650,"Kotama and Academy Citadel","",,"₹ 880",78.02,"Jan 2026",13598,70,2600
566700,"Eye in the Sky","",,"₹ 369",78.01,"Dec 2017",759,0,8
2681530,"Late Night Drift","",,"₹ 105",78.01,"Apr 2024",226,1,22
2870330,"Grocery Store Tycoon","",,"₹ 650",78.01,"Jun 2025",879,2,61
2496090,"Whisper of the Swallows","",,"₹ 880",78.01,"Jan 2026",2690,10,153
821560,"螢幕判官 Behind the Screen","",,"₹ 300",78.00,"Apr 2018",1819,0,24
1161880,"Vaporum: Lockdown","",,"₹ 810",78.00,"Sep 2020",2346,4,100
216110,"Tiny Troopers","",,"—",78.00,"Aug 2012",2734,0,105
2770340,"Oh My Goddess!","",,"₹ 300",77.99,"Oct 2024",494,0,58
579050,"VRSailing by BeTomorrow","",,"Free",77.99,"Jan 2017",426,0,12
1213370,"Mr. Fast","",-40%,"₹ 150",77.99,"Apr 2020",357,0,7
1077340,"Downtown Drift","",,"Free",77.99,"May 2019",345,1,22
1014040,"PictoQuest","",-85%,"₹ 44",77.99,"Feb 2020",428,3,196
968700,"The Kite","",,"Free",77.99,"Jan 2012",1581,0,76
454060,"Blueprint Tycoon","",,"₹ 155",77.99,"May 2016",9553,0,978
264340,"Major Mayhem","",,"₹ 199",77.97,"Feb 2014",528,0,119
2726870,"Loopstructor","",,"₹ 250",77.97,"Aug 2024",1217,2,338
1859020,"Porcelain Tales","",,"Free",77.97,"Feb 2022",1810,5,132
1000760,"Foregone","",,"₹ 529",77.97,"Mar 2021",9635,0,308
3192990,"Maseylia : Echoes of the Past - Demo","Demo",,"Free",77.96,"Sep 2024",0,2,7
1762400,"I Am a Rock","",,"₹ 105",77.96,"Feb 2022",245,0,3
1458530,"Ronister Adventure","",,"₹ 155",77.96,"Nov 2020",77,0,5
4632280,"Adult spirit","",,"₹ 209",77.96,"May 2026",182,0,15
2968900,"SDIES","",,"Free",77.96,"May 2024",70,0,3
1492250,"44 Minutes in Nightmare","",,"₹ 400",77.96,"Mar 2021",313,0,19
947120,"Where The Water Tastes Like Wine: Fireside Chats","",,"Free",77.96,"Nov 2018",436,0,13
629420,"Super Perspective","",,"Free",77.96,"Sep 2017",122,0,7
2797650,"Pip My Dice","",,"₹ 530",77.96,"Jul 2025",918,6,144
2730530,"Syn-Chorus 01: The New Life","",,"₹ 580",77.96,"Feb 2025",2214,1,378
657280,"Rytmik Studio","Application",-80%,"₹ 260",77.96,"Nov 2017",3184,5,21
412740,"Audioshield","",,"₹ 880",77.96,"Apr 2016",8431,0,226
1394800,"Rebirth:Mr Wang","",,"₹ 165",77.96,"Oct 2020",22774,4,1812
3852520,"Spread The Love","",,"Free",77.95,"Sep 2025",139,0,10
981260,"Love In Drawing","",-66%,"₹ 36",77.95,"Jan 2019",495,0,32
679490,"Lisa's Memory - 丽莎的记忆","",,"₹ 299",77.95,"Jun 2020",2259,0,122
715670,"DashPanel","Application",,"Free",77.95,"Jan 2018",3160,64,336
1180370,"Wienne","",,"Free",77.94,"Jan 2020",259,0,4
434020,"Last Hope - Tower Defense","",,"₹ 199",77.94,"Apr 2016",1720,0,154
1848270,"Lifeform Zero","",,"₹ 400",77.94,"Feb 2024",7662,1,378
2717480,"Envelope","",,"₹ 300",77.93,"Sep 2024",591,0,10
2152630,"Dream Team Basketball","",,"Free",77.93,"Dec 2023",366,0,27
461230,"Dashy Square","",-88%,"₹ 41",77.93,"Apr 2016",433,0,408
761830,"Mr. Prepper","",-83%,"₹ 149",77.93,"Mar 2021",61910,114,6911
2534250,"Nerobi","",,"₹ 650",77.92,"May 2024",403,0,8
3155810,"ホロポップ","",,"₹ 200",77.92,"Sep 2024",504,0,96
1881180,"Aery - Calm Mind 2","",,"₹ 349",77.92,"Mar 2022",153,0,7
1620640,"Noctambulant","",,"₹ 199",77.92,"Aug 2021",202,0,5
3426130,"The Paradixion: Restroom","",,"₹ 105",77.92,"Feb 2025",55,0,8
1658970,"Overmorrow","",,"₹ 880",77.92,"Feb 2024",318,0,10
2709700,"Flob and the Shattered Dimension","",,"₹ 200",77.92,"Aug 2024",91,0,5
2396090,"Aery - Flow of Time","",,"₹ 349",77.92,"Aug 2023",122,0,3
1949480,"AIRBORNE","",,"Free",77.92,"Apr 2022",79,0,3
1129690,"3x64","",,"Free",77.92,"Oct 2019",87,0,4
2692430,"Historical Fashion Dress Up","",,"₹ 400",77.92,"Mar 2024",135,0,4
3835610,"Enshrined: Sword of Fates","",,"₹ 400",77.92,"Dec 2025",201,0,17
388910,"Sentinels","",,"₹ 529",77.92,"Feb 2017",235,0,7
2156970,"SEARCH ALL - KEYS","",,"₹ 155",77.92,"Oct 2022",45,0,2
1712810,"Minimal Crypt","",,"₹ 219",77.92,"Sep 2021",106,0,4
1587810,"Spell Swap","",,"₹ 345",77.92,"Sep 2021",231,0,17
1542850,"Destroy The Cubes","",,"₹ 52",77.92,"Mar 2021",54,0,3
1282140,"Fires At Midnight","",,"₹ 399",77.92,"Jul 2020",327,0,4
4740110,"V.A.U.L.T. PROTOCOL Demo","Demo",,"Free",77.92,"May 2026",0,32,44
1962520,"Rise of Fox Hero","",,"₹ 199",77.92,"Feb 2023",156,0,5
724740,"Lines X","",,"₹ 105",77.92,"Oct 2017",979,1,33
366320,"Seasons after Fall","",,"₹ 499",77.92,"Sep 2016",22376,1,304
1055170,"Sir Lovelot","",,"₹ 899",77.91,"Mar 2021",534,0,7
531530,"Polygod","",,"—",77.91,"Aug 2018",1378,0,35
494430,"Praey for the Gods","",,"₹ 1300",77.91,"Dec 2021",59725,3,428
4378300,"Echo Generation 2 Demo","Demo",,"Free",77.90,"Feb 2026",0,0,13
1597270,"Crime Reaper","",,"₹ 329",77.90,"May 2021",169,0,9
1113690,"Senna and the Forest","",,"Free",77.90,"Aug 2019",96,0,4
2583930,"Where's My Loot?","",,"₹ 105",77.90,"Oct 2023",143,0,4
1889770,"BALLYGON","",,"₹ 349",77.90,"May 2022",104,0,6
3029180,"Kingdomino","",,"₹ 480",77.90,"Nov 2025",317,0,15
1027190,"Hot Squat 2: New Glory","",,"Free",77.90,"Sep 2019",136,0,5
1495870,"PowerNap: Ultimate Game Updater","Application",,"₹ 165",77.90,"Jun 2021",245,0,12
1384960,"Unit 404","",,"₹ 250",77.90,"Aug 2020",204,0,5
1196800,"TaniNani","",,"₹ 199",77.90,"Jan 2020",163,0,17
790120,"Run and Jump","",,"₹ 42",77.90,"Feb 2018",51,0,6
561930,"Sword of the Guardian","",,"₹ 349",77.90,"Jun 2018",492,0,6
1266060,"Lethal Honor - Order of the Apocalypse","",,"₹ 1115",77.90,"Oct 2025",2213,0,19
1188900,"Fire Tonight","",,"₹ 219",77.90,"Aug 2021",1060,0,12
3059400,"Night Drive: คืนหลอน ซ่อนทาง","",,"₹ 400",77.90,"Aug 2024",801,1,123
1983270,"The Days Without Gods","",,"₹ 155",77.90,"Aug 2022",402,0,22
1763520,"Dot's Home","",,"Free",77.90,"Oct 2021",489,0,31
337270,"Ostrich Island","",,"₹ 259",77.90,"Jan 2015",826,0,417
403190,"Planetbase","",-50%,"₹ 345",77.90,"Oct 2015",109500,137,6670
1053060,"KillStreak.tv","",,"—",77.89,"Apr 2019",683,0,88
995050,"Havocado: Ragdoll Fighter","",,"₹ 529",77.89,"Apr 2019",3198,0,335
1080020,"Electrician Simulator","",,"₹ 810",77.89,"Sep 2022",23972,40,1810
3446740,"The Random Game","",,"Free",77.88,"Mar 2025",505,0,7
3855970,"小枠内館の祝 KOWAKUNAI CELEBRATION","",,"₹ 52",77.88,"Jul 2025",53,0,6
2381670,"The Sinking of the Dream Chaser","",,"Free",77.88,"Sep 2023",114,0,4
2614790,"GunDeck[100]","",,"₹ 250",77.88,"Oct 2023",77,0,7
944590,"Thunder Kid","",,"₹ 400",77.88,"Oct 2018",207,0,2
552400,"Sweep'n'Sweep","",,"₹ 155",77.88,"Mar 2018",63,0,6
2872830,"Lumina Rush","",,"₹ 250",77.88,"Nov 2024",92,0,9
3841480,"My Sweet Summer","",,"₹ 155",77.88,"Jul 2025",652,0,12
2359850,"Action Agents","",,"—",77.88,"Apr 2023",2168,0,566
2338990,"Warbits+","",,"₹ 415",77.87,"Feb 2026",262,0,5
1552740,"First Days of Atlantis","",,"₹ 349",77.87,"Jul 2021",108,0,3
4476520,"Drop Command Demo","Demo",,"Free",77.87,"Mar 2026",0,2,10
3317170,"Neon Knives","",,"₹ 480",77.87,"Feb 2025",191,0,5
4484100,"とららの麻雀教室","",,"₹ 200",77.87,"Apr 2026",97,1,25
2341610,"Shadow BoXR","",,"₹ 480",77.87,"Mar 2023",62,0,3
2863810,"橘猫猫的幻想","",,"₹ 155",77.87,"May 2024",64,0,5
2233730,"Aery - The Lost Hero","",-50%,"₹ 240",77.87,"Jun 2023",41,0,2
2175790,"Meticulous","",,"₹ 1300",77.87,"Oct 2023",71,0,3
1671180,"Ricochet Ranger","",,"₹ 250",77.87,"May 2022",57,0,3
1481630,"Command Line Pilot","",,"₹ 105",77.87,"Jul 2021",95,0,3
1054500,"Ducks in Space","",,"₹ 349",77.87,"Nov 2019",29,0,3
2096960,"Roll On Dice","",,"₹ 250",77.87,"Sep 2022",32,0,3
1622840,"Apollo in Outer Space","",,"₹ 125",77.87,"May 2021",66,0,15
1036540,"PaymoneyWubby: The Game","",,"—",77.87,"Oct 2020",66,0,6
3253750,"Strange Stories of the Universe Demo","Demo",,"Free",77.87,"Oct 2024",0,0,6
3193390,"Just Platformer 100","",,"₹ 155",77.87,"Sep 2024",7,0,5
1849800,"Cramit's Keep","",,"₹ 199",77.87,"Jan 2022",46,0,4
4579380,"Combolands Demo","Demo",,"Free",77.87,"Apr 2026",0,6,47
4023190,"Catio Simulator Demo","Demo",,"Free",77.87,"Sep 2025",0,0,9
3970970,"StarDrift Delivery","",,"₹ 400",77.87,"Mar 2026",44,0,4
3832130,"Cooking is Magic!","",,"₹ 250",77.87,"Mar 2026",55,0,3
3411230,"ChloroLink","",,"₹ 400",77.87,"Mar 2026",103,0,7
3094240,"Super reaKtor Demo","Demo",,"Free",77.87,"Aug 2024",0,0,7
3051520,"Unlighted","",,"₹ 690",77.87,"Jun 2025",61,0,3
2949820,"Siaty's return","",,"₹ 250",77.87,"Jan 2025",66,0,6
2724630,"Vent Vipers","",,"₹ 52",77.87,"Jan 2024",27,0,5
2571650,"Mutation Madness","",,"₹ 300",77.87,"Dec 2023",88,0,4
2428690,"Neon Parkour 2","",,"₹ 74",77.87,"Jul 2023",24,0,3
2065870,"Prescience","",,"₹ 570",77.87,"May 2024",127,0,5
1897680,"ToyCar","",,"₹ 52",77.87,"Aug 2022",29,0,10
1665650,"Metal and Hauling RPG Simulator","",,"Free",77.87,"Jan 2022",47,0,3
4104190,"Aqua Chamber Demo","Demo",,"Free",77.87,"Oct 2025",0,1,4
1507860,"Endocrisis","",,"₹ 349",77.87,"Jun 2021",114,0,3
3712830,"双面王牌 Demo","Demo",,"Free",77.87,"May 2025",0,1,23
2607200,"ONE BUTTON RUN","",,"₹ 155",77.87,"Oct 2023",13,0,3
2594110,"Endure The Swarm","",,"₹ 480",77.87,"Dec 2023",40,0,2
2443000,"LIDAR Survival","",,"₹ 155",77.87,"Jul 2023",46,0,4
2433700,"Boaty Tanks","",,"₹ 480",77.87,"Oct 2023",29,0,2
2239360,"Siheyuan","",,"₹ 155",77.87,"Nov 2023",75,0,6
2069030,"Gronk Want Rock","",,"₹ 42",77.87,"Jul 2022",13,0,3
2057450,"The Lilliput Workshop Demo","Demo",,"Free",77.87,"Jul 2022",0,0,12
1129760,"String Theory","",,"₹ 650",77.87,"Aug 2025",35,0,3
2627660,"Cold Calling","",,"₹ 690",77.87,"Feb 2026",82,0,5
2089510,"An Opportunity","",,"Free",77.87,"Sep 2022",53,0,4
3422460,"Transpawt Train","",-20%,"₹ 287",77.87,"May 2026",102,0,5
3255990,"Miner Open Chests","",,"₹ 360",77.87,"Oct 2024",36,0,2
3224700,"Throw Bro Demo","Demo",,"Free",77.87,"Sep 2024",0,0,2
2598050,"Foxcrate","",,"₹ 250",77.87,"Sep 2023",28,0,2
2479220,"The Knight's Path","",,"₹ 52",77.87,"Sep 2023",72,0,2
870260,"Forward Line","",,"₹ 450",77.87,"Jul 2018",95,0,4
4617690,"101 Dogs Hidden in New Delhi","",,"₹ 109",77.87,"May 2026",17,0,3
4568350,"Beavertale","",,"₹ 259",77.87,"May 2026",38,0,7
4527990,"Rogue Battler","",,"₹ 109",77.87,"May 2026",43,0,6
4523110,"101 Cats in Florence","",,"₹ 109",77.87,"Apr 2026",23,0,3
4353050,"Something to Drink? Demo","Demo",,"Free",77.87,"Jan 2026",0,0,7
3975290,"TypeCaster Demo","Demo",,"Free",77.87,"Sep 2025",0,0,4
3804520,"Furry Delights: Erotic Arcade Lounge","",,"₹ 530",77.87,"Oct 2025",126,0,5
3528380,"ScaleBox","",,"₹ 250",77.87,"Jun 2025",58,0,5
3466410,"Hero's Odyssey: Summoned into Ancient Greece with a Quest I Didn't Ask For! Demo","Demo",,"Free",77.87,"Feb 2025",0,0,8
3365560,"Fireside Fables: Wholesome Narrative Adventure!","",,"₹ 400",77.87,"Mar 2026",185,0,6
3272930,"A Few Days With : Amber","",,"₹ 155",77.87,"Nov 2024",118,0,3
2578800,"Radio Silent","",,"₹ 250",77.87,"Oct 2023",50,0,3
2535600,"At Light Speed","",,"₹ 480",77.87,"Sep 2023",34,0,4
2296120,"Dreadstone Keep","",,"₹ 400",77.87,"Nov 2025",208,0,4
3704970,"The Mountain And The Moron","",,"Free",77.87,"Jun 2025",56,0,4
4053720,"Robot Mil","",,"₹ 155",77.87,"Oct 2025",29,0,3
3327240,"Orbcraft Survivors","",,"₹ 200",77.87,"Jul 2025",44,0,5
4371470,"The Postman Cometh Demo","Demo",,"Free",77.87,"Feb 2026",0,0,3
856670,"Present for Manager","",,"₹ 165",77.87,"Jan 2019",48,0,4
3397480,"SLOWLY FIGHTER","",,"₹ 300",77.87,"Mar 2025",109,0,43
1958540,"GRAVIATORS","",,"₹ 480",77.87,"Aug 2023",102,0,10
971130,"Anubis' Challenge","",,"—",77.87,"Nov 2018",70,0,3
789480,"AstroBlast VR","",,"₹ 125",77.87,"Dec 2018",97,0,4
4418910,"C.A.B.A. Demo","Demo",,"Free",77.87,"Feb 2026",0,0,5
3153010,"Devil Can Beat Demo","Demo",,"Free",77.87,"Aug 2024",0,0,7
1836660,"Super Night Riders S1","",,"₹ 480",77.87,"May 2026",389,0,10
4287500,"Hentai World Coffee","",,"₹ 52",77.87,"Feb 2026",99,0,3
4049750,"Hentai World Farm","",,"₹ 52",77.87,"Oct 2025",113,0,2
3525850,"How Much Items - Animals","",,"₹ 7900",77.87,"Feb 2025",40,0,2
2151450,"Quack my Duck","",,"₹ 200",77.87,"Dec 2023",47,0,2
1909260,"Looping Bravery","",,"₹ 250",77.87,"Sep 2022",83,0,2
1740130,"Loco-Sort","",,"₹ 309",77.87,"Nov 2023",57,0,3
1412610,"Couch Installation Service","",,"₹ 165",77.87,"Oct 2020",69,0,15
1388280,"Country Discoverer","",,"₹ 299",77.87,"Apr 2021",48,0,8
1305120,"The Lost Legends of Redwall™: The Scout Act 2","",,"—",77.87,"Apr 2021",287,0,4
1299820,"Not Their Will","",,"Free",77.87,"May 2020",63,0,4
1290010,"Spacefighter Rukia","",,"₹ 250",77.87,"Apr 2020",31,0,2
1283820,"Epic Dumpster Bear 2: He Who Bears Wins","",,"₹ 259",77.87,"Jun 2020",35,0,4
1206260,"Pilfer","",,"₹ 155",77.87,"Jul 2019",70,0,2
1054240,"Easy puzzle: Animals","",,"₹ 200",77.87,"Apr 2019",31,0,3
971150,"B.O.T.S. and the Robofriends","",,"₹ 349",77.87,"Mar 2020",63,0,4
911100,"Memetown USA","",,"₹ 199",77.87,"Aug 2018",70,0,2
795050,"Techno Boy","",,"₹ 126",77.87,"Mar 2018",53,0,6
772230,"跳跃2/LeapII","",,"₹ 199",77.87,"Nov 2019",72,0,3
502920,"Gunnihilation","",,"₹ 369",77.87,"Sep 2016",322,0,5
2340860,"Way of the Bullet","",,"₹ 480",77.87,"Nov 2024",142,0,7
4519240,"Ignore the Blackbird","",,"₹ 259",77.87,"May 2026",106,0,4
2428750,"Saikyo Robots","",,"₹ 250",77.87,"Jul 2024",196,0,6
1683450,"Lethal Dose","",,"₹ 52",77.87,"Mar 2025",63,0,3
3613840,"Looppip Demo","Demo",,"Free",77.87,"Apr 2025",0,0,3
2701020,"The Gauntlet","",,"₹ 155",77.87,"Mar 2024",28,0,5
929910,"Riftwalker","",,"₹ 459",77.87,"Mar 2019",210,0,4
3444770,"Color A Cube Demo","Demo",,"—",77.87,"Jan 2025",0,0,5
1679930,"Mini Golf Worlds VR","",,"₹ 199",77.87,"Jan 2022",32,0,4
4213400,"HELLBOUND","",,"₹ 155",77.87,"Feb 2026",16,0,2
2862140,"Shaolin Bao","",,"₹ 550",77.87,"Apr 2025",101,0,6
1962220,"Magyarock VR","",,"₹ 450",77.87,"Aug 2023",44,0,2
1178680,"RetroVamp","",,"₹ 259",77.87,"Nov 2019",49,0,3
3139930,"VTBattle-VTubers aren't about the number of subscribers! It's about power!","",,"₹ 450",77.87,"Dec 2024",107,0,21
820480,"Warriors Of Titus","",,"₹ 529",77.87,"Mar 2018",88,0,9
843370,"Gravity Well","",,"₹ 42",77.87,"Jun 2018",71,0,3
2059280,"Nightmare knock","",,"Free",77.87,"Dec 2022",138,0,22
575330,"Oh...Sir! The Hollywood Roast","",,"₹ 200",77.87,"May 2017",1359,0,1868
803830,"The Snowboard Game","",,"₹ 459",77.86,"Apr 2018",1217,1,32
1603860,"The Frosts: First Ones","",,"₹ 125",77.85,"Aug 2021",1311,1,9
1334650,"Hell Shuffle","",,"Free",77.85,"Feb 2021",306,1,7
1076720,"Unleaving","",,"₹ 650",77.85,"Mar 2024",451,0,10
1724300,"The Little Brave","",,"₹ 530",77.85,"Feb 2025",196,0,3
2150310,"元素召唤 Summon Elemental","",,"₹ 155",77.85,"Nov 2023",176,0,24
1173870,"Endless Knight","",,"₹ 259",77.85,"Jan 2020",201,0,7
768290,"Snow White Solitaire. Charmed Kingdom","",,"₹ 259",77.85,"Dec 2017",169,1,10
262590,"Chuck's Challenge 3D 2020","",,"₹ 349",77.85,"Sep 2020",513,0,32
2782530,"Shrimp.io","",,"Free",77.85,"Feb 2024",235,85,13926
3513000,"Comfy Girl","",,"₹ 155",77.84,"Oct 2025",188,1,38
602070,"Plasma Puncher","",,"₹ 219",77.84,"May 2017",382,0,91
3544930,"My life with you","",,"Free",77.84,"May 2025",124,0,5
416830,"Light Fall","",,"₹ 479",77.84,"Apr 2018",1392,0,33
1215280,"Mask of Mists","",,"₹ 690",77.84,"Apr 2020",843,0,18
661940,"Regular Human Basketball","",,"₹ 250",77.84,"Aug 2018",2130,0,384
787850,"Heroine Anthem Zero 2 : Scalescars Oath","",,"₹ 529",77.84,"Feb 2022",9235,4,197
953270,"Dominatrix Simulator: Threshold","",,"₹ 850",77.84,"Oct 2018",6297,2,19
1113680,"Hentai Girl Division","",,"₹ 105",77.83,"Aug 2019",5887,0,371
1203680,"Guiding Light","",,"Free",77.82,"Jan 2020",525,0,20
2379030,"Barro T23","",,"₹ 86",77.82,"Apr 2023",200,1,25
4191960,"33 Immortals Demo","Demo",,"Free",77.82,"Feb 2026",0,96,275
1201840,"MAN STANDING","",,"₹ 52",77.82,"Dec 2019",833,0,21
1384380,"KUUKIYOMI 2: Consider It More! - New Era","",,"₹ 250",77.81,"Sep 2020",974,1,26
1452630,"Toast Defense","",,"Free",77.81,"Nov 2020",197,0,13
946660,"Loria","",,"Free",77.80,"Nov 2018",1618,0,137
740200,"The Mercury Man","",,"₹ 165",77.80,"May 2018",4819,0,393
2157680,"Lunar Mirror:The Pavilion of Desire","",,"₹ 349",77.80,"Mar 2023",16628,4,1331
1245090,"Teacher Lady","",,"₹ 52",77.79,"Feb 2020",379,0,5
755150,"Aurora Trail","",,"Free",77.79,"Dec 2017",561,0,911
1384620,"Ninja Hanrei","",,"Free",77.79,"Nov 2020",202,0,20
533540,"MONMUSU","",,"Free",77.79,"May 2018",23431,8,4291
488890,"GentleMoon 2","",,"₹ 247",77.78,"Feb 2016",122,0,737
2084820,"Gold Drill","",,"₹ 250",77.78,"Sep 2022",972,0,24
1600910,"Demon's Mirror","",,"₹ 880",77.78,"Sep 2024",1488,0,92
728730,"Holyday City: Reloaded","",,"Free",77.78,"Dec 2017",2151,37,1813
263060,"Blockstorm","",,"Free",77.78,"May 2015",15485,1,1411
1640760,"WORDLAND 2","",,"₹ 105",77.77,"Jun 2021",51,0,4
2824500,"Shockwaves","",,"Free",77.77,"Feb 2024",27,0,6
3144330,"Lost in Art: a Miniature Realm Demo","Demo",,"Free",77.77,"Aug 2024",0,0,21
2127810,"Learning Geography: Countries of the World","",,"₹ 52",77.77,"Sep 2022",48,0,7
1526340,"Jetscout: Boot Camp","",,"Free",77.77,"Feb 2021",58,0,50
1470970,"GraviFire","",,"₹ 165",77.77,"Nov 2020",94,0,3
1362650,"Rolling Adventure","",,"₹ 299",77.77,"Aug 2021",115,0,2
3531610,"Stellar Raiders","",,"₹ 480",77.77,"Jan 2026",232,0,11
3113890,"Zombie Survivors","",,"₹ 200",77.77,"Oct 2024",62,0,7
2297230,"SETTRIS","",,"₹ 155",77.77,"Jun 2023",45,0,4
4732810,"Gunk","",,"Free",77.77,"Jun 2026",32,3,10
3984930,"Fractured Library Demo","Demo",,"Free",77.77,"Oct 2025",0,0,8
3426730,"Cosmic Arcade Tycoon","",,"₹ 250",77.77,"Mar 2025",54,0,3
2080300,"69 Yuuko Hot","",,"₹ 250",77.77,"Sep 2022",115,0,3
2080140,"Savage Age","",,"₹ 690",77.77,"Apr 2024",431,0,6
2407160,"Dragon Lair Depths","",,"₹ 345",77.77,"Jan 2024",114,0,6
3829130,"Scarlet Wolf","",,"₹ 200",77.77,"Jul 2025",67,0,3
3633840,"浊令","",,"Free",77.77,"Jul 2025",71,0,18
2490510,"Hentai Beauties","",,"₹ 259",77.77,"May 2024",222,0,2
2435920,"Heaven's Paws","",,"₹ 250",77.77,"Aug 2024",214,0,4
2434590,"Little Odyssey","",,"₹ 480",77.77,"May 2024",83,0,5
2586970,"Raster","",,"₹ 309",77.77,"Nov 2024",96,0,4
2324760,"Florida Interstate '86","",,"₹ 220",77.77,"Jul 2025",339,0,5
560550,"void LINK","",,"₹ 349",77.77,"Dec 2017",271,0,6
2620530,"Perfect Teams","",,"₹ 880",77.77,"Oct 2024",173,0,10
1746500,"AsMagnet","",,"₹ 125",77.77,"Sep 2021",23,0,3
1340260,"Labyrinth of the Chaka King","",,"₹ 299",77.77,"Jul 2020",127,0,9
1328050,"Tornado Driver","",,"₹ 105",77.77,"Jun 2020",61,0,3
1283580,"Minimalist Space War","",,"₹ 42",77.77,"Apr 2020",43,0,3
1273600,"SPACE TOW TRUCK - ISAAC NEWTON's Favorite Puzzle Game","",,"₹ 349",77.77,"Jul 2021",137,0,4
1080330,"Super Mega Space Blaster Special","",,"₹ 70",77.77,"Jun 2019",132,0,5
1066040,"Simple Dot","",,"₹ 85",77.77,"May 2019",134,0,6
863430,"One Person Story","",,"₹ 199",77.77,"Aug 2018",227,0,3
845860,"Gem Rush","",,"₹ 480",77.77,"Aug 2018",324,0,6
742380,"Spreadstorm","",,"₹ 480",77.77,"Jun 2018",441,0,4
684430,"JU","",,"₹ 155",77.77,"Oct 2017",81,0,3
3012330,"Pipistrello and the Cursed Yoyo Demo","Demo",,"Free",77.77,"May 2024",0,1,29
4078130,"Static Dread: The Submarine Demo","Demo",,"Free",77.77,"May 2026",0,5,37
1262960,"Fury Unleashed: Prologue","",,"—",77.77,"Mar 2020",211,0,36
2536120,"Mousey","",,"₹ 300",77.77,"Aug 2023",57,0,4
1542630,"LOCOMOTORICA: Staggering Ragdoll","",,"₹ 450",77.77,"May 2023",199,0,4
1188270,"The Curse of Feldar Vale","",,"₹ 275",77.77,"Aug 2021",516,1,13
2431840,"Cannibal Tales - Episode 1","",,"₹ 250",77.77,"May 2024",455,0,6
2123120,"Ultimate Protector","",,"₹ 125",77.77,"Sep 2022",230,0,8
4227950,"Shoyu Ramen Forever","",,"₹ 250",77.77,"Dec 2025",169,1,23
2674930,"Hentai Tales: Sex Apartment","",,"₹ 52",77.77,"Nov 2023",343,0,8
436940,"Quar: Battle for Gate 18","",,"₹ 439",77.77,"Apr 2016",654,0,9
676240,"TAURONOS","",,"₹ 259",77.77,"Aug 2017",1147,0,5
3374930,"Run TavernQuest Demo","Demo",,"Free",77.77,"Jan 2025",0,0,76
2658510,"Animal Shelter 2","",-36%,"₹ 735",77.77,"Jul 2025",15378,52,1092
455980,"Judgment: Apocalypse Survival Simulation","",,"₹ 880",77.77,"May 2018",60250,13,1277
1028210,"Hentai Fantasy","",,"—",77.76,"Apr 2019",685,0,15
2692450,"Kurofune : Descobrimentos Portugueses","",,"Free",77.75,"Feb 2024",311,0,16
2809080,"Rollin' Rascal Demo","Demo",,"Free",77.75,"Feb 2024",0,0,231
1118740,"Cruel Bands Career","",,"₹ 165",77.75,"Aug 2020",386,0,13
786990,"SpellKeeper","",,"₹ 200",77.75,"Apr 2018",151,0,6
572020,"Darwin's Demons","",,"Free",77.75,"Feb 2017",222,0,21
370050,"Scarab Tales","",,"₹ 199",77.75,"Jul 2015",156,0,2031
1080040,"Moo Lander","",,"₹ 589",77.75,"May 2022",1136,0,8
357310,"Oriental Empires","",-82%,"₹ 234",77.75,"Sep 2017",48661,38,896
1014370,"Bouncing DVD : The Game","",,"Free",77.74,"Feb 2019",227,0,16
3776080,"Gurei Demo","Demo",,"Free",77.74,"Jun 2025",0,2,30
1066180,"Crisis Brigade 2 reloaded","",,"₹ 529",77.74,"Jun 2020",2349,2,22
2534120,"Self Defense Dojo","",,"₹ 530",77.74,"Apr 2024",9912,25,644
2934220,"Monsters are Coming!","",,"₹ 450",77.74,"Nov 2025",19694,104,3544
1256530,"Sentimental K","",,"₹ 980",77.73,"Jan 2022",3168,0,116
744260,"Legend of Homebody","",,"₹ 300",77.73,"Jul 2021",3537,3,385
2815120,"E-Startup 2 : Business Tycoon Prologue","",,"—",77.72,"Apr 2024",255,0,43
1691360,"Hentai World: Animated Puzzle","",,"—",77.72,"Jul 2021",320,0,27
403780,"Color Symphony 2","",,"₹ 480",77.72,"Oct 2015",1673,0,376
4040900,"BloomKeeper - Demo","Demo",,"Free",77.72,"Oct 2025",0,1,29
2400880,"Haunted Investigation","",,"₹ 200",77.71,"Aug 2023",669,1,33
907310,"World of Myths","",,"Free",77.71,"May 2019",612,0,94
1720090,"Aspire: Ina's Tale","",,"₹ 260",77.71,"Dec 2021",1628,0,14
1234190,"ANIME WAR — Modern Campaign","",,"₹ 105",77.71,"May 2020",967,0,12
760810,"Retimed","",,"₹ 690",77.70,"Dec 2019",3559,0,115
364420,"Roguelands","",,"₹ 480",77.70,"Nov 2015",36175,3,1150
878380,"Touhou Big Big Battle","",,"Free",77.70,"Apr 2020",13686,9,954
529110,"Awkward Dimensions Redux","",,"Free",77.69,"Jul 2016",7353,0,261
231200,"Kentucky Route Zero: PC Edition","",,"₹ 619",77.69,"Feb 2013",24944,1,431
3188960,"Use Your Words 2","",,"₹ 690",77.68,"Dec 2024",426,2,101
729370,"-KLAUS-","",,"₹ 250",77.68,"Jan 2019",441,0,6
1787120,"Sparkling Memories","",,"₹ 400",77.68,"Oct 2022",977,0,81
1983690,"Forest Camp Story","",,"₹ 329",77.68,"Nov 2022",1321,7,112
494810,"VR: Vacate the Room (Virtual Reality Escape)","",,"₹ 165",77.68,"Jul 2016",1090,0,382
1604780,"Lovely Planet Remix","",,"₹ 259",77.67,"Nov 2021",188,0,6
1692580,"Hidden Shapes Black Skull - Jigsaw Puzzle Game","",,"₹ 105",77.67,"Aug 2021",75,0,5
2793980,"Shotengai 10","",,"₹ 200",77.67,"May 2024",95,0,9
1842390,"One Day","",,"Free",77.67,"Dec 2021",99,0,7
1533500,"ORKANA CONFLICT VR","",,"₹ 379",77.67,"Mar 2021",248,0,4
872110,"Burden of Proof","",,"₹ 690",77.67,"Jul 2018",179,0,4
799110,"Picrastination","",,"₹ 480",77.67,"Mar 2018",68,0,11
593070,"Digby Extreme","",,"₹ 199",77.67,"Oct 2017",161,0,14
2275420,"Click Here","",,"₹ 52",77.67,"Feb 2023",91,0,4
4554740,"Ice Cream Simulator - Prologue","",,"Free",77.67,"May 2026",315,12,52
1925560,"Tricking 0","",,"₹ 690",77.67,"Mar 2022",1761,10,684
2441100,"Unrooted","",,"₹ 730",77.66,"Aug 2024",926,0,98
545030,"NSFW ~ Not a Simulator For Working","",,"₹ 155",77.66,"Oct 2016",819,0,475
705290,"Strange Telephone","",,"₹ 259",77.66,"Jan 2019",4591,0,102
306660,"Ultimate General: Gettysburg","",,"₹ 880",77.66,"Oct 2014",20493,3,910
1799160,"Math+Sticks - Coffee Break Club","",,"₹ 105",77.65,"Nov 2021",134,0,8
1204760,"James Town Courier Frog MD","",,"₹ 105",77.65,"Dec 2019",44,0,4
2226980,"Iron Diamond","",,"₹ 400",77.65,"Aug 2024",191,0,14
3140130,"KUUKIYOMI 4: Consider It","",,"₹ 400",77.65,"Nov 2024",494,0,75
2248400,"Neospace: Prologue","",,"Free",77.65,"Jun 2024",190,0,9
4096620,"Party Party Anxiety!","",,"Free",77.65,"Jan 2026",193,0,6
971480,"Kitten Love Emulator","",,"₹ 105",77.65,"Nov 2018",86,0,4
818360,"Wildbus","",,"₹ 480",77.65,"Aug 2019",494,0,5
702600,"Indygo","",,"—",77.65,"Oct 2017",432,0,8
1839540,"Grocket","",,"₹ 155",77.65,"Sep 2022",111,0,103
3880680,"Island Market Simulator: Prologue","",,"Free",77.65,"Aug 2025",417,1,713
1284180,"Rock and Girls","",,"₹ 52",77.65,"Apr 2020",361,0,4
1231970,"Police Response VR : Disturbance","",,"₹ 199",77.65,"Apr 2022",317,1,6
1580210,"Cute Dark Elves","",,"₹ 52",77.65,"Apr 2021",400,0,5
384480,"Six Sides of the World","",,"₹ 250",77.65,"Jan 2016",430,0,442
342630,"Witch's Pranks: Frog's Fortune Collector's Edition","",-40%,"₹ 207",77.65,"May 2014",284,0,10
2215270,"Army Troop","",,"₹ 690",77.65,"Dec 2025",1451,0,13
1216470,"Zoria: Prologue (2020)","",,"Free",77.65,"Apr 2020",3852,0,112
437570,"GoNNER","",-80%,"₹ 96",77.65,"Oct 2016",11662,0,267
1763250,"SWORN","",,"₹ 1100",77.65,"Sep 2025",34521,126,5947
3885930,"SandTable War: Three Kingdoms","",,"₹ 499",77.64,"Apr 2026",2157,108,376
690120,"Inked: A Tale of Love","",-50%,"₹ 174",77.64,"Apr 2018",3209,2,28
836640,"寄居隅怪奇事件簿 Hermitage Strange Case Files","",,"₹ 349",77.64,"Nov 2018",12860,3,1404
332580,"Mimpi","",,"₹ 165",77.63,"Jan 2015",790,0,628
2586500,"Pixel of Memory","",,"₹ 155",77.62,"Oct 2023",56,0,7
3617930,"Horror Tale 3: The Witch","",,"₹ 300",77.62,"Apr 2025",165,0,7
3440890,"A Difficult Game About Letters","",,"₹ 250",77.62,"Nov 2025",81,0,7
3190340,"One Pass","",,"₹ 105",77.62,"Dec 2024",29,0,9
3116220,"Cats And The Timeline","",,"₹ 105",77.62,"Sep 2024",67,0,11
2416710,"Mother Ghoul - The Curse of Unborns","",,"₹ 105",77.62,"Sep 2023",129,0,3
2153050,"Clutter's Greatest Hits - Collector's Edition","",-66%,"₹ 149",77.62,"Dec 2022",51,1,12
996980,"Dis Pontibus","",,"₹ 199",77.62,"Jan 2019",117,0,6
2777780,"Sunray OS","",,"₹ 300",77.62,"Feb 2024",101,0,3
2077150,"TrainFormation","",,"Free",77.62,"Aug 2022",88,0,4
2915060,"The Traveler","",,"Free",77.62,"Dec 2024",67,0,5
2055470,"Neko Loop","",,"₹ 1200",77.62,"Apr 2026",296,0,5
4169230,"101 Cats in Hungary","",,"₹ 105",77.62,"Dec 2025",33,0,3
3945920,"101 Cats in Macau","",,"₹ 52",77.62,"Sep 2025",20,0,4
3675290,"Crystal Gaiden Origins","",,"₹ 570",77.62,"Aug 2025",162,0,6
2942180,"Hentai Tales: Seed Prison","",,"₹ 52",77.62,"May 2024",223,0,5
2318660,"Which Way Up: Galaxy Games","",,"₹ 690",77.62,"Mar 2025",231,0,5
1989140,"Tower of Spirit","",,"₹ 250",77.62,"Jul 2024",235,0,7
1274630,"So May It Be: A Witch Dating Simulator","",,"₹ 399",77.62,"May 2020",302,0,5
1187830,"Incredible Dracula: Witches' Curse","",-50%,"₹ 129",77.62,"Nov 2019",69,0,12
1121270,"Impossible Soaring","",,"₹ 250",77.62,"Jan 2020",183,0,15
940140,"Project AETHER: First Contact","",,"₹ 419",77.62,"Feb 2020",216,0,4
838490,"Theorem","",,"₹ 42",77.62,"Apr 2018",60,0,3
2700150,"Spectacle: Worlds Unseen","",,"Free",77.62,"Jun 2025",279,0,5
4418520,"Video Editor Demo","Demo",,"Free",77.62,"Feb 2026",0,0,13
4403340,"Nna-tan's Pixel Princess","",,"₹ 309",77.62,"May 2026",190,20,100
1714660,"Camellia Train","",,"₹ 187",77.62,"May 2022",210,0,7
1586970,"Install Wizard","",,"Free",77.62,"May 2021",67,0,8
3931710,"Heroes of Magic & Cards Demo","Demo",,"Free",77.62,"Nov 2025",0,0,34
2387470,"MR. ELEVATOR","",,"₹ 999",77.62,"Oct 2025",215,0,6
1987750,"Silent World","",,"Free",77.62,"Jun 2022",107,0,3
1694270,"DOG'S DONUTS","",,"₹ 105",77.62,"Sep 2021",101,0,5
1425370,"Razenroth 2","",,"₹ 250",77.62,"Aug 2021",200,0,6
1355560,"Aloof","",,"₹ 199",77.62,"Mar 2021",122,0,5
610620,"Too Loud: Chapter 1","",,"Free",77.62,"Jul 2019",92,0,6
1020310,"Gravity Heroes","",,"₹ 499",77.62,"Feb 2021",420,0,13
854870,"Perseverance: Part 1","",,"Free",77.62,"Jul 2018",491,0,6
739190,"AntVentor","",,"₹ 250",77.62,"May 2018",1899,0,41
1374290,"Palindrome Syndrome: Escape Room","",,"₹ 349",77.62,"Oct 2020",891,0,30
1301390,"No Umbrellas Allowed","",,"₹ 529",77.62,"Sep 2021",5061,17,527
527450,"Cockroach Simulator","",,"₹ 155",77.61,"Sep 2016",3409,0,871
526140,"The Gallery - Episode 2: Heart of the Emberstone","",,"₹ 459",77.60,"Oct 2017",2876,0,67
585840,"Leaving Lyndow","",,"₹ 200",77.60,"Feb 2017",4220,0,106
1860860,"Flower girl 2","",,"Free",77.60,"Jul 2022",10945,1,393
2764410,"Dear My Friend Demo","Demo",,"Free",77.59,"Jan 2025",0,0,21
2526500,"Caught On Camera","",,"₹ 105",77.59,"Jan 2024",189,0,8
2475550,"免费游戏 THE GAME FOR FREE","",,"Free",77.59,"Oct 2025",182,0,13
965340,"🚀 Human Rocket Person","",,"₹ 85",77.59,"Nov 2018",253,0,37
295630,"Defense Zone 2","",,"₹ 165",77.59,"May 2014",438,0,39
1591760,"Undying Symphony","",,"Free",77.59,"Jul 2024",475,0,10
2841770,"Phantom Squad","",,"₹ 650",77.59,"Jul 2025",4681,8,498
1011610,"Radio General","",,"₹ 529",77.59,"Apr 2020",6258,1,190
1868300,"American Theft 80s: Prologue","",,"Free",77.59,"Mar 2022",4659,0,617
2598800,"Psionic Sentry : Infinite","",,"₹ 250",77.58,"Feb 2025",2881,0,40
464650,"Runbow","",,"₹ 479",77.57,"Nov 2016",1185,0,21
747620,"Joggernauts","",,"₹ 403",77.57,"Oct 2018",1122,0,147
2098160,"Star Vortex","",,"₹ 1100",77.57,"Jul 2025",3591,4,142
1162280,"Eternal Hope","",,"₹ 399",77.57,"Aug 2020",1705,0,24
453290,"Awareness Rooms","",,"₹ 259",77.57,"Jun 2016",1657,0,531
2696320,"Thought Experiment Simulator","",-35%,"₹ 161",77.57,"Jul 2024",2464,3,256
764510,"Phantom Signal — Sci-Fi Strategy Game","",,"₹ 219",77.56,"Jan 2018",2277,0,972
2025750,"The Shadow Government Simulator: Prologue","",,"Free",77.56,"Sep 2022",1253,0,109
941300,"TouHou Nil Soul","",,"₹ 635",77.56,"Mar 2019",2295,0,44
951740,"Nice Shot! The Gun Golfing Game","",,"₹ 259",77.55,"Nov 2018",346,0,24
705870,"Echo Grotto","",,"₹ 299",77.55,"Sep 2017",279,0,5
1131870,"Evergreen Blues","",,"Free",77.55,"Feb 2020",207,0,4
1476680,"Runika: A World of Little Legends","",,"₹ 610",77.55,"Mar 2022",2590,0,43
565860,"Tomato Way","",,"₹ 200",77.55,"Dec 2016",1501,0,12550
2445690,"Lost Castle 2","",,"₹ 810",77.55,"Jul 2024",36713,1853,20280
2072150,"Kairobotica","",,"₹ 329",77.54,"Jan 2023",384,1,21
2485540,"Never Ending Nightmare","",,"₹ 105",77.54,"Aug 2023",144,0,3
3666490,"Raccoon Cocoon: A Cozy Puzzle Game","",,"₹ 250",77.54,"Nov 2025",144,0,10
3452020,"101 Cats in London","",,"₹ 52",77.54,"Jan 2025",43,0,4
672020,"Hold My Beer","",,"₹ 85",77.54,"Aug 2017",211,0,7
1575730,"Descending I - House of Nightmares","",,"₹ 480",77.54,"Apr 2021",126,0,6
1348270,"Fingers: Mini Games","",,"Free",77.54,"Jul 2020",97,0,4
1761560,"69 Lisa Love","",,"₹ 250",77.54,"Oct 2021",278,0,7
333490,"Replay - VHS is not dead","",,"₹ 369",77.54,"Jul 2015",575,0,91
526130,"Sky Sanctuary","",,"₹ 155",77.54,"Jul 2020",402,0,5
2206390,"BandRoll","",,"₹ 105",77.54,"Apr 2023",431,0,16
3307570,"Crown of Greed Demo","Demo",,"Free",77.53,"Jan 2025",0,0,202
443250,"Legacy of the Elder Star","",,"Free",77.52,"Jun 2016",724,0,427
1249080,"Lynn , The Girl Drawn On Puzzles","",,"₹ 299",77.52,"Dec 2020",522,0,7
426930,"Moonshot","",,"₹ 259",77.52,"Dec 2015",1857,0,15
320150,"Deadlings: Rotten Edition","",,"₹ 229",77.52,"Nov 2014",471,0,1201
2951840,"Arisen Force: HeroTest","",,"₹ 530",77.52,"Oct 2024",3970,3,266
532840,"CAYNE","",,"Free",77.52,"Jan 2017",8892,2,589
1229890,"Koumajou Remilia Ⅱ: Stranger's Requiem","",,"₹ 1300",77.51,"Dec 2023",1772,1,11
618210,"Lanternium","",,"₹ 384",77.51,"Apr 2019",328,0,119
2810090,"Conversation With A Rock","",,"Free",77.51,"Feb 2024",90,0,4
3176880,"Let's play Cards Solitaire","",,"₹ 250",77.51,"Sep 2024",30,0,8
819480,"Pizza Titan Ultra","",,"₹ 399",77.51,"Apr 2018",754,0,14
851640,"Marble Race","",,"₹ 250",77.51,"Jul 2020",520,1,11
3397510,"Hidden Tomatoes 2","",,"Free",77.51,"Jan 2025",82,0,13
528730,"Crypt of the Serpent King","",,"₹ 119",77.51,"Dec 2016",696,0,407
1236400,"Hentai hentai","",,"₹ 52",77.51,"Feb 2020",659,0,7
655730,"This Strange Realm Of Mine","",-91%,"₹ 43",77.51,"Jul 2017",1965,2,278
266390,"Farm for your Life","",,"₹ 369",77.51,"Jun 2013",2763,0,337
1539580,"Bird","",,"₹ 52",77.50,"Feb 2021",1148,1,12
657630,"Fidget Spinner","",,"₹ 42",77.49,"Sep 2017",584,0,18
3723680,"Your Second Wife","",,"₹ 200",77.47,"Dec 2025",997,18,204
1602980,"Insight","",,"₹ 200",77.46,"Oct 2021",236,1,17
1033410,"Fragsurf","",,"Free",77.46,"Jun 2020",756,5,4093
319550,"The Collider","",,"—",77.46,"Sep 2014",465,0,57
1159640,"ANIME - World War II","",,"₹ 105",77.46,"Jan 2020",2535,0,1589
4187020,"Murmurs of the Mist","",,"Free",77.45,"Jan 2026",155,0,5
434750,"Z-Exemplar","",,"₹ 125",77.45,"Nov 2016",172,0,5
468740,"Snow Fortress","",,"₹ 459",77.45,"Dec 2016",680,0,19
1403830,"Paper Beast - Folded Edition","",-90%,"₹ 48",77.45,"Oct 2020",1029,5,17
1153210,"Bartender Hustle","",,"₹ 690",77.45,"May 2022",1809,2,43
1151740,"Prison Princess","",,"₹ 529",77.45,"Apr 2020",8772,1,165
1229020,"Kona II: Brume","",,"₹ 1500",77.45,"Oct 2023",5003,3,69
1111210,"The Backrooms Game FREE Edition","",,"Free",77.45,"Jul 2019",5989,3,116
3374700,"Moldbreaker: Rise of the Loaf","",,"Free",77.44,"Jan 2025",316,0,34
2821040,"Imperial Lovers","",,"₹ 800",77.44,"Jun 2024",3894,0,117
968550,"Tinytopia","",,"₹ 349",77.44,"Aug 2021",3702,0,170
3096270,"NETHER DUNGEONS","",,"Free",77.44,"Nov 2024",879,0,359
453310,"Blackwood Crossing","",,"₹ 519",77.44,"Apr 2017",3901,0,34
337490,"Four Sided Fantasy","",,"₹ 552",77.44,"Aug 2016",2357,0,50
1817310,"69 Megumi Love","",,"₹ 250",77.43,"Nov 2021",185,0,5
2999710,"Unsought","",,"₹ 400",77.43,"Jul 2024",229,0,29
2750390,"Tiny Tales: Hidden Objects","",,"₹ 250",77.43,"Nov 2024",190,0,12
1264770,"Coronavirus Evolution","",,"₹ 105",77.43,"May 2020",74,0,6
2016540,"Chess Pills","",-65%,"₹ 70",77.43,"Jun 2022",143,0,3
3152540,"Hydroponics Farm & Store Simulator","",,"₹ 480",77.43,"Apr 2025",2014,9,139
1306580,"Left on Read","",,"Free",77.42,"May 2020",2763,1,337
3334570,"Lone Warrior's Fist","",,"₹ 300",77.41,"Oct 2025",21,0,6
4627270,"Firewall Breaker","",,"₹ 259",77.41,"May 2026",19,0,7
3967440,"Soul Demon Hunters - Demo","Demo",,"Free",77.41,"Oct 2025",0,0,19
3883520,"Just Waiting Cats","",,"₹ 52",77.41,"Aug 2025",34,0,3
3545810,"GalanWarSong","",,"₹ 400",77.41,"Oct 2025",96,0,12
2630000,"Chasing Chickens","",,"₹ 300",77.41,"Dec 2023",21,0,4
2578820,"Bombabomb!","",,"Free",77.41,"Sep 2023",29,1,5
2571490,"Castle Of Void","",,"₹ 155",77.41,"Sep 2023",17,0,2
2398020,"Tuk Tuk Race","",,"₹ 200",77.41,"May 2023",46,0,4
2408060,"Low and Furious","",,"₹ 345",77.41,"Jun 2025",154,0,4
4439710,"The Solyani's Code Demo","Demo",,"Free",77.41,"Mar 2026",0,0,2
3047290,"First Person Stapler","",,"Free",77.41,"Jul 2024",47,0,2
2594480,"Harmonic Depths","",,"Free",77.41,"Dec 2023",46,0,1
2552560,"Panzer Commander","",,"₹ 345",77.41,"Sep 2024",177,0,5
2419830,"Balls and Coins","",,"₹ 52",77.41,"May 2023",25,0,4
2265530,"Solitary PaperPlane","",,"₹ 104",77.41,"May 2023",15,0,2
1736670,"Tilting Tiles","",,"₹ 250",77.41,"Nov 2021",15,0,3
1718340,"极简地牢 Simple Killer","",,"₹ 199",77.41,"Jan 2022",31,0,4
1594290,"Abridge","",,"₹ 219",77.41,"Oct 2022",42,0,3
4051480,"Geamana Village Demo","Demo",,"Free",77.41,"Sep 2025",0,0,11
3191970,"Amazing Weekend 2 - Search and Relax Collector's Edition","",,"₹ 400",77.41,"Sep 2024",17,0,3
2982480,"DASH n CRY","",,"Free",77.41,"Jun 2024",34,0,3
2119570,"Panda Roll","",,"₹ 199",77.41,"Sep 2022",41,0,3
4669500,"The Eternal Woods Demo","Demo",,"Free",77.41,"May 2026",0,0,21
4569320,"Night Errors Demo","Demo",,"Free",77.41,"Apr 2026",0,0,6
4417570,"ON DUTY: ALL CLEAR","",,"Free",77.41,"Mar 2026",73,0,6
4159750,"The Detective's Apprentice Demo","Demo",,"Free",77.41,"Jan 2026",0,2,13
4130020,"Ghost Restaurant","",,"₹ 345",77.41,"Mar 2026",62,0,4
3449390,"InspoQuest","",,"Free",77.41,"Jun 2025",72,0,3
2826690,"Mini Zen Garden","",,"₹ 250",77.41,"Mar 2024",171,0,2
2815110,"Ascent of the Dragon","",-52%,"₹ 29",77.41,"Feb 2024",14,0,1
2619000,"Sea of Brave: Aidan Adventure","",,"₹ 459",77.41,"Nov 2023",53,0,4
1825180,"Auro The Bunny","",,"₹ 85",77.41,"Dec 2021",22,0,3
4715760,"Apple Picker Demo","Demo",,"Free",77.41,"May 2026",0,1,29
3290120,"Pig & Chikin","",,"Free",77.41,"Mar 2025",50,0,2
2228460,"Necrotyper","",,"₹ 690",77.41,"Oct 2024",41,0,4
1716500,"Blue Fish Yokohama","",,"₹ 219",77.41,"Feb 2023",57,0,3
3056730,"Psychotic Nightmare","",,"₹ 250",77.41,"Aug 2024",62,0,6
2464220,"Stronghold Conquest","",,"₹ 105",77.41,"Aug 2023",39,0,2
1856130,"Catoise","",,"₹ 155",77.41,"Jan 2023",42,0,2
4261520,"Coconut Party","",,"₹ 52",77.41,"Jan 2026",7,0,2
2730580,"MagicGirls★Shooting!!","",,"₹ 52",77.41,"Jan 2024",70,0,80
2434620,"Super Words","",,"₹ 250",77.41,"Sep 2024",64,0,4
2205320,"Saint Ceri","",,"₹ 690",77.41,"Jul 2024",155,0,6
1952030,"Magic Tower (Destroy the Wormhole)","",,"₹ 85",77.41,"Apr 2022",29,0,3
1670070,"My Personal Hilopet","",,"₹ 165",77.41,"Mar 2022",94,0,5
2438170,"SIZIF","",,"₹ 52",77.41,"Jul 2023",18,0,3
1930030,"Trash Pit","",,"₹ 199",77.41,"Apr 2022",63,0,5
1916090,"Dial-In","",,"₹ 399",77.41,"Jul 2022",27,0,4
1690190,"Portal Walk","",,"₹ 250",77.41,"Apr 2025",124,0,2
4187260,"Neon Dodge Demo","Demo",,"Free",77.41,"Dec 2025",0,0,3
3866000,"Tabletop Fantasy War","",-25%,"₹ 337",77.41,"Mar 2026",216,0,4
3851100,"I will be a star","",,"₹ 200",77.41,"Jul 2025",21,0,2
3071130,"Tilemancer Dungeon Demo","Demo",,"Free",77.41,"Jul 2024",0,0,17
2880780,"Down Word","",,"Free",77.41,"Jun 2024",40,0,5
1390960,"Lab Chaos","",,"₹ 250",77.41,"Mar 2023",16,0,2
4617700,"101 Dogs Hidden in Istanbul","",,"₹ 109",77.41,"May 2026",18,0,4
4523090,"101 Cats in Dublin","",,"₹ 109",77.41,"Apr 2026",19,0,3
4523080,"101 Dogs Hidden in Bangkok","",,"₹ 109",77.41,"Apr 2026",14,0,4
4422760,"101 Cats in Rio de Janeiro","",,"₹ 105",77.41,"Mar 2026",26,0,2
4411550,"Shapes of Memory Demo","Demo",,"Free",77.41,"Feb 2026",0,0,5
4391180,"Eel On Mask","",,"Free",77.41,"Feb 2026",32,0,5
4179150,"Not Lonely Up!","",,"₹ 410",77.41,"Jan 2026",59,0,3
3971670,"On Your Notebook","",,"₹ 105",77.41,"Mar 2026",18,0,7
3953080,"Melon Bounce","",,"₹ 52",77.41,"Sep 2025",8,0,7
3649480,"Escape from the Forest","",,"₹ 105",77.41,"Apr 2025",16,0,5
3317520,"I am going for a beer","",,"₹ 155",77.41,"Nov 2024",9,0,2
3278230,"Gravity Block 2","",,"₹ 68",77.41,"Dec 2024",19,0,50
3191770,"Slitherise","",,"₹ 250",77.41,"Apr 2025",76,0,4
2969710,"Mycelium","",,"Free",77.41,"Jul 2024",67,0,4
2945940,"Bloxolotl","",,"₹ 525",77.41,"Jan 2025",42,0,3
2889740,"Night Castle","",,"₹ 450",77.41,"Oct 2025",137,0,3
2672030,"たんぽぽプラネット-Dandelion Planet-","",,"₹ 610",77.41,"Jul 2025",53,0,2
2599900,"Whispers In Paradise","",,"₹ 199",77.41,"Oct 2023",69,0,2
2444010,"Hector The Cat - Treasure Hunter","",,"₹ 105",77.41,"Aug 2023",65,0,2
2363780,"Dash & Swing","",,"₹ 155",77.41,"Nov 2023",39,0,3
2846800,"Becoming Captain - The Roguelike Deckbuilder","",,"₹ 570",77.41,"May 2026",87,0,3
4655450,"One Last Hand Demo","Demo",,"Free",77.41,"May 2026",0,0,25
819550,"Cheese Maze","",,"₹ 300",77.41,"May 2018",23,0,2
3752960,"Off the Beaten Track","",,"₹ 480",77.41,"Apr 2026",85,0,3
3072520,"Gunz & Golf","",,"₹ 250",77.41,"Oct 2024",24,0,2
1784580,"时间之神的猫","",,"₹ 85",77.41,"Nov 2021",62,0,4
2212520,"The Last Werewolf","",,"₹ 359",77.41,"Oct 2025",325,0,3
2288020,"TankLab","",,"Free",77.41,"Feb 2023",27,0,5
594200,"Don't Get Hit In The Face","",,"₹ 319",77.41,"Mar 2017",99,0,5
3370510,"Artillery Tycoon","",,"₹ 345",77.41,"Apr 2025",192,0,3
4205710,"Marbles Music - The Game","",,"₹ 570",77.41,"Feb 2026",33,0,3
3701370,"Cook for Me Grandpa!","",,"₹ 345",77.41,"Nov 2025",112,0,9
3029810,"Last Command: Prologue","",,"Free",77.41,"Oct 2024",69,0,3
2357040,"Drink And Girls","",,"₹ 52",77.41,"May 2023",72,0,2
1563550,"Childhood Fears","",,"₹ 125",77.41,"Mar 2021",77,0,3
1428270,"Good puzzle: Animals","",,"₹ 155",77.41,"Oct 2020",24,0,2
1377900,"Train Train Train","",,"₹ 199",77.41,"Aug 2020",103,0,3
1331390,"sfäre","",,"₹ 199",77.41,"Jan 2022",69,0,4
1272920,"Easy puzzle: Streets","",,"₹ 200",77.41,"Apr 2020",23,0,3
1272330,"Easy puzzle: Bridges","",,"₹ 200",77.41,"Apr 2020",20,0,3
949650,"Here Come the Mystery Teens!","",,"₹ 52",77.41,"Dec 2019",48,0,2
944300,"Byte Driver","",,"₹ 400",77.41,"May 2019",99,0,2
915360,"Hexahedral Pathfinder","",,"₹ 125",77.41,"Jan 2021",26,0,4
909370,"RoomESC- Secret of the Hidden Room: the Collaborator","",,"₹ 199",77.41,"Aug 2018",38,0,2
713090,"Zombie Bloxx","",,"₹ 199",77.41,"Nov 2017",127,0,5
384230,"Block Party Sports","",,"—",77.41,"May 2018",48,0,7
1784180,"Fragment Hunters","",,"Free",77.41,"Aug 2022",27,0,3
2328770,"House Sitter Escape Game","",,"₹ 300",77.41,"Mar 2023",36,0,4
1819950,"JETBOUNCE","",,"₹ 300",77.41,"Feb 2022",56,0,3
538900,"ZIQ","",,"₹ 52",77.41,"Aug 2018",104,0,25
2215340,"Shishi : Timeless Prelude","",,"₹ 880",77.41,"Jul 2023",119,0,4
1778200,"Minigunner®","",,"₹ 459",77.41,"Apr 2023",61,0,7
2010010,"Boomerang Jack","",,"₹ 719",77.41,"Apr 2026",238,0,5
2404920,"Lonely Path","",,"₹ 300",77.41,"Jun 2023",43,0,5
4379280,"로보클린","",,"Free",77.41,"Mar 2026",44,0,3
2485890,"ConSPYration","",,"₹ 400",77.41,"Dec 2023",117,0,7
4039370,"Talespinner Demo","Demo",,"Free",77.41,"Oct 2025",0,0,16
510430,"Stacks On Stacks (On Stacks)","",,"₹ 419",77.41,"Apr 2020",80,0,4
708780,"Slam Fighter II","",,"₹ 199",77.41,"Nov 2017",76,0,2
3893550,"Geodyssey Demo","Demo",,"Free",77.41,"Aug 2025",0,0,3
3656840,"RollBot","",,"₹ 400",77.41,"Nov 2025",38,0,2
3215480,"Celestis","",,"₹ 250",77.41,"Oct 2024",57,0,5
2840110,"Dolls' Domain","",,"₹ 570",77.41,"Oct 2024",59,0,2
2076070,"Marble Smashers","",,"₹ 400",77.41,"Jun 2024",19,0,5
1165500,"GameLab UngAalborg","",,"Free",77.41,"Sep 2022",19,0,4
2659150,"_message:","",,"₹ 54",77.41,"Nov 2023",92,0,14
3633120,"God's Blessing On That Desire World!","",-10%,"₹ 360",77.41,"May 2026",2711,11,53
1349850,"Failed Adventurer","",,"₹ 199",77.41,"Jul 2021",3200,0,83
470260,"Event[0]","",,"₹ 565",77.41,"Sep 2016",21838,0,396
4048330,"白线 Demo","Demo",,"Free",77.40,"Oct 2025",0,0,12
3466460,"100 Singapore Cats","",,"₹ 105",77.40,"Sep 2025",840,0,7
3419630,"Sadko Demo","Demo",,"Free",77.40,"Feb 2025",0,0,5
4106520,"SEARCH ALL - BONES","",,"₹ 155",77.40,"Nov 2025",26,0,2
3176950,"じゅうにばんめにわるいゆめのさち","",,"Free",77.40,"Sep 2024",55,0,7
2254670,"Dungeon Cleaner","",,"₹ 200",77.40,"Nov 2023",32,0,14
1395410,"Jetscout: Mystery of the Valunians","",,"₹ 199",77.40,"Dec 2020",67,0,3
1274910,"Active Neurons 2","",,"₹ 250",77.40,"Apr 2020",63,0,3
1757450,"Hackshot","",,"₹ 570",77.40,"May 2024",193,0,4
4415300,"Mimic Sleuth Demo","Demo",,"Free",77.40,"Feb 2026",0,0,14
4016880,"Secrets of Velendar Castle - Escape Room","",-20%,"₹ 488",77.40,"May 2026",276,5,33
3821350,"Vengeance","",,"Free",77.40,"Jul 2025",75,0,4
3411340,"ChloroLink Demo","Demo",,"Free",77.40,"Jan 2026",0,0,4
3367520,"Wrath and Retribution","",,"₹ 880",77.40,"Apr 2026",909,0,8
2465060,"Hollow Mine","",,"₹ 570",77.40,"Oct 2025",202,0,5
2456160,"Doors & Loot","",,"₹ 570",77.40,"May 2024",202,0,8
2192920,"An Everyday Story","",,"₹ 480",77.40,"Sep 2024",189,0,3
3869380,"Agu","",,"₹ 155",77.40,"Aug 2025",29,0,2
1764650,"Nuclear Drifter","",,"Free",77.40,"Oct 2021",104,0,4
1012180,"在线教育开发实习生 Elearning Development Intern","",-50%,"₹ 100",77.40,"Nov 2022",265,0,6
3596410,"Rock and Scroll","",-75%,"₹ 100",77.40,"Dec 2025",86,0,10
3400150,"Crazy Robot Ball","",,"₹ 300",77.40,"May 2025",37,0,7
4654970,"Bring It Demo","Demo",,"Free",77.40,"May 2026",0,0,65
4425480,"Cats vs Trolls","",-20%,"₹ 159",77.40,"Mar 2026",21,1,3
3873560,"GIVE ME A WEAPON!","",,"₹ 309",77.40,"Apr 2026",206,0,20
3798320,"Fighting Rogue Demo","Demo",,"Free",77.40,"Dec 2025",0,3,108
3705430,"Hentai Tales: Sexual Guidance Class","",,"₹ 52",77.40,"May 2025",162,0,5
2932880,"A Few Days With : Cassandra","",,"₹ 155",77.40,"May 2024",248,0,5
2231230,"Solar Survivors","",,"₹ 250",77.40,"Apr 2024",114,0,7
1976620,"Chess, but...","",,"—",77.40,"Aug 2022",70,0,18
1604820,"Newtonian Horror","",,"Free",77.40,"Feb 2025",81,0,4
4459300,"Underground Security Inc Demo","Demo",,"Free",77.40,"Mar 2026",0,0,18
1908850,"Quick Words","",,"₹ 199",77.40,"Mar 2022",55,0,4
3598860,"Swann's Song","",,"₹ 105",77.40,"May 2025",50,0,2
777460,"Motor Strike: Racing Rampage","",,"₹ 499",77.40,"Jan 2021",218,0,9
1033000,"Shoot The Zombirds VR","",,"₹ 250",77.40,"Oct 2021",162,0,3
573360,"Warka Flarka Flim Flam","",,"₹ 119",77.40,"Dec 2016",55,0,4
697430,"Differently Fast","",,"₹ 459",77.40,"Sep 2019",227,0,3
3358880,"Nippon Marathon 2: Daijoubu","",,"₹ 549",77.40,"Apr 2026",317,0,11
1532920,"Clutter IX: Clutter IXtreme","",-70%,"₹ 104",77.40,"Mar 2021",45,1,10
1149860,"Arsenal Demon","",,"₹ 250",77.40,"Oct 2019",235,0,5
905330,"oOo: Ascension","",-80%,"₹ 69",77.40,"Sep 2018",268,0,3
766740,"Maze Of Adventures","",,"₹ 349",77.40,"Jan 2018",248,0,2
516570,"ADAPTR","",,"₹ 459",77.40,"Oct 2018",320,0,6
3944010,"Mindscorn","",-20%,"₹ 200",77.40,"Oct 2025",215,0,3
877440,"Quench","",,"₹ 529",77.40,"Aug 2019",669,0,5
870090,"Lems","",,"₹ 610",77.40,"Mar 2020",135,0,2
2508660,"Perennial Order Demo","Demo",,"Free",77.40,"Oct 2023",0,0,26
2968840,"Fest Guests","",,"₹ 250",77.40,"Jun 2024",128,0,4
2370380,"异界之门 D-World Gate","",,"₹ 155",77.40,"May 2023",253,0,12
2639840,"Dino Survivors","",,"₹ 105",77.40,"Nov 2023",148,0,19
2204620,"King's Blade","",,"₹ 450",77.40,"Aug 2025",621,0,10
571430,"Drone Hero","",,"₹ 349",77.40,"Jun 2017",151,0,4
547750,"Endless Night - Alpha","",,"Free",77.40,"Dec 2016",227,0,8
453780,"Secrets of Magic: The Book of Spells","",,"₹ 480",77.40,"Oct 2016",275,0,21
4122440,"Handgun Football Demo","Demo",,"Free",77.40,"Nov 2025",0,0,20
2089450,"Hot Springs Story 2","",,"₹ 329",77.40,"Dec 2022",855,11,96
724350,"King of the Couch: Zoovival","",,"Free",77.40,"Nov 2017",906,0,97
3054610,"Artifact Seeker: Resurrection","",,"₹ 450",77.40,"Jul 2024",3718,5,1317
1089790,"Winter Resort Simulator","",,"₹ 880",77.39,"Dec 2019",4455,4,668
931860,"Sydney Hunter and the Curse of the Mayan","",,"₹ 349",77.38,"Sep 2019",413,0,7
1116650,"CAPCOM GO! Apollo VR Planetarium","",,"Free",77.38,"Aug 2019",640,0,7
1593780,"Organs Please","",,"₹ 649",77.38,"Apr 2023",3352,3,62
1686290,"Idle Heros","",,"Free",77.38,"May 2024",412,4,363
415740,"OmniBus","",,"₹ 250",77.38,"May 2016",2518,0,57
1429880,"Little Sim World","",,"₹ 1000",77.38,"May 2025",11274,5,758
537340,"Guts and Glory","",,"₹ 690",77.38,"Jul 2018",21483,7,257
1255740,"Karma Knight","",,"₹ 329",77.37,"May 2020",416,0,5
2555570,"Age of Goblins","",-60%,"₹ 100",77.37,"Jul 2024",204,0,22
1714250,"Pets Hotel","",-80%,"₹ 162",77.37,"Apr 2023",6137,7,391
342180,"Arizona Sunshine® VR Legacy","",,"₹ 1399",77.37,"Dec 2016",53566,4,658
2085510,"Fly Fly Tuk Tuk","",,"₹ 52",77.36,"Aug 2022",76,0,3
3295750,"DEMON COMPASS","",,"Free",77.36,"Nov 2024",283,0,13
2631240,"Grog","",,"Free",77.36,"Nov 2023",97,0,16
3380820,"ReSpaced","",,"Free",77.36,"Jan 2025",289,0,18
623540,"Late For Work","",,"₹ 690",77.36,"Jul 2017",826,1,9
3936730,"STARDUST: Wish of Witch","",-10%,"₹ 990",77.36,"May 2026",7177,378,926
545040,"Feather","",,"₹ 480",77.36,"Apr 2019",3557,0,34
3141140,"100 Sea Cats","",,"₹ 105",77.34,"Aug 2025",498,0,7
1870430,"Your Personal Chill Apartment","",,"₹ 259",77.34,"Jul 2025",282,0,13
1563530,"Dracula Frames","",,"₹ 200",77.34,"May 2021",87,0,5
1788410,"BOT.vinnik Chess: Mid-Century USSR Championships","",,"₹ 105",77.34,"Nov 2021",118,0,4
3354320,"Game for Aliens","",,"Free",77.34,"Oct 2025",70,0,13
2835410,"Pipe Escape","",,"Free",77.34,"Mar 2024",87,0,6
2598970,"Fastest Cars Traffic Racer","",,"₹ 52",77.34,"Sep 2023",73,0,7
2222260,"Gummy Dummy Battles","",-70%,"₹ 144",77.34,"Jan 2023",146,0,8
1713140,"Arctictopia","",,"₹ 250",77.34,"Aug 2022",191,0,6
3319740,"Learn Japanese Kana & Vocab with Sushi","",,"₹ 610",77.34,"Mar 2025",315,0,5
1711690,"Aran's Bike Trip","",,"₹ 199",77.34,"Aug 2021",61,0,2
884960,"Rolling in the Reef","",,"₹ 299",77.34,"Jul 2018",110,0,9
654400,"Shank n' Bake","",,"₹ 165",77.34,"Apr 2020",415,0,10
568370,"Castle Battles","",,"₹ 369",77.34,"Dec 2016",458,0,11
1167550,"VR MEDIA VIEWER","Application",,"₹ 345",77.34,"Nov 2019",193,2,10
2644230,"Critter Crossfire","",,"₹ 690",77.34,"Jul 2025",282,0,11
1144860,"Flying Sword","",,"₹ 52",77.34,"Feb 2020",500,0,6
1233410,"MicroWorks","",,"Free",77.34,"Sep 2022",2919,9,500
898080,"everybody's sad","",,"Free",77.33,"Feb 2019",272,0,7
2216360,"Disaster Band","",-80%,"₹ 49",77.33,"Dec 2022",2215,5,150
2218980,"Sperma","",,"₹ 105",77.32,"Dec 2022",304,0,5
1485580,"Chess Valley","",,"₹ 52",77.32,"Feb 2021",71,0,4
226280,"Warp Frontier","",,"₹ 459",77.32,"Sep 2021",1148,0,9
1421690,"Panmorphia","",,"₹ 200",77.32,"Nov 2020",87,0,5
3114080,"Vtuber Hack","",-15%,"₹ 1954",77.32,"Jun 2026",789,94,105
2659650,"Case Files: Behind Closed Doors","",,"₹ 480",77.32,"Apr 2024",222,0,5
2317960,"Samurai Survivors","",,"₹ 250",77.32,"Apr 2023",360,0,15
1592880,"Sokocat - Islands","",-66%,"₹ 52",77.32,"May 2021",152,0,4
3097240,"UNIVERSAL WEIRDNESS","",-20%,"₹ 332",77.32,"Apr 2026",219,3,22
3603660,"Zui's Witch Academy","",,"Free",77.32,"Apr 2025",152,0,10
2356180,"Hentai SpaceSuit","",-40%,"₹ 31",77.32,"Apr 2023",306,0,5
1214850,"Snaliens","",,"₹ 299",77.32,"Feb 2020",159,0,14
1098720,"Court of Ashes","",,"Free",77.32,"Oct 2019",236,0,136
1864590,"枝江第一舞斗会","",,"Free",77.32,"Jul 2022",632,0,65
587580,"Nature Treks VR","",,"₹ 369",77.32,"May 2017",1920,0,20
4192600,"The Last Survivors Harem","",,"₹ 480",77.32,"Apr 2026",3403,8,347
415350,"Shooting Stars!","",-84%,"₹ 40",77.32,"Jan 2016",863,0,544
914400,"Key Of Impasse","",,"₹ 85",77.31,"Sep 2018",409,0,7
590370,"Tiny Troopers 2","",,"₹ 219",77.31,"May 2017",738,2,7
319850,"Bridge Constructor Medieval","",-90%,"₹ 48",77.31,"Sep 2014",1945,1,185
674500,"Total Tank Simulator","",,"₹ 529",77.31,"May 2020",38873,51,1707
2820650,"BioDive","",,"Free",77.30,"May 2024",67,0,3
3620430,"Astral Savior","",,"₹ 400",77.30,"Jun 2025",89,0,18
745790,"Chambara","",,"₹ 259",77.30,"Dec 2017",302,0,4
3366070,"Champi","",,"Free",77.30,"Jan 2025",90,0,9
2906660,"Conquer Lands","",,"₹ 259",77.30,"Nov 2025",585,0,9
1991470,"Cold Land","",,"₹ 85",77.30,"May 2022",111,0,3
1225060,"NAIRI: Rising Tide - Prologue","",,"—",77.30,"May 2020",296,0,6
3799310,"Silent Reel","",,"Free",77.30,"Jul 2025",29,0,3
2579540,"The Fairway Club","",,"₹ 105",77.30,"Jan 2024",91,0,5
2850170,"TORIDAMA2: Brave Challenge","",,"₹ 400",77.30,"Apr 2024",195,2,26
3876670,"101 Cats in Chennai","",,"₹ 52",77.30,"Aug 2025",37,0,5
2690290,"24H Stories: The Blackout","",,"₹ 250",77.30,"Nov 2023",103,0,12
1618320,"Doodle Champs","",,"₹ 259",77.30,"May 2025",195,0,9
3463470,"Hidden Tomatoes : Farm Frenzy","",,"₹ 52",77.30,"Jan 2025",39,0,2
681800,"Fur Up","",,"₹ 119",77.30,"Aug 2017",26,0,6
929740,"Aeronaut","",,"Free",77.30,"Sep 2019",62,0,4
575420,"Chocolate","",,"₹ 169",77.30,"Aug 2017",77,0,11
1625610,"Bub Block","",,"Free",77.30,"Jun 2021",41,0,7
1389850,"Digital Janitors","",,"Free",77.30,"Oct 2021",81,0,3
1044730,"Unishroom","",,"₹ 125",77.30,"May 2019",40,0,4
990720,"Bookend","",,"Free",77.30,"Mar 2019",83,0,2
977100,"Unblock Gridlock","",,"₹ 165",77.30,"Jan 2019",81,0,4
785100,"Cosmic Top Secret","",,"₹ 399",77.30,"Nov 2018",253,0,4
768590,"BOX align","",,"₹ 125",77.30,"Mar 2018",85,0,6
613420,"BOROS","",,"₹ 259",77.30,"Apr 2017",131,0,24
404460,"Melter Man","",,"₹ 125",77.30,"Sep 2015",98,0,15
2571500,"Speedollama","",,"₹ 450",77.30,"Oct 2024",1308,0,9
2441050,"Light Odyssey Demo","Demo",,"Free",77.30,"Oct 2025",0,0,18
1514880,"Zigglox","",,"Free",77.30,"May 2023",187,0,11
3013130,"Romanizer","",,"Free",77.30,"Nov 2024",142,0,4
1329110,"2ECONDS TO STΔRLIVHT: Forever My Diamond","",,"Free",77.30,"Sep 2020",308,0,44
943390,"Pan Panda","",,"Free",77.30,"Oct 2018",401,0,24
916050,"Clocker","",-84%,"₹ 40",77.30,"Feb 2019",2593,0,102
2019370,"Oh! Edo Towns","",-63%,"₹ 121",77.29,"Sep 2022",683,11,40
3532890,"Dad's Monster House 2: MEDAL","",-30%,"₹ 175",77.29,"Sep 2025",292,0,26
540510,"ISLANDS: Non-Places","",,"₹ 259",77.29,"Nov 2016",1158,0,13
1036740,"METAL DOGS","",,"₹ 529",77.29,"Mar 2023",7074,0,924
1619570,"Death Roads: Tournament","",,"₹ 690",77.29,"Nov 2023",8204,3,379
612390,"Dandara: Trials of Fear Edition","",-80%,"₹ 138",77.29,"Feb 2018",5673,1,87
2976910,"Burger","",,"Free",77.29,"May 2024",608,28,383
1022480,"KAMIKO","",,"₹ 199",77.28,"Jun 2019",1515,0,12
646200,"Dead Effect 2 VR","",,"₹ 569",77.28,"Oct 2017",6241,0,92
3616260,"MAZEBOUND: Hunt, Gather, Run!","",,"₹ 499",77.27,"May 2026",3808,91,480
1781160,"Electrician Simulator - First Shock","",,"Free",77.27,"Jan 2022",7427,10,566
1137020,"My Train Arrives","",,"₹ 250",77.26,"Sep 2019",911,0,21
1096100,"Skellboy Refractured","",,"₹ 529",77.26,"Jan 2021",1715,0,32
877910,"Time Drifter","",,"Free",77.26,"Jul 2018",291,0,29
501090,"Design it, Drive it : Speedboats","",,"₹ 569",77.26,"Nov 2015",1024,0,13
1235360,"Epic Conquest 2","",,"Free",77.26,"Apr 2020",2686,1,25
1632140,"Girl Agent","",,"₹ 155",77.25,"Mar 2022",570,0,7
2840990,"Elevator Zero","",,"₹ 200",77.25,"Mar 2024",195,0,5
2010830,"Your Love Story 被你忘记的那个夏天","",,"₹ 85",77.25,"Aug 2022",396,0,10
1626350,"Pekoe","",,"₹ 810",77.25,"Jun 2023",2761,0,60
1184840,"Chaos Galaxy","",,"₹ 690",77.25,"Jun 2020",3434,2,61
2477270,"Lust's Cupid","",,"₹ 880",77.25,"Apr 2025",9714,9,274
4286550,"Keep on Mining! - Worlds","",,"₹ 299",77.25,"Mar 2026",2231,204,3549
1113120,"IXION","",-65%,"₹ 525",77.25,"Dec 2022",106556,263,17189
1282600,"Mayhem in Single Valley: Confessions","",,"—",77.24,"Apr 2020",702,0,23
2536260,"Mayhemers","",,"₹ 345",77.24,"Feb 2025",7469,6,486
1249300,"The Indifferent Wonder of an Edible Place","",,"Free",77.24,"Feb 2020",407,0,9
728870,"Viaerium","",,"₹ 155",77.24,"Oct 2017",140,0,3
394140,"Sound Shift","",,"Free",77.24,"Aug 2015",371,0,14
1171440,"Hentai Halloween","",,"₹ 52",77.24,"Oct 2019",551,3,839
1153430,"Love wish","",,"₹ 52",77.24,"Jan 2020",5114,0,161
1651960,"Hextech Mayhem: A League of Legends Story™","",,"₹ 479",77.24,"Nov 2021",12267,1,2629
3110490,"Pixel Restorer","",,"Free",77.22,"Sep 2024",439,28,212
1231990,"Gestalt: Steam & Cinder","",,"₹ 880",77.22,"Jul 2024",19290,5,656
1487460,"Battle Bears 1: Zombies","",,"₹ 125",77.21,"Dec 2020",131,0,6
832140,"Infernal Radiation","",,"₹ 450",77.21,"Dec 2020",1554,0,6
2212060,"Ortharion : The Last Battle Prologue","",,"—",77.21,"Mar 2023",426,0,27
2827080,"Yunashi no Yume","",,"₹ 690",77.21,"Sep 2025",1651,0,14
2202690,"Gladiators and Glory","",,"₹ 400",77.21,"May 2023",250,0,14
1180900,"SGS Winter War","",,"₹ 529",77.21,"Jul 2020",866,0,7
3894590,"Detective Worden","",,"₹ 250",77.21,"Oct 2025",313,0,30
3880650,"Reyher Austerich's Garden worlds Adventure","",,"₹ 250",77.21,"Aug 2025",541,0,42
4177880,"Wizard Pool","",,"₹ 155",77.21,"Jan 2026",345,0,21
1010230,"Bleep Bloop","",,"₹ 165",77.21,"Jan 2019",151,0,18
568910,"Ambition of the Slimes","",,"₹ 199",77.21,"Feb 2018",793,1,8
1067430,"Beam","",,"₹ 519",77.21,"Sep 2020",332,0,9
3832340,"好想躺平啊，但是 Demo","Demo",,"Free",77.20,"Jul 2025",0,2,110
956500,"Bow to Blood: Last Captain Standing","",,"Free",77.20,"Apr 2019",1074,0,141
1503400,"Temporal Purge: Z","",,"₹ 259",77.20,"May 2025",458,0,11
804350,"Starman","",,"₹ 530",77.20,"Jun 2018",346,0,6
785760,"Crumple Zone","",,"₹ 399",77.20,"May 2019",211,0,6
1528050,"Underland","",,"₹ 105",77.20,"Feb 2021",414,0,7
2838940,"神魔决之江湖行","",,"₹ 479",77.19,"Dec 2024",298,11,94
600660,"Kimmy","",,"₹ 480",77.19,"Apr 2017",195,0,4
576840,"RAYGUN COMMANDO VR","",,"Free",77.19,"Jan 2017",301,1,11
1235790,"dancing chair","",,"Free",77.19,"Feb 2020",83,0,6
770100,"One Deck Dungeon","",,"₹ 480",77.19,"May 2018",4145,4,266
1104330,"Founders' Fortune","",,"₹ 529",77.19,"Dec 2020",23213,13,863
1145120,"Last Summer Iteration","",,"₹ 155",77.18,"Sep 2019",138,0,3
2709590,"Anomalistic Revolution: Prelude","",,"—",77.18,"Dec 2023",141,0,3
2230210,"Hentai Ojou","",,"₹ 52",77.18,"Dec 2022",248,1,5
1668880,"Spring and Girls","",,"₹ 52",77.18,"Oct 2021",176,0,2
742470,"Chronicles of cyberpunk","",,"Free",77.18,"Dec 2017",192,0,3
594810,"Color Jumper","",,"₹ 52",77.18,"Nov 2017",96,0,102
1913870,"Tray Racers!","",,"Free",77.18,"Apr 2023",565,2,74
2289390,"Crab God","",,"₹ 880",77.18,"Jun 2024",3595,4,107
4327380,"Exit Lust","",,"₹ 250",77.18,"Mar 2026",5077,17,400
1211930,"Ghost on the Shore","",-45%,"₹ 436",77.17,"Feb 2022",2286,0,23
452120,"Midvinter","",,"₹ 155",77.16,"May 2016",296,0,475
3498650,"Cut That Wire","",,"₹ 345",77.16,"Oct 2025",7845,0,228
4226350,"The Night Cleaner","",,"₹ 155",77.15,"Feb 2026",236,1,37
3079160,"Don't Lose Aggro","",,"₹ 205",77.15,"Apr 2026",2896,2,93
1491200,"Few Nights More","",-80%,"₹ 98",77.15,"Jan 2025",2984,11,220
589760,"Revhead","",,"₹ 799",77.15,"Mar 2017",2944,4,74
326410,"Windward","",,"₹ 349",77.15,"May 2015",56061,11,3510
3614460,"Hypermarket Simulator","",,"₹ 690",77.14,"Aug 2025",1927,46,471
1059880,"Devious Dungeon","",-90%,"₹ 40",77.14,"Aug 2019",4060,0,35
846870,"Yooka-Laylee and the Impossible Lair","",,"₹ 2249",77.14,"Oct 2019",4661,1,265
1489600,"Nix Umbra","",-25%,"₹ 261",77.12,"Nov 2021",672,0,6
2209610,"Aviator: Air Combat","",,"Free",77.12,"Nov 2022",81,0,5
2349570,"oneway.exe: Module 1.0","",-25%,"₹ 660",77.12,"Oct 2025",1704,0,38
1360670,"MiniMap Kingdom","",,"₹ 154",77.12,"Aug 2023",913,0,7
1237220,"Hentai Thigh","",,"₹ 52",77.12,"Mar 2020",349,0,12
771810,"The spy who shot me™","",,"₹ 379",77.12,"Jan 2019",954,0,9
1063580,"Aeon's End","",,"₹ 690",77.12,"Sep 2019",2801,7,71
3223160,"Apocalypse Express","",,"₹ 205",77.11,"Jun 2025",1923,4,43
2742280,"Fantasista Asuka","",,"₹ 880",77.11,"Feb 2026",1794,12,456
655080,"Crazy Ball Adventures","",,"₹ 42",77.11,"Jul 2017",127,0,6
1945230,"Diablo The Abyss","",,"₹ 399",77.10,"Aug 2023",938,4,556
1260390,"Hentai Furry","",,"₹ 52",77.10,"Mar 2020",1308,0,20153
1558180,"u evade","",,"Free",77.09,"Mar 2021",41,0,3
3691680,"Anomalous Railroad Crossing","",,"₹ 300",77.09,"Aug 2025",201,0,30
340020,"NoseBound","",-55%,"₹ 310",77.09,"Dec 2024",765,0,5
3902680,"Serendipity Bookshop","",,"₹ 200",77.09,"Aug 2025",513,0,11
4436710,"Witness To Mass Incarceration","",,"Free",77.09,"Apr 2026",88,0,3
2197030,"Big Survivor","",,"Free",77.09,"May 2023",76,0,9
2109360,"FAKE HEART","",,"₹ 570",77.09,"Mar 2023",358,0,9
3454250,"101 Cats in Paris","",,"₹ 52",77.09,"Jan 2025",40,0,5
1886930,"Out of the Mist","",,"Free",77.09,"Jul 2023",131,0,7
1845880,"SEARCH ALL - POTIONS","",,"₹ 155",77.09,"Dec 2021",46,0,3
755590,"Battle High 2 A+","",,"₹ 85",77.09,"Dec 2017",187,0,6
1294230,"Interrogation Files: Port Landsend","",,"₹ 259",77.09,"Jun 2020",313,0,7
1097620,"Fast and Low","",,"₹ 569",77.09,"Apr 2023",2189,1,42
400940,"Budget Cuts","",,"₹ 690",77.09,"Jun 2018",16074,2,421
234190,"Receiver","",,"₹ 250",77.09,"Apr 2013",6097,1,1224
567080,"Wizards and Warlords","",,"₹ 480",77.08,"Sep 2020",2722,0,83
602430,"Yono and the Celestial Elephants","",-90%,"₹ 45",77.08,"Oct 2017",1291,75,121
3990760,"Too Well Hidden","",,"₹ 250",77.07,"Mar 2026",228,0,12
966070,"Relow","",,"₹ 299",77.07,"Feb 2020",307,0,14
1287500,"Geisha World","",,"₹ 52",77.07,"Apr 2020",257,0,3
1262930,"Handball Manager 2021","",,"₹ 880",77.07,"Jan 2021",452,2,70
514340,"Aliens Go Home Run","",,"₹ 229",77.07,"Jan 2017",280,0,53
1394810,"Colossus Down","",,"₹ 810",77.07,"Dec 2020",588,0,12
4422700,"Don't Play This DEMO","Demo",,"Free",77.07,"Feb 2026",0,4,14
3669750,"Aquanima","",,"₹ 155",77.06,"Nov 2025",85,0,12
2712660,"Girls of The Tower - Prologue","",,"—",77.06,"Jan 2024",144,0,73
3841400,"Gifts, Please","",-65%,"₹ 85",77.06,"Jan 2026",49,0,6
2896430,"Dust & Courage: Jake Bolton’s Journey","",,"₹ 400",77.06,"Jan 2026",1456,0,12
3519830,"satori","",,"₹ 155",77.06,"Mar 2025",64,0,8
3470080,"Pixelegend","",,"₹ 300",77.06,"Jan 2026",165,0,11
2952120,"Neon Village Demo","Demo",,"Free",77.06,"May 2024",0,1,135
1816890,"TENDY: Robot Gardener","",,"₹ 165",77.06,"May 2022",129,0,5
1239950,"Astronaut: The Best","",,"₹ 459",77.06,"Aug 2023",377,0,28
2901960,"Hentai Girls","",,"₹ 52",77.06,"Apr 2024",224,0,3
1259600,"There Was the Moon","",,"₹ 349",77.06,"Jul 2020",182,0,4
834380,"Cube Zone","",,"₹ 199",77.06,"May 2018",54,0,4
4108400,"The Hambagu Shop Demo","Demo",,"Free",77.06,"Oct 2025",0,1,8
2813380,"Mega Quiz Gaming","",,"₹ 149",77.06,"Feb 2024",133,0,81
726000,"No King No Kingdom","",,"₹ 459",77.06,"Feb 2020",2132,1,21
894620,"ATONE: Heart of the Elder Tree","",,"₹ 324",77.06,"Jan 2023",1410,1,12
1768880,"KAMIMAHOU 神之国的魔法使","",,"₹ 1300",77.06,"Aug 2023",951,0,49
1802980,"Yihongyuan","",,"₹ 345",77.06,"Mar 2023",9347,2,416
1694960,"Furry Feet","",,"₹ 155",77.06,"Aug 2021",2246,5,24
1244630,"House Builder","",-29%,"₹ 820",77.06,"Jan 2024",16557,21,777
2328450,"Fear The Unknown - Dave Story","",,"Free",77.05,"Jan 2025",300,1,28
1933990,"Burger Bistro Story","",,"₹ 329",77.05,"Jan 2023",1394,9,228
2094190,"苍白花树繁茂之时Blood Flowers","",,"₹ 399",77.05,"Apr 2023",1492,0,18
567980,"Santa Rockstar","",,"₹ 260",77.05,"Dec 2016",520,1,1793
3691910,"Free For Fall","",,"₹ 400",77.04,"Nov 2025",683,0,30
2568870,"homebound","",,"Free",77.04,"Sep 2023",98,0,5
1917860,"Visionarium 2 - The Descent","",,"₹ 459",77.04,"Jun 2022",349,0,4
1322600,"Pizza Bike Rider","",,"₹ 42",77.04,"May 2020",115,0,201
4588170,"Stay With Me","",,"Free",77.04,"Apr 2026",103,0,7
568690,"Smash Party VR","",,"Free",77.04,"Dec 2016",197,0,9
2093060,"Soulbound","",,"Free",77.04,"Jan 2024",295,0,9
1897380,"Zemblanity","",,"₹ 200",77.04,"Apr 2022",243,0,8
553950,"GRIDD: Retroenhanced","",,"₹ 409",77.04,"May 2017",586,0,19
4541460,"A Smithing Game","",,"₹ 345",77.04,"May 2026",770,0,55
375310,"Mighty Switch Force! Hose It Down!","",,"₹ 169",77.04,"Jun 2015",753,0,10
586960,"Upside Down","",,"₹ 1300",77.04,"Feb 2017",355,0,3296
1189630,"Path Of Wuxia","",,"₹ 1899",77.04,"Nov 2022",45661,123,16175
1557060,"Wonhon: Prologue","",,"Free",77.03,"Mar 2021",353,0,7
1274710,"Lullaby Days","",,"₹ 529",77.03,"Jan 2022",615,0,22
3048660,"公主：东方与远征（Princess: The East and the Expedition）","",,"₹ 200",77.03,"Jul 2024",650,0,55
356510,"Soccer Rage","",,"₹ 369",77.03,"Jun 2015",1460,0,6
503350,"White Noise 2","",,"₹ 480",77.03,"Apr 2017",30365,0,163
2195400,"Shave & Stuff","",,"₹ 690",77.02,"Nov 2024",395,1,12
2390580,"Hyper Hentai Devil Hell","",,"₹ 52",77.02,"May 2023",388,0,7
1172170,"Krystopia: A Puzzle Journey","",,"₹ 199",77.02,"Oct 2019",175,0,7
708950,"Steam Tactics","",,"₹ 199",77.02,"Sep 2017",505,0,8
3708750,"Virtual Skate Demo","Demo",,"Free",77.02,"May 2025",0,2,21
3926770,"Sun Halo","",,"₹ 300",77.02,"Nov 2025",412,0,67
3452510,"You Sure You Wanna Drink This? Demo","Demo",,"Free",77.02,"Mar 2025",0,0,75
3309140,"Ragnar","",,"₹ 690",77.02,"Nov 2025",1256,0,24
4033610,"Ecopunk","",,"₹ 1012",77.02,"Dec 2025",3399,7,210
531180,"AIRHEART - Tales of broken Wings","",,"₹ 399",77.02,"Jul 2018",2936,0,40
1124080,"Active DBG: Brave's Rage","",,"₹ 810",77.02,"Feb 2023",3705,0,160
315430,"Polarity","",,"₹ 419",77.02,"Nov 2014",5125,0,886
558100,"Art of War: Red Tides","",,"Free",77.02,"Dec 2016",60454,10,4031
1009560,"The Tenants","",-50%,"₹ 370",77.02,"Mar 2021",46031,75,4583
2144460,"Path to purge","",,"₹ 300",77.01,"Jan 2024",723,0,73
1274490,"Green Project","",-50%,"₹ 109",77.01,"May 2020",7566,13,407
280180,"Hover","",-90%,"₹ 56",77.01,"May 2017",21423,1,428
391270,"Fingerbones","",,"Free",77.01,"Mar 2014",6613,0,177
3421280,"Pete's World","",,"Free",77.00,"Oct 2025",38,0,4
1760320,"Leaf Tree","",,"₹ 52",77.00,"Oct 2021",55,0,4
3937150,"Cat's Rage","",,"₹ 400",77.00,"Oct 2025",46,0,3
3486160,"Critical Point","",,"₹ 129",77.00,"Apr 2025",54,0,4
4276130,"Traders Life Simulator Demo","Demo",,"Free",77.00,"Feb 2026",0,1,66
2629190,"Trouble Magnet","",,"₹ 155",77.00,"Feb 2024",86,0,5
1298270,"四魂-X Shikon-X Astro Defense Fortress","",,"₹ 419",77.00,"Aug 2024",379,0,2
3235020,"Affordable Healthcare DEMO","Demo",,"Free",77.00,"Oct 2024",0,0,3
3956740,"Pomelo & Friends: Sevilla","",-34%,"₹ 103",77.00,"Jan 2026",36,0,4
3225890,"PISSed Off: Peeing Simulator","",,"₹ 105",77.00,"Dec 2024",33,0,6
2656350,"Untitled Rougelike Arcade Game","",,"Free",77.00,"Jul 2024",40,0,3
3795560,"Jimmy's No. 44 House","",,"₹ 250",77.00,"Jul 2025",54,0,4
3522930,"Salvage Protocol Demo","Demo",,"Free",77.00,"Feb 2025",0,0,5
2919480,"Is This A Platformer?","",,"Free",77.00,"Apr 2024",56,0,3
1509750,"Cold Heart","",,"₹ 52",77.00,"Feb 2021",40,0,6
1737620,"Please Duology","",,"₹ 199",77.00,"Oct 2021",94,0,4
4070200,"Hentai Clicker: Sayuri is streaming","",,"₹ 155",77.00,"Oct 2025",121,1,10
1729640,"COROCONNECT","",,"₹ 250",77.00,"Sep 2024",49,0,15
4093550,"熵减协议-The Entropy Directive","",,"₹ 52",77.00,"Dec 2025",44,0,9
3490090,"Hentai Rika","",,"₹ 52",77.00,"Feb 2025",87,0,4
2994950,"Throw Bro","",,"₹ 345",77.00,"Oct 2024",66,0,6
2143210,"JOJOvsDIO","",,"Free",77.00,"Sep 2025",68,0,4
1775320,"Spellpowder: Uprising","",,"₹ 690",77.00,"May 2025",339,0,5
4342060,"101 Dogs Hidden in Tokyo","",,"₹ 105",77.00,"Feb 2026",24,0,4
4224900,"Rabbit Samurai","",,"₹ 250",77.00,"Mar 2026",2833,0,40
3925720,"FISH³: FIRST CATCH","",,"Free",77.00,"Nov 2025",189,0,5
3557860,"Pawfish Bay","",,"Free",77.00,"Mar 2025",54,0,4
3487950,"Quadphos Demo","Demo",,"Free",77.00,"Feb 2025",0,0,10
3421810,"Manalia Notes -A memory of innocence-","",,"₹ 250",77.00,"Sep 2025",36,0,5
2791620,"Delicious Donut","",,"₹ 250",77.00,"Feb 2024",23,0,4
2338020,"Mistified","",,"₹ 690",77.00,"Apr 2025",114,1,4
2265440,"Retro Mystery Club Vol.1: The Ise-Shima Case","",,"₹ 480",77.00,"Aug 2023",211,0,3
2737960,"Rise of the Village Hero","",-50%,"₹ 285",77.00,"Mar 2025",81,0,2
3748960,"Desktop Town","",,"₹ 318",77.00,"Nov 2025",136,0,8
4592490,"10 Second Mixtape Demo","Demo",,"Free",77.00,"May 2026",0,0,13
1991600,"The Newton Mystery","",,"₹ 300",77.00,"Oct 2024",103,0,6
2121610,"The Events at Unity Farm","",,"₹ 880",77.00,"Sep 2023",243,0,3
535650,"Dwingle : B.O.T","",,"₹ 169",77.00,"Jun 2017",161,0,4
3404610,"Hentai World Winter","",,"₹ 52",77.00,"Jan 2025",87,0,2
2840020,"Ambulance Chauffeur Simulator 2","",,"₹ 250",77.00,"Mar 2024",33,0,3
1814990,"不充钱还想过关的坦克大战？","",,"₹ 52",77.00,"Dec 2021",61,0,7
1392540,"缄默星空 Silent Space","",,"₹ 529",77.00,"Sep 2020",374,0,5
1288070,"LightBall","",-50%,"₹ 26",77.00,"Apr 2020",36,0,2
1177080,"Geometry Hero","",,"₹ 200",77.00,"Apr 2020",69,0,4
1053190,"Lover Bands","",,"₹ 42",77.00,"Apr 2019",100,0,6
922650,"Caveman Chuck","",,"₹ 199",77.00,"Sep 2018",28,0,2
545660,"Roofbot","",,"₹ 249",77.00,"Feb 2017",270,0,4
4088880,"WizardWare","",,"₹ 250",77.00,"Apr 2026",96,0,6
2519010,"Ekans","",,"₹ 200",77.00,"Oct 2023",46,0,6
3323500,"Half Away","",,"₹ 345",77.00,"Dec 2024",83,0,3
2296750,"On Point","",,"₹ 650",77.00,"Dec 2025",158,0,3
498500,"I Am The Hero","",,"₹ 369",77.00,"Jan 2017",6386,0,87
1922740,"Crisis in the Kremlin: The Cold War","",,"₹ 400",77.00,"Jul 2025",2429,21,651
1426980,"Hidden Memory - Nature","",-4%,"₹ 238",76.99,"Nov 2020",160,0,7
3682360,"Everything Will Be Fine!","",-15%,"₹ 212",76.99,"Mar 2026",352,0,36
1173590,"Dominus Galaxia: KS Edition","",,"Free",76.99,"—",1350,4,26
842810,"Märchen Forest: Mylne and the Forest Gift [Legacy ver.]","",,"₹ 349",76.98,"May 2018",4616,0,52
208600,"Lunar Flight","",,"₹ 479",76.98,"Jan 2012",2625,0,1015
2826540,"Invaders Tower Defense Online","",,"₹ 155",76.97,"Aug 2024",75,0,5
1396050,"Kirakira stars idol project Reika","",,"₹ 419",76.97,"Oct 2020",538,0,6
3789650,"100 Vampire Cats","",,"₹ 105",76.97,"Jan 2026",1220,0,7
3496700,"Hentai Girls: Lust [18+]","",,"₹ 250",76.97,"Jul 2025",245,0,4
2673010,"Sisyphus Paradox","",,"₹ 450",76.97,"Feb 2026",402,0,6
3338600,"The Last Experiment: A Memetric Story","",,"₹ 570",76.97,"Feb 2025",56,0,3
2868270,"Labyrinth: The Wizard's Cat","",,"₹ 250",76.97,"Jun 2024",215,0,4
2109620,"Aery - Path of Corruption","",,"₹ 349",76.97,"Dec 2022",147,0,6
1388090,"Line Dots","",,"—",76.97,"Aug 2020",44,0,4
1932330,"Tobor Party","",,"Free",76.97,"Apr 2022",62,0,8
3014380,"낙화 -falling flower-","",,"₹ 200",76.97,"Jun 2024",50,0,6
2376470,"Enid","",,"Free",76.97,"Apr 2023",52,0,2
2001460,"国際指定怪異123号 廃村","",,"₹ 345",76.97,"Jul 2022",246,0,31
4207860,"エレベーション","",,"Free",76.97,"Dec 2025",89,0,10
3704280,"Reflections of the void Demo","Demo",,"Free",76.97,"May 2025",0,0,7
2282400,"Hearth's Light Potion Shop","",,"₹ 250",76.97,"Mar 2023",344,0,6
3134580,"Alien Cartographer","",,"₹ 250",76.97,"Jan 2026",74,1,7
1313700,"COVID Kawaii!","",,"₹ 459",76.97,"Dec 2022",51,0,5
1169920,"SafeHome","",,"Free",76.97,"Feb 2020",68,0,4
1063350,"Viking Brothers 5","",-50%,"₹ 129",76.97,"Nov 2018",67,1,7
903580,"AstroViking","",,"Free",76.97,"Aug 2018",108,0,4
839230,"Mr. Sweet","",,"₹ 42",76.97,"Aug 2018",46,0,3
757820,"Flowing Lights","",,"₹ 349",76.97,"May 2021",150,0,4
3978710,"Your Friend Wiggles","",,"₹ 155",76.97,"Oct 2025",49,0,5
3514820,"Crypt Keeper","",,"₹ 480",76.97,"Jul 2025",108,0,5
4249800,"蜃境","",,"₹ 300",76.97,"Apr 2026",36,0,4
3778350,"Chess of Mana","",,"₹ 450",76.97,"Feb 2026",181,1,6
1297090,"Stack Up! (or dive trying)","",,"₹ 259",76.97,"Jul 2021",221,0,17
2061260,"发现姐姐是妹控的我今后该如何是好","",,"₹ 42",76.97,"Jul 2022",313,0,4
1394340,"DreamDasher","",,"Free",76.97,"Sep 2020",206,0,18
3916110,"Cats in Pixels by Louisselle","",,"₹ 200",76.97,"Nov 2025",176,0,11
260160,"The Last Tinker™: City of Colors","",-90%,"₹ 49",76.97,"May 2014",2366,101,2907
2185030,"Dealer's Life Legend","",-25%,"₹ 524",76.96,"Jul 2025",2607,15,211
622720,"Weedcraft Inc","",,"₹ 880",76.96,"Apr 2019",12108,5,1609
919370,"Overdungeon","",,"₹ 690",76.96,"Aug 2019",14073,14,2205
769840,"Muddledash","",,"₹ 309",76.95,"Jul 2018",800,0,37
3318550,"Countryballs Conquest","",,"₹ 250",76.95,"Mar 2025",377,1,36
2607320,"Illegal Mahjong","",,"₹ 345",76.95,"Jan 2024",1484,0,89
4277790,"Blackjack Descent","",,"₹ 400",76.94,"Feb 2026",83,0,22
2203030,"Girl Fantasy","",,"—",76.94,"Feb 2023",2703,0,170
1874720,"Elf World Adventure: Part 1","",,"₹ 105",76.94,"Mar 2022",2178,0,70
1827980,"Idle Spiral","",,"Free",76.94,"Apr 2022",1337,209,2214
3870160,"Comic Book Store Simulator Demo","Demo",,"Free",76.92,"Jul 2025",0,0,24
2060320,"Survive Till Morning","",,"₹ 105",76.92,"Nov 2022",152,0,12
1532520,"Day Repeat Day","",,"₹ 415",76.92,"Apr 2021",84,0,6
2621900,"Railway Islands 2 - Puzzle","",,"₹ 250",76.92,"Nov 2023",146,0,12
1972400,"Package Rush","",-80%,"₹ 50",76.92,"Oct 2022",420,0,7
3437060,"Black Fairy Tale","",,"₹ 105",76.92,"Feb 2025",106,0,18
1997070,"HEN, CHICKS AND CATS","",-60%,"₹ 42",76.92,"Jun 2022",104,0,3
1157920,"Beach Body Bros","",,"Free",76.92,"Sep 2019",71,0,3
1439800,"ASMR Journey - Animated Jigsaw Puzzle","",,"₹ 42",76.92,"Nov 2020",58,0,4
839410,"Undead & Beyond","",,"₹ 300",76.92,"Jun 2021",280,0,7
722990,"Dungeons of Hell","",,"₹ 53",76.92,"Oct 2017",263,0,49
706920,"战术狂想1(Chimera of Tactics 1)","",,"₹ 42",76.92,"Sep 2017",281,0,4
1951060,"Fantasy Zoo","",,"₹ 450",76.92,"Aug 2025",252,0,3
849670,"Oval","",,"₹ 329",76.92,"Aug 2019",218,0,14
1071330,"Dark Fantasy 2: Jigsaw Puzzle","",,"₹ 155",76.92,"May 2019",578,0,14
2920690,"SOF: Enemy from the future","",,"—",76.92,"Aug 2024",1261,0,38
1024980,"Tornado!","",,"Free",76.91,"May 2019",223,0,24
2021130,"Demolish & Build 3: Excavator Playground","",,"Free",76.91,"Aug 2022",1057,0,54
3546270,"Rue Valley Demo","Demo",,"Free",76.91,"Mar 2025",0,0,556
598330,"SimAirport","",,"₹ 1100",76.91,"Feb 2020",38353,43,1071
1346110,"Rock Paper SHIFT ⌞REDUX⌝","",,"₹ 52",76.90,"Jul 2020",30,0,12
1139670,"uniTower","",,"—",76.90,"Sep 2019",19,0,4
1124950,"Hyperplex 3D","",,"₹ 199",76.90,"Aug 2019",44,0,4
651360,"Eskimo Bob: Starring Alfonzo","",,"₹ 250",76.90,"Jul 2017",61,0,3
4576280,"The Second Reality Room: Unspoken Truths Demo","Demo",,"Free",76.90,"Apr 2026",0,0,9
4161460,"Under the River","Demo",,"Free",76.90,"Dec 2025",0,0,10
4037870,"Penny for Your Potion Demo","Demo",,"Free",76.90,"Oct 2025",0,0,7
3847950,"Hypno Halo","",-67%,"₹ 290",76.90,"Oct 2025",41,0,3
3825240,"Nocturnomaly","",,"₹ 200",76.90,"Oct 2025",21,0,2
3201630,"Beast Brawl","",,"Free",76.90,"Sep 2024",37,0,6
3031290,"RnGesus Slayer Demo","Demo",,"Free",76.90,"Mar 2025",0,0,3
2645950,"Axona","",,"₹ 222",76.90,"May 2025",59,0,3
2200450,"奇雞快打","",,"₹ 300",76.90,"Jul 2024",69,0,3
1914600,"Rail Fights","",,"₹ 250",76.90,"Feb 2026",48,0,3
1399540,"A Forgetful Loop","",,"₹ 730",76.90,"Sep 2020",66,0,2
2560620,"Der Geistermeister","",,"Free",76.90,"Dec 2023",37,0,4
3772100,"Room Dot Exe","",,"Free",76.90,"Jun 2025",33,0,22
3762960,"Your Holy & Virtuous Heretic Demo","Demo",,"Free",76.90,"Jun 2025",0,0,5
2396150,"Paper Flight - Future Battles","",,"₹ 349",76.90,"May 2024",41,0,3
2063010,"SUSHI ALONe","",,"₹ 199",76.90,"Jul 2022",163,0,5
1801670,"Gem Rifts","",,"₹ 480",76.90,"Jan 2022",62,0,4
1287240,"Siebenstreich's Nerdventure","",,"—",76.90,"May 2021",118,0,3
1241230,"Hack or Die!","",,"₹ 199",76.90,"Sep 2021",31,0,4
1591850,"Wednesday Basketball","",,"₹ 450",76.90,"Nov 2021",94,0,2
2824940,"Rose Cottage Demo","Demo",,"Free",76.90,"Feb 2024",0,0,12
2288560,"FIGHTING PUDDING","",,"₹ 200",76.90,"Feb 2023",14,0,3
1692390,"Another Cat in Dungeons","",,"₹ 85",76.90,"Aug 2021",64,0,2
1650670,"Sokobear: Winter","",,"₹ 199",76.90,"Oct 2021",26,0,3
1793040,"GRAVV: Between Two Worlds","",,"₹ 105",76.90,"Nov 2021",35,0,2
1133520,"ICONIC","",,"Free",76.90,"Jan 2023",53,0,2
4653260,"Big Dig Demo","Demo",,"Free",76.90,"Apr 2026",0,2,22
3408690,"Soul Cards","",,"₹ 250",76.90,"Jun 2025",20,0,5
2719730,"sCATch 2: The Painter Cat","",,"₹ 200",76.90,"Jan 2024",14,0,1
2292840,"My Lovely Pets Collector's Edition","",,"₹ 300",76.90,"Feb 2023",27,0,4
4647180,"Idle Crush Factory Demo","Demo",,"Free",76.90,"Apr 2026",0,0,19
4482370,"Nestify: Cozy Design Demo","Demo",,"Free",76.90,"Mar 2026",0,0,10
4205660,"Dungeon Tactics: Idle, Incremental, Autobattler Demo","Demo",,"Free",76.90,"Dec 2025",0,0,4
4084390,"Grove of the Felled Olives","",,"Free",76.90,"Nov 2025",47,0,1
4071590,"Candy Brain","",-20%,"₹ 200",76.90,"Feb 2026",30,0,2
4067360,"Memo to the Underlord Demo","Demo",,"Free",76.90,"Oct 2025",0,0,4
3984750,"Where's My Red Ball? Demo","Demo",,"Free",76.90,"Sep 2025",0,0,6
3689110,"Divine Sin Demo","Demo",,"Free",76.90,"May 2025",0,0,12
2849700,"John's Hell","",,"₹ 105",76.90,"Mar 2024",15,0,2
2345550,"Meow Legion","",,"₹ 52",76.90,"Mar 2024",55,0,5
1222250,"La Historia De","",,"₹ 259",76.90,"Feb 2020",57,0,10
2607050,"Repent","",,"₹ 300",76.90,"Sep 2024",53,0,2
4269680,"King's Downfall Demo","Demo",,"Free",76.90,"Jan 2026",0,0,12
1182280,"Foodtruck Arena","",,"₹ 480",76.90,"Jul 2021",419,0,6
4211720,"Mine puzzle pieces of flower garden world","",,"₹ 52",76.90,"Mar 2026",2,0,1
2397000,"No Border","",,"₹ 200",76.90,"Feb 2025",24,0,2
2195150,"The Helper","",,"₹ 105",76.90,"Jan 2023",26,0,1
1907280,"Collab Ball","",,"₹ 155",76.90,"Jan 2023",891,0,6
3349060,"Frontline Command","",,"₹ 250",76.90,"Jan 2026",33,0,6
2683520,"Bat Blast!","",,"₹ 400",76.90,"Oct 2024",68,0,3
1699690,"Pow!","",,"₹ 52",76.90,"Sep 2021",56,0,2
2271120,"Danger Cliff","",,"Free",76.90,"Jul 2023",40,0,4
3222920,"Interior Tales","",,"₹ 450",76.90,"Oct 2025",87,0,6
3112030,"Gnomer","",,"₹ 250",76.90,"Sep 2025",60,0,4
3028390,"Knight Fall","",,"₹ 480",76.90,"Jun 2024",28,0,6
2914400,"Hot Pot Game","",,"₹ 200",76.90,"Aug 2025",21,0,3
2468110,"Telmari","",,"₹ 690",76.90,"Feb 2024",143,0,6
2209270,"Moorhuhn Piraten - Crazy Chicken Pirates","",,"₹ 250",76.90,"Mar 2023",102,0,4
4660890,"Pegs X Stickers Demo","Demo",,"Free",76.90,"Apr 2026",0,0,19
4580890,"Void: EMMA Demo","Demo",,"Free",76.90,"Apr 2026",0,0,4
4511290,"Stack Chaos: Alien Express","",,"₹ 104",76.90,"Apr 2026",10,0,9
4422770,"101 Cats in Saint Petersburg","",,"₹ 105",76.90,"Apr 2026",27,0,5
4330530,"TrailRail Demo","Demo",,"Free",76.90,"Feb 2026",0,0,8
4233180,"Seven Seas Jewels Collector's Edition","",,"₹ 690",76.90,"Jan 2026",23,1,12
4178890,"I'm Making a Monster [Prologue]","Demo",,"Free",76.90,"Dec 2025",0,0,4
3957250,"BOT.VINNIK Chess Masters Academy Demo","Demo",,"Free",76.90,"Aug 2025",0,0,3
3858140,"Don’t Touch the Bug","",,"₹ 105",76.90,"Oct 2025",23,0,4
3857880,"Slide Hexagon","",,"Free",76.90,"Jul 2025",18,0,4
3821130,"小小坏女巫 Wicked Little Witch Demo","Demo",,"Free",76.90,"Aug 2025",0,1,8
3595970,"GOAL3 Demo","Demo",,"Free",76.90,"May 2025",0,0,3
3487460,"A Few Days With : Darlene","",,"₹ 155",76.90,"Mar 2025",66,0,3
3460050,"A Sexy Tour With : Tanvi","",,"₹ 155",76.90,"Mar 2025",83,0,3
3237250,"A Sexy Tour With : Akiko","",,"₹ 155",76.90,"Nov 2024",101,0,4
3234380,"Once upon a Dungeon - Infinity","",-20%,"₹ 320",76.90,"Jun 2026",118,0,3
2898860,"Colorless Odyssey Demo","Demo",,"Free",76.90,"Sep 2024",0,0,4
2783850,"Superation","",,"₹ 250",76.90,"May 2025",71,0,2
2653910,"Ling Hun","",,"₹ 250",76.90,"Feb 2024",55,0,5
2486570,"SCRAM!","",,"₹ 250",76.90,"May 2024",50,0,3
2345540,"Perfect Hand of Nostalpix [REMASTER]","",,"₹ 345",76.90,"Aug 2024",168,0,5
3306790,"Settle and Battle: New Empires","",,"₹ 345",76.90,"Jan 2025",64,0,9
1919440,"SPE:X","",,"₹ 259",76.90,"May 2022",81,0,2
2937810,"Animal Bomb Chess","",,"₹ 105",76.90,"May 2024",14,0,12
4106150,"Detective Bass in Fish out of Water","",,"₹ 155",76.90,"Jan 2026",70,0,3
1604450,"AI Battle Royale Generator","",,"₹ 200",76.90,"Jul 2021",78,0,3
3580100,"Sokowand","",,"₹ 250",76.90,"Mar 2025",19,0,3
1799290,"Ball Boys","",,"₹ 199",76.90,"Sep 2022",16,0,8
3671980,"Job Battle Simulator","",,"₹ 300",76.90,"Nov 2025",62,0,10
2218120,"Colorway Antics","",,"₹ 480",76.90,"Mar 2023",66,0,2
1134730,"Wetpants","",,"Free",76.90,"Aug 2019",33,0,4
739950,"Fruit Attacks VR","",,"₹ 459",76.90,"Feb 2018",127,0,5
1161110,"In - Sight","",,"Free",76.90,"Jan 2020",46,0,2
1058750,"无奇刀 Wookie's Blade","",,"₹ 219",76.90,"Sep 2019",246,0,2
632040,"VR Sand","",,"₹ 199",76.90,"Feb 2019",78,0,3
3186930,"Their Navy Is Their Doom","",,"₹ 155",76.90,"Oct 2024",56,0,2
2140080,"Pretty Overseer - Dating Sim","",,"₹ 790",76.90,"Nov 2023",415,0,6
1753890,"El Pescador","",,"₹ 42",76.90,"Oct 2021",24,0,4
1655020,"GlassSmash 2","",,"₹ 105",76.90,"Aug 2021",22,0,2
1610700,"Clutter 1000","",-60%,"₹ 139",76.90,"Jun 2021",34,3,9
1581070,"Lock Lock: Farm","",,"₹ 109",76.90,"Apr 2021",22,0,1
1472320,"Silver Cats","",,"₹ 499",76.90,"Dec 2020",99,0,3
1445580,"Good puzzle: Music","",,"₹ 155",76.90,"Oct 2020",24,0,2
1423280,"Synthwave Hop","",,"₹ 219",76.90,"Apr 2021",31,0,4
1294120,"Bragger's Run","",,"₹ 165",76.90,"Nov 2020",50,0,2
1254180,"Sliptime Sleuth","",,"₹ 259",76.90,"Jun 2020",91,0,7
1207540,"Puzzle Frame","",,"₹ 85",76.90,"Feb 2020",24,0,3
1124960,"EMMA: Lost in Memories","",,"₹ 399",76.90,"Aug 2019",62,0,5
1063120,"Damaged In Transit","",,"₹ 459",76.90,"Mar 2020",68,0,3
1013600,"Rodent Warriors","",,"₹ 349",76.90,"Jan 2020",140,0,8
1009390,"Insanus Express","",,"₹ 349",76.90,"Feb 2019",251,0,4
843710,"Déjà Vu","",,"₹ 349",76.90,"Jul 2020",68,0,3
715990,"Maybot Run","",,"₹ 42",76.90,"Oct 2017",60,0,3
698650,"Neon the Ninja","",,"₹ 369",76.90,"Mar 2018",452,0,5
683780,"Salvo Subs","",,"Free",76.90,"Jan 2025",48,1,13
671560,"Iggy's Zombie A-Pug-Alypse","",,"₹ 165",76.90,"Sep 2017",38,0,7
666810,"Luna","",,"₹ 42",76.90,"Aug 2017",43,0,3
4376380,"Horse & Horse Demo","Demo",,"Free",76.90,"Feb 2026",0,0,8
3327590,"The Confinement","",,"₹ 480",76.90,"Apr 2026",48,0,3
2636200,"Petey Pedro unBEETable Adventure","",,"₹ 690",76.90,"Dec 2023",30,0,2
3651780,"Mafioso's Dice","",,"₹ 200",76.90,"Mar 2026",86,0,11
1962490,"FurBalls Racing","",,"₹ 200",76.90,"Jan 2023",70,0,10
3681250,"LOST ALTR Demo","Demo",,"Free",76.90,"May 2025",0,0,3
3796870,"Jupiter Junkworks Demo","Demo",,"Free",76.90,"Jun 2025",0,0,20
3407360,"Pardon My French Toast","",,"₹ 880",76.90,"Dec 2025",192,1,4
4459260,"Pick Some Axe","",,"Free",76.90,"May 2026",70,1,5
3757220,"Survive the Swarm Demo","Demo",,"—",76.90,"Jun 2025",0,0,8
2841870,"Preserve Demo","Demo",,"Free",76.90,"Mar 2024",0,0,111
4050200,"Ariokan Demo","Demo",,"Free",76.90,"Oct 2025",0,0,14
446510,"Armed and Gelatinous: Couch Edition","",,"₹ 1099",76.90,"May 2024",261,0,4
4236290,"King's Downfall","",,"₹ 400",76.90,"Apr 2026",151,1,7
4063700,"Quail Game","",,"₹ 105",76.90,"Nov 2025",28,0,11
1481930,"Trajectory Fracture","",,"Free",76.90,"Dec 2020",38,0,2
428220,"TurnOn","",,"₹ 479",76.90,"Jun 2016",3958,0,26
3833670,"Wizard Cats Demo","Demo",,"Free",76.90,"Jul 2025",0,4,422
4005560,"Maktala: Slime Lootfest","",,"₹ 250",76.90,"Nov 2025",1602,117,1636
799800,"Animals Memory: Cats","",,"₹ 200",76.89,"Feb 2018",72,0,4
684680,"Polygoneer","",,"₹ 52",76.89,"Aug 2017",874,3,1018
1227780,"Taur","",,"₹ 569",76.89,"Feb 2020",16544,9,666
1906140,"SEARCH ALL - BERRIES","",,"₹ 155",76.88,"Feb 2022",71,0,6
542880,"Byte Family","",,"₹ 260",76.88,"Oct 2016",120,0,1936
358650,"Gryphon Knight Epic","",,"₹ 498",76.88,"Aug 2015",911,0,173
677160,"We Were Here Too","",-75%,"₹ 120",76.88,"Feb 2018",28732,66,1017
1006270,"oldbI tyt ?","",,"₹ 52",76.86,"Jan 2019",82,0,10
1844580,"69 Iris Hot","",,"₹ 250",76.85,"Dec 2021",339,0,4
3470150,"Blight's Grasp","",,"Free",76.85,"Apr 2025",125,0,8
1778630,"Bee: The Knight","",,"₹ 200",76.85,"Jun 2022",24,0,8
1452770,"Super Neat Cat","",,"Free",76.85,"Dec 2020",114,0,5
1247880,"听见我的心 Listen to My Heart","",,"—",76.85,"Jun 2020",308,0,9
831110,"Unconventional Warfare","",,"₹ 480",76.85,"Apr 2022",2251,0,13
1230860,"2MD: VR Football Evolution","",,"₹ 419",76.85,"Apr 2020",210,0,16
1799850,"Transformation Tycoon","",,"Free",76.85,"Dec 2021",464,1,26
3367600,"Dream Garden","",-25%,"₹ 300",76.85,"Nov 2025",1638,0,26
2848740,"OverRider","",,"₹ 480",76.85,"Nov 2024",640,0,7
816080,"Ultimate Select Hero / 究极勇者的选择传说","",,"₹ 85",76.85,"May 2018",1036,0,15
881420,"Six Ages: Ride Like the Wind","",,"₹ 915",76.84,"Oct 2019",7763,0,175
1072710,"Soviet Jump Game","",,"—",76.84,"Jul 2020",2762,0,1910
2012270,"Workaholic","",,"Free",76.83,"Jul 2022",160,0,13
682470,"真实幻象 / Behind The Truth","",,"₹ 200",76.83,"Feb 2018",389,0,10
2406870,"BATTLEPOPES","",,"Free",76.83,"Aug 2023",227,0,8
2424490,"ENDLING","",,"Free",76.83,"Sep 2025",119,0,6
2130590,"PUNCH FIT","",,"Free",76.83,"Sep 2022",223,0,12
3069470,"Dollar","",-50%,"₹ 26",76.83,"Jul 2024",417,291,1854
2473480,"Tails of Iron 2: Whiskers of Winter","",-60%,"₹ 520",76.83,"Jan 2025",12803,31,1104
1138190,"Poker Championship","",,"Free",76.83,"Sep 2019",1452,144,370
2800280,"Bermuda Survivor","",,"₹ 250",76.82,"Oct 2025",755,0,16
4358400,"Weed Supermarket Simulator Demo","Demo",,"Free",76.82,"Feb 2026",0,3,54
3471060,"Sweet Delights: The Girl’s Cafe Quest","",,"₹ 105",76.82,"Feb 2025",319,0,5
512240,"Duckpocalypse","",,"₹ 169",76.82,"Aug 2016",181,0,5
2474750,"Happy Poker","",,"₹ 322",76.82,"Mar 2025",188,0,27
1479030,"2ECONDS TO STΔRLIVHT: My Heart's Reflection","",,"Free",76.82,"Jan 2021",294,0,22
301460,"Electronic Super Joy: Groove City","",,"₹ 199",76.82,"Jun 2014",758,0,116
402260,"Dead Secret","",,"₹ 459",76.82,"Mar 2016",10463,0,32
2226700,"挂姬恶魔 IDLE DEVILS","",,"₹ 200",76.82,"Jan 2024",3186,33,836
1349120,"球球少女/Pinball Girls","",,"₹ 185",76.81,"Feb 2021",8964,0,639
1133580,"Snapshot VR","",,"Free",76.80,"Apr 2024",554,0,29
861710,"Geometry Rush","",-66%,"₹ 36",76.80,"Jul 2018",147,0,4
1513420,"Escalation!","",,"₹ 1100",76.80,"Aug 2020",3564,1,23
610120,"Little Kite","",-60%,"₹ 127",76.80,"Sep 2017",646,0,3104
1510860,"Out of Sight","",,"Free",76.80,"Mar 2021",913,1,43
289260,"Dreamscapes: The Sandman - Premium Edition","",-50%,"₹ 172",76.80,"Apr 2014",422,1,18
553610,"ArsonVille","",,"₹ 260",76.79,"Nov 2016",237,0,5725
875740,"Scorch","",,"Free",76.79,"Aug 2018",859,0,43
1912340,"The Fantasy World of Mahjong Princess","",,"₹ 399",76.78,"May 2022",1514,1,133
1112340,"The Dreadful Whispers","",,"₹ 349",76.78,"Sep 2019",1041,0,39
682450,"Garrison: Archangel","",,"₹ 459",76.78,"May 2020",3864,0,129
737870,"Conduct DELUXE!","",,"₹ 349",76.78,"Dec 2017",1237,1,23
685340,"Delivery from the Pain:Survival / 末日方舟:生存","",-40%,"₹ 240",76.78,"Jun 2019",10986,12,376
294230,"Millie","",,"₹ 165",76.77,"Apr 2014",804,0,1688
382050,"Eon Altar","",,"—",76.77,"Jun 2016",15719,0,217
1314880,"Shoo, Box!","",,"Free",76.76,"Jul 2020",65,0,10
3965970,"Sin hotel","",,"₹ 155",76.76,"Sep 2025",131,0,9
2602820,"Kizuyami | 刻闇","",,"₹ 250",76.76,"Nov 2024",141,0,3
3163770,"Mindweaver Chronicles","",,"₹ 480",76.76,"Sep 2025",938,0,9
3009410,"Moor Rail","",,"₹ 480",76.76,"Feb 2026",157,0,8
2991450,"DeckLand","",,"₹ 690",76.76,"Mar 2026",269,2,13
666340,"Inescapable VR: Underground","",,"₹ 85",76.76,"Aug 2017",103,0,4
1025710,"Real Al's Humanity Academy","",,"Free",76.76,"Apr 2019",102,0,12
2425680,"The Witch In The Woods","",-20%,"₹ 200",76.76,"Nov 2025",391,0,9
1871740,"GRADUATER","",,"₹ 85",76.76,"Apr 2022",38,0,7
1845610,"New Year Girls","",,"₹ 52",76.76,"Dec 2021",162,0,3
1668820,"Horses and Girls","",,"₹ 52",76.76,"Nov 2021",161,0,2
1410580,"Wave of Time","",-25%,"₹ 360",76.76,"Sep 2020",90,0,7
1357890,"Son of Aral","",,"Free",76.76,"Jul 2020",133,0,4
1099070,"Legendary gun","",,"₹ 85",76.76,"Oct 2019",161,0,5
666010,"Refract","",,"₹ 58",76.76,"Mar 2017",200,0,7
676930,"TwinCop","",,"₹ 459",76.76,"May 2019",588,0,7
361350,"Skyhook","",-60%,"₹ 160",76.76,"May 2016",692,0,465
3444630,"Coastal Kitchen Simulator","",-30%,"₹ 336",76.76,"Dec 2025",725,9,55
2142540,"Magical Girl Clicker","",,"₹ 259",76.76,"Oct 2022",1298,6,76
3017730,"Unbox the Room","",,"₹ 400",76.76,"Oct 2025",1240,2,90
3382220,"OVERDOSE","",,"₹ 200",76.75,"Apr 2025",480,0,19
300400,"Unpossible","",,"₹ 169",76.75,"Jul 2015",1262,0,11
1388650,"League Of Enthusiastic Losers","",,"₹ 399",76.75,"Oct 2021",613,0,14
2985630,"Revelation of Decay Demo","Demo",,"Free",76.75,"Jun 2025",0,9,696
453100,"Frederic: Resurrection of Music Director's Cut","",,"₹ 219",76.75,"Apr 2016",781,0,654
930780,"Blood Card","",,"₹ 459",76.75,"May 2019",4700,0,209
3050530,"Shokudo Underworld","",,"₹ 300",76.74,"Sep 2024",1247,1,96
1016930,"The Great Perhaps","",,"₹ 319",76.74,"Aug 2019",2549,1,24
2289450,"Idle Cave Miner","",,"Free",76.74,"Dec 2023",1189,763,2289
720150,"Shikhondo(食魂徒) - Soul Eater","",,"₹ 349",76.73,"Oct 2017",1894,0,21
339160,"Tales of the Orient: The Rising Sun","",,"₹ 480",76.73,"Feb 2015",396,0,1739
1554600,"Wife Quest","",,"₹ 300",76.73,"Sep 2021",2084,0,58
1978330,"Life Gallery","",,"₹ 240",76.73,"Jan 2023",997,1,49
1783280,"Ghostlore","",-50%,"₹ 440",76.73,"May 2023",11647,3,646
1060310,"Great Toilet Simulator","",,"₹ 52",76.72,"May 2019",271,0,9
2520280,"Powers in the Basement","",,"Free",76.71,"Dec 2023",243,0,10
2242220,"Forest Fire","",,"₹ 300",76.71,"May 2023",470,0,22
1190990,"Colormeleons","",,"₹ 52",76.71,"May 2020",74,0,107
888010,"Tango: The Adventure Game","",,"₹ 105",76.71,"Nov 2018",463,0,6
1229270,"Onirike","",,"₹ 690",76.71,"Jun 2021",575,0,10
1267580,"Classic Sport Driving","",,"₹ 250",76.71,"Jun 2023",626,0,6
4068140,"Гвалт Демо","Demo",,"Free",76.71,"Oct 2025",0,1,128
2096080,"Agent in Depth","",,"₹ 155",76.70,"Jan 2024",1054,0,20
1162680,"[Chilla's Art] Stigmatized Property | 事故物件","",,"₹ 155",76.70,"Oct 2019",4114,0,52
429050,"Feed and Grow: Fish","",,"₹ 479",76.70,"Jan 2016",57809,216,1056
1423080,"异世界无厘头生活2","",,"—",76.69,"Apr 2022",1812,0,50
1424600,"Verne: The Shape of Fantasy","",,"₹ 690",76.69,"Aug 2023",4403,0,51
1138960,"Biomass","",,"₹ 690",76.68,"Oct 2020",1675,0,19
2663450,"RC Revolution: High Voltage - 免费玩","",,"Free",76.68,"Jan 2024",271,0,26
3349970,"Gamestonk Simulator: Gone Rogue","",,"₹ 649",76.68,"May 2026",1419,3,370
996770,"Moving Out","",,"₹ 569",76.68,"Apr 2020",23009,35,652
4296270,"Escape the Dynasty","",,"₹ 480",76.67,"Apr 2026",1761,0,188
1153170,"Bomber Bother","",,"Free",76.67,"Oct 2019",137,0,10
1827660,"Loco Shortline Operations","",,"₹ 770",76.67,"Dec 2021",526,0,28
753660,"AtmaSphere","",-81%,"₹ 38",76.67,"Feb 2018",1703,1,592
1115780,"The Almost Gone","",,"₹ 349",76.66,"Jun 2020",3375,0,150
4220240,"Warfleet Captains Demo","Demo",,"Free",76.65,"Jan 2026",0,0,16
1349000,"Jigsaw Puzzle - Animals","",,"₹ 54",76.65,"Aug 2020",68,0,7
1550450,"Cyjin: The Cyborg Ninja","",,"₹ 349",76.65,"Nov 2021",224,0,8
2992190,"Blue Hunter","",,"₹ 690",76.65,"Feb 2025",245,0,7
4078290,"Tackle Box: The First Catch","",,"Free",76.65,"Dec 2025",138,1,10
2147670,"Meme Quiz","",,"₹ 155",76.65,"Feb 2023",74,0,5
1110980,"Warden of the Isles","",,"₹ 349",76.65,"Feb 2020",169,0,5
701910,"Dawn of a Soul","",,"Free",76.65,"Oct 2017",129,0,6
1346210,"Regrowth","",,"₹ 480",76.65,"Apr 2021",237,0,5
425160,"Recursion Deluxe","",,"₹ 259",76.65,"Feb 2016",547,0,295
341820,"Plush","",,"₹ 42",76.65,"Feb 2015",297,0,8
2470130,"御姐初长成","",,"₹ 52",76.65,"Sep 2023",2084,1,87
2939180,"Hentai Luna","",,"₹ 52",76.64,"May 2024",162,0,6
2091130,"TIS - True Idle Simulator","",,"₹ 155",76.64,"Sep 2022",75,1,30
2164870,"Sinister Entity","",,"₹ 300",76.64,"Dec 2023",250,0,6
632250,"DERU - The Art of Cooperation","",,"₹ 479",76.64,"Nov 2018",742,0,10
4286150,"Hold Your King Demo","Demo",,"Free",76.64,"Feb 2026",0,23,64
3774300,"Jeff The Killer: Horror Game","",,"₹ 300",76.64,"Oct 2025",688,2,19
706130,"Far from Noise","",,"₹ 299",76.64,"Nov 2017",649,0,11
465000,"Event Horizon","",,"₹ 299",76.64,"Dec 2018",1223,3,18
862580,"OK/NORMAL","",,"₹ 155",76.63,"Jun 2018",721,0,17
3896780,"Funny Bones","",,"Free",76.62,"Oct 2025",60,0,6
3558200,"JNZ: Anchor Archetype","",,"₹ 480",76.62,"Mar 2026",1147,0,17
1690210,"Sea of Dreams","",,"₹ 155",76.62,"Apr 2022",70,0,2
3958860,"荒岛钓鱼记","",,"Free",76.62,"Nov 2025",38,0,14
1332210,"Signs of the Sojourner: Prologue","",,"Free",76.62,"May 2020",146,0,14
2860270,"Orbs of Chaos","",,"₹ 250",76.62,"Aug 2024",229,0,5
4221140,"Space Trench","",,"₹ 250",76.62,"Jan 2026",291,0,13
2940100,"King of Ping Pong: MEGAMIX","",,"₹ 345",76.62,"Nov 2024",122,0,4
2077050,"69 Natasha Hot","",,"₹ 250",76.62,"Aug 2022",100,0,3
2458060,"Dogu the Adventurer","",,"₹ 200",76.62,"Aug 2023",213,0,6
1849370,"SGS Pacific D-Day","",,"₹ 699",76.62,"Apr 2022",361,0,7
3741120,"帝王拆迁办","",,"Free",76.62,"Jul 2025",75,0,9
786280,"Armored Squad","",,"₹ 199",76.62,"Nov 2017",97,1,4
796780,"Star Drift","",,"₹ 399",76.62,"Feb 2018",279,0,12
589680,"Chainless","",,"Free",76.62,"Mar 2017",70,0,3
2262190,"Hentai Beach","",,"₹ 52",76.62,"Jan 2023",101,0,4
1422290,"Jardinains!","",,"₹ 459",76.62,"Apr 2021",101,1,8
1410070,"Bunny Hop","",,"₹ 299",76.62,"Dec 2020",110,0,3
1406930,"Space Travel Jigsaw Puzzles","",,"Free",76.62,"Oct 2020",86,0,107
1237060,"Wise Escape From Prison (현명한 감옥 탈출기)","",,"Free",76.62,"Feb 2020",42,0,4
1212730,"トトのおもちゃばこ","",,"Free",76.62,"Feb 2020",137,0,4
971500,"Bubble Burst","",,"₹ 125",76.62,"Dec 2018",63,0,6
915190,"Cartoony Cars 2","",,"Free",76.62,"Nov 2018",61,0,6
775310,"Blood of Patriots","",,"₹ 199",76.62,"Feb 2018",153,0,5
3448870,"Necrologium","",-40%,"₹ 288",76.62,"Sep 2025",206,1,5
1510410,"Inkslinger","",,"₹ 199",76.62,"Apr 2021",148,0,4
381880,"Red Rope: Don't Fall Behind","",-70%,"₹ 104",76.62,"Jul 2016",2693,0,14
3334400,"PIO","",,"Free",76.62,"Jan 2025",365,0,43
3975100,"SUMMER -14 Days Vacation- Demo","Demo",,"Free",76.61,"Oct 2025",0,1,72
2382650,"I Swear This Hentai Game Was A Gift","",,"₹ 105",76.61,"May 2023",254,0,6
2141230,"人生牌","",,"—",76.61,"Nov 2022",108,0,29
820510,"Camp W","",,"Free",76.61,"Jul 2018",332,0,6
1770160,"69 Samantha Love","",,"₹ 250",76.61,"Oct 2021",195,0,6
830470,"MazeBot","",,"Free",76.61,"May 2018",69,0,4
4218600,"Blackjack Roulette","",,"₹ 155",76.61,"Mar 2026",84,0,17
1673620,"Rhythmetallic","",,"₹ 199",76.61,"Jul 2021",132,0,5
3343940,"Spin Forward","",,"₹ 200",76.61,"Jul 2025",103,0,22
1247160,"WarDogs: Red's Return","",,"₹ 165",76.61,"Apr 2021",212,0,4
2250590,"Hentai EroElf","",,"₹ 52",76.61,"Jan 2023",297,0,7
1999470,"THE LAST HUMAN IS A BIKER","",,"₹ 105",76.61,"May 2023",209,0,9
727070,"Hex","",,"₹ 165",76.61,"Nov 2017",161,0,3
3405100,"Crashed","",,"Free",76.61,"Jan 2025",87,0,8
3874050,"Duck Life 4 Classic","",,"₹ 259",76.61,"Sep 2025",93,0,7
4037090,"Arcane Rivals","",,"₹ 200",76.61,"Jan 2026",362,0,33
1876000,"IFO","",,"₹ 200",76.61,"May 2022",207,0,14
394700,"Karma. Incarnation 1","",,"₹ 199",76.61,"Oct 2016",2210,0,245
1192610,"ANIME REDEMPTION","",,"₹ 105",76.61,"Feb 2020",1271,0,1575
400080,"Out of Space","",-75%,"₹ 115",76.61,"Feb 2020",11503,37,331
4203540,"垂钓大师 FishingMaster","",,"—",76.60,"Jan 2026",71,0,79
708260,"Text Wormhole","",,"₹ 259",76.60,"Nov 2017",172,0,6
1528580,"Neon Ships: The Type'em Up Shooter","",,"₹ 250",76.60,"Feb 2021",151,0,5
1780550,"OVERLOOK","",,"₹ 480",76.60,"Nov 2025",349,0,7
3217120,"Esports History: Prologue","",,"Free",76.60,"Sep 2024",143,0,55
2139350,"Dead Second","",,"₹ 459",76.60,"Oct 2022",311,0,5
1610230,"True Game","",,"₹ 299",76.60,"May 2021",420,0,14
619220,"GoBlock's Impossible Medley","",,"₹ 52",76.60,"Apr 2017",75,0,3856
497730,"The Wardrobe - Even Better Edition","",,"₹ 479",76.60,"Feb 2017",3034,2,66
628200,"The Invisible Hand","",-80%,"₹ 122",76.60,"May 2021",5951,3,317
2315430,"The Executive - Movie Industry Tycoon","",-40%,"₹ 183",76.60,"Feb 2025",7615,7,1129
1755890,"Repit","",,"₹ 480",76.59,"Dec 2021",75,0,6
3015350,"Echoes of Dread","",,"₹ 300",76.59,"Nov 2024",223,0,14
1458590,"Anime Artist 3: Harem","",,"₹ 105",76.59,"Nov 2020",533,0,196
419500,"Red Game Without A Great Name","",,"—",76.59,"Dec 2015",380,0,874
572620,"Pierhead Arcade 2","",,"₹ 459",76.59,"Aug 2021",398,0,10
1223250,"Hentai Cosplay USSR","",,"₹ 52",76.59,"Jan 2020",383,0,7
1302780,"Zombo Buster Advance","",,"₹ 199",76.59,"Aug 2020",481,1,27
555050,"Racket Fury: Table Tennis VR","",,"₹ 1300",76.59,"Nov 2017",1257,0,14
433100,"The Town of Light","",-75%,"₹ 140",76.59,"Feb 2016",17390,3,155
3468270,"TAPE DENIAL","",,"₹ 250",76.58,"Feb 2025",124,0,17
4403800,"Quarantine Market Simulator Demo","Demo",,"Free",76.58,"Feb 2026",0,0,5
3487620,"Hit It Back","",,"₹ 610",76.58,"May 2025",79,0,6
3346270,"Maximum Chaser : 1001 Squad","",,"Free",76.58,"Mar 2025",46,0,2
3246030,"Angel Demo","Demo",,"Free",76.58,"Nov 2024",0,0,7
3029210,"Space Scavenger 2 Demo","Demo",,"Free",76.58,"Aug 2024",0,1,65
4256270,"Deukdo Beat","",,"₹ 345",76.58,"Mar 2026",26,0,6
3785640,"Gentle Psycho :: Yan Side","",,"₹ 770",76.58,"Dec 2025",99,0,6
1479540,"Dragon Mission","",,"₹ 105",76.58,"Jan 2021",83,0,2
3185600,"No Arm","",,"₹ 105",76.58,"Sep 2024",23,0,3
2356730,"스쿨라이프","",,"Free",76.58,"Apr 2023",47,0,4
2342390,"SUGAMENIA","",,"₹ 480",76.58,"Jun 2024",106,0,4
1738670,"Fairground Power Polyp Simulator","",,"₹ 345",76.58,"Dec 2022",89,0,6
3940220,"Lazy Lord: War on the Desktop","",,"₹ 105",76.58,"Oct 2025",32,0,23
2077800,"Streamer's Court","",,"₹ 199",76.58,"Jul 2022",153,0,10
1963280,"JAMPING FISH","",,"₹ 125",76.58,"May 2022",27,0,6
1461710,"Kagura's Dreamland 神樂夢境","",,"₹ 200",76.58,"Dec 2020",96,0,4
4193800,"Hentai Clicker: Stella is streaming","",,"₹ 155",76.58,"Dec 2025",89,0,8
2966790,"May's Journey","",,"Free",76.58,"Jun 2024",91,0,6
2209470,"Interplayer","",,"₹ 155",76.58,"Nov 2022",83,0,8
4296190,"青羽沉梦-终霰篇 Demo","Demo",,"Free",76.58,"Feb 2026",0,0,23
3773820,"Hentai Tales: Under Her Watch Forbidden Lessons","",,"₹ 52",76.58,"Jun 2025",181,0,4
3701980,"Endzone Girls","",,"₹ 400",76.58,"May 2025",50,0,4
3453460,"Touhou Unite Arena","",,"₹ 159",76.58,"Apr 2026",144,1,11
3370120,"Block Puzzle","",,"₹ 105",76.58,"Dec 2024",47,0,6
2825410,"Serke","",,"₹ 300",76.58,"Feb 2025",110,0,3
2766400,"Fixer's Tale","",,"₹ 250",76.58,"May 2024",91,0,4
2249120,"Blockappend","",,"₹ 200",76.58,"Mar 2023",81,1,25
2091540,"RUSHAWAY","",,"₹ 530",76.58,"Feb 2023",119,0,6
2010920,"Symphony Of Motion","Application",,"Free",76.58,"Apr 2023",120,0,3
847790,"Indentured Servant","",,"Free",76.58,"Jun 2018",41,0,3
1791710,"Spacefolk City","",,"₹ 880",76.58,"Nov 2021",181,0,3
911580,"Audio Infection","",,"Free",76.58,"Nov 2018",58,0,2
779730,"Foosball VR","",,"₹ 489",76.58,"Nov 2018",160,0,4
3478210,"Hentai World Festival","",,"₹ 52",76.58,"Feb 2025",101,0,2
3048030,"Werner Waffenwerke: Arms Tycoon","",,"₹ 880",76.58,"Oct 2025",282,0,12
2665210,"Hentai Exotic","",,"₹ 52",76.58,"Dec 2023",109,0,3
1830000,"Block City: Bus Edition","",,"₹ 105",76.58,"Dec 2021",40,0,2
1628850,"Failed Ninja Academy","",,"Free",76.58,"Jun 2022",50,0,2
1489000,"The World's Hardest Game 3D","",,"₹ 125",76.58,"Feb 2021",75,0,12
1371540,"Spartoi Meadow","",,"₹ 300",76.58,"Aug 2020",153,0,3
1251200,"Glitchy Apocalypse Simulator","",,"Free",76.58,"Nov 2020",50,0,3
1072030,"Adventure in Russia: Road to Harvetsky","",,"₹ 52",76.58,"May 2019",34,0,2
754830,"Travel Mosaics 6: Christmas Around the World","",,"₹ 52",76.58,"Dec 2018",39,0,8
729390,"Debris Infinity","",,"₹ 250",76.58,"Dec 2017",98,0,4
2498740,"Dark Pact","",,"₹ 480",76.58,"Apr 2025",385,0,4
1212110,"Knockback: The Awakening","",,"₹ 199",76.58,"May 2020",151,0,7
4137980,"My Helpers Demo","Demo",,"Free",76.58,"Apr 2026",0,0,8
2733690,"Grub Truck","",,"₹ 650",76.58,"Jun 2024",412,0,11
4338390,"FROST: Quiet Light Demo","Demo",,"Free",76.58,"Feb 2026",0,0,8
2122000,"Tricky Tracks","",,"₹ 200",76.58,"Jul 2023",252,0,8
2954000,"SuperSuperMarket!","",,"₹ 200",76.58,"Aug 2024",71,0,7
3067780,"KURU","",,"₹ 250",76.58,"Oct 2024",56,0,6
3608490,"Tiny Bomber Demo","Demo",,"Free",76.58,"Dec 2025",0,0,5
3516640,"Desktop Pasture","",,"₹ 200",76.58,"Jul 2025",42,0,5
1175660,"DepowerBall","",,"₹ 810",76.58,"Aug 2023",124,0,12
1249890,"Survival Denied","",,"₹ 399",76.58,"Apr 2020",97,0,5
1937840,"Stargazing: Genesis","",,"Free",76.58,"Mar 2022",247,0,46
546220,"Red Comrades 3: Return of Alaska. Reloaded","",,"₹ 259",76.58,"Nov 2017",1565,0,139
763180,"Anima Flux","",,"₹ 880",76.57,"Oct 2024",17217,0,22
391250,"Alien Robot Monsters","",,"₹ 219",76.57,"Sep 2015",338,0,35
3177120,"Fatal Midnight","",,"—",76.57,"Oct 2024",270,0,12
3234700,"Break Siege","",,"₹ 690",76.56,"May 2025",1770,0,138
1228870,"Bartlow's Dread Machine","",,"₹ 219",76.56,"Sep 2020",478,0,7
370080,"Breezeblox","",,"₹ 125",76.56,"May 2015",251,0,8
1138970,"Dandy Dungeon - Legend of Brave Yamada -","",,"₹ 519",76.56,"Nov 2019",696,2,29
3008520,"Perfect World","",,"Free",76.56,"Jun 2024",134,0,5
1778590,"Equinox","",,"Free",76.56,"Dec 2021",317,0,20
546410,"Grab the Bottle","",,"₹ 159",76.56,"May 2017",372,0,777
618140,"Barro","",,"₹ 86",76.56,"Mar 2018",1973,3,2291
534000,"Fast Action Hero","",,"₹ 409",76.55,"Oct 2016",2015,0,9
510490,"The Fall Part 2: Unbound","",,"₹ 489",76.55,"Feb 2018",3584,1,103
2715870,"Before I Go","",,"₹ 880",76.54,"Apr 2026",828,3,29
2331220,"1 Million Zombies","",,"₹ 480",76.54,"Dec 2023",337,0,15
941020,"BAYANI - Fighting Game","",,"₹ 479",76.54,"Jun 2019",978,0,13
1367430,"Furry Woof and Nya","",,"₹ 52",76.54,"Aug 2020",199,0,5
241300,"Card City Nights 2","",,"₹ 480",76.54,"Sep 2017",839,0,62
492180,"Haimrik","",-90%,"₹ 48",76.54,"Jun 2018",1304,0,27
2321770,"The Druid","",,"Free",76.53,"May 2023",422,0,23
4113260,"みつめ","",,"Free",76.53,"Feb 2026",224,7,682
3682700,"Girls, I just want to get paid!","",,"₹ 200",76.53,"Nov 2025",1623,1,63
605920,"VOLTED","",,"₹ 199",76.53,"Jul 2018",487,0,10
1605960,"Zombie Survival online","",,"Free",76.53,"Apr 2021",275,0,21
1136020,"Cannibal Cuisine","",-90%,"₹ 41",76.53,"May 2020",930,3,138
1320950,"The Swine","",,"₹ 105",76.53,"Jun 2020",712,0,8
683940,"Lawgivers","",,"₹ 345",76.53,"Apr 2020",2524,1,57
2009860,"Tower Escape","",-4%,"₹ 387",76.53,"Feb 2023",3609,1,283
280010,"Gunjitsu","",,"₹ 229",76.52,"Jul 2015",416,0,155
340830,"Razenroth","",,"₹ 250",76.51,"Aug 2015",1282,0,1018
420930,"CHKN","",,"Free",76.51,"Apr 2016",14355,7,289
1260320,"Party Animals","",,"₹ 1124",76.51,"Sep 2023",658292,4110,104174
937300,"The Long Return","",,"—",76.50,"Oct 2019",1051,0,20
1573170,"Games and Girls","",,"₹ 52",76.49,"Apr 2021",258,0,5
2134970,"The Hotel","",,"₹ 529",76.49,"Nov 2022",863,0,9
510520,"Little Red Lie","",,"₹ 369",76.49,"Jul 2017",503,0,14
713530,"ARMORED KITTEN","",-84%,"₹ 40",76.49,"Oct 2017",1446,0,384
1416230,"Panzer Knights","",,"₹ 1109",76.49,"May 2021",15716,4,254
2888870,"Dadish 3D","",,"₹ 690",76.48,"Apr 2024",299,0,12
3349860,"Dr. COG","",,"Free",76.48,"Dec 2024",189,1,98
674130,"Bare Metal","",,"Free",76.48,"Dec 2017",211,0,31
565720,"Pretty Girls Panic!","",,"₹ 105",76.48,"Dec 2016",940,0,329
1006930,"Hentai Jigsaw Puzzle","",,"₹ 105",76.46,"Feb 2019",666,0,98
1842690,"Station Manager","",,"₹ 329",76.46,"Mar 2022",1751,14,107
326840,"Heart&Slash","",-80%,"₹ 91",76.46,"Aug 2016",6421,0,110
607490,"HAUNTED: Halloween '86","",,"₹ 369",76.45,"Mar 2017",285,0,4
3618560,"DEATHMARK","",-40%,"₹ 155",76.45,"Apr 2026",166,0,28
4268770,"TownsFolk Demo","Demo",,"Free",76.45,"Jan 2026",0,0,21
3072280,"Flappy Horse","",,"Free",76.45,"Jul 2024",34,0,3
3360370,"Love Mansion Demo","Demo",,"Free",76.45,"Jun 2025",0,0,77
1442390,"Grey Scout","",,"₹ 155",76.45,"Sep 2020",100,0,3
1628890,"NecroBoy : Path to Evilship","",,"₹ 480",76.45,"Oct 2022",304,0,5
1451880,"Color Breakers","",-70%,"₹ 120",76.45,"Jul 2021",206,1,8
510130,"Power Link VR","",,"Free",76.45,"Aug 2016",238,0,8
1666320,"Hentai Waifu Girls","",,"₹ 42",76.45,"Aug 2021",246,0,7
991240,"Trivia Throwdown","",,"₹ 199",76.45,"Jun 2019",50,0,4
788760,"Cubiques","",,"₹ 165",76.45,"Feb 2018",172,0,4
4545850,"Age of Gods","",,"Free",76.45,"May 2026",150,1,24
1655250,"Horny Girl Hentai Puzzle","",,"₹ 52",76.45,"Jun 2021",601,0,8
928670,"Kids of Hellas: Back to Olympus","",,"₹ 125",76.44,"Feb 2019",128,0,14
896040,"The Impure","",,"₹ 199",76.44,"Aug 2018",619,0,19
745250,"YAPP: Yet Another Puzzle Platformer","",,"₹ 105",76.44,"Dec 2017",142,0,8
771700,"Airhead","",,"₹ 900",76.44,"Feb 2024",1312,0,9
1973320,"Road Defense: Outsiders","",-20%,"₹ 124",76.44,"May 2023",1058,1,87
1289990,"Alan's Automaton Workshop","",,"₹ 459",76.44,"Jan 2022",3606,0,134
412520,"Evil Defenders","",,"₹ 199",76.44,"Nov 2015",1804,1,177
263500,"Dragons and Titans","",,"—",76.44,"Mar 2014",17945,0,991
601930,"Trianguluv","",,"₹ 105",76.43,"Mar 2017",170,0,1557
1008920,"Photographs","",,"₹ 399",76.42,"Apr 2019",975,0,24
485120,"Frog Climbers","",,"—",76.42,"Oct 2016",718,0,40
3613270,"Star Ores Inc.","",,"₹ 1099",76.42,"Nov 2025",2928,9,885
2012100,"WHAT THE BAT?","",,"₹ 1100",76.41,"Nov 2022",630,0,9
1165450,"OCO","",,"₹ 199",76.41,"Aug 2021",234,0,11
327500,"Zenzizenzic","",,"—",76.41,"Jul 2015",643,0,13
545180,"Muffled Warfare - Echolocation Shooter","",,"₹ 349",76.41,"Apr 2018",7100,0,23
3907100,"空王座 Empty Throne","",,"Free",76.41,"Sep 2025",139,0,10
1040590,"Killer Chambers","",,"₹ 199",76.40,"Apr 2019",267,0,15
2987830,"The Nameless City","",,"₹ 300",76.40,"Jul 2024",304,0,4
556240,"Disoriented","",,"₹ 155",76.40,"Nov 2016",2126,0,740
569800,"LEAVES - The Journey","",-84%,"₹ 40",76.40,"Mar 2017",919,2,199
3288600,"SKIBIDI GYATROOMS","",-50%,"₹ 52",76.40,"Jan 2025",396,3,34
575680,"Square n Fair","",-81%,"₹ 38",76.39,"Jan 2017",137,0,2001
3436100,"Passant: A Chess Roguelike Demo","Demo",,"Free",76.39,"Jan 2025",0,1,162
1116550,"Elon Simulator 2019","",,"Free",76.39,"Oct 2019",731,0,15
549260,"Alwa's Awakening","",,"₹ 480",76.39,"Feb 2017",3177,1,65
3873220,"Factory Planner: First Sparks","",,"Free",76.38,"Oct 2025",341,0,42
605770,"Luna","",,"₹ 459",76.38,"Oct 2017",1496,0,15
252470,"Space Pirates And Zombies 2","",-50%,"₹ 282",76.38,"Nov 2017",49064,12,2283
1935400,"小小无常 Little Wu Chang","",,"₹ 610",76.37,"Nov 2024",191,0,15
1436640,"6-7","",,"₹ 105",76.37,"Jan 2026",54,0,4
3648440,"M.A.L.M.O : Scorched Earth","",,"Free",76.37,"Aug 2025",130,0,6
1830450,"Square Farm","",,"₹ 250",76.37,"Oct 2022",191,0,20
3855690,"Hentai Stella","",,"₹ 52",76.37,"Aug 2025",181,0,4
3106650,"T.D.Z. 4 Chapter 1 - Arrival","",-88%,"₹ 36",76.37,"Sep 2025",185,1,7
2328290,"Hentai Oni","",,"₹ 52",76.37,"Mar 2023",267,0,4
4481630,"Gunja Tteokbokki","",,"Free",76.37,"Mar 2026",56,3,8
557670,"Spooky Night","",,"Free",76.37,"Nov 2016",276,0,6
1619080,"Cake Invaders","",,"₹ 250",76.37,"Jun 2021",179,0,4
451100,"Cubikolor","",-75%,"₹ 92",76.37,"May 2016",156,0,43
1928510,"未知记录","",,"Free",76.37,"Apr 2022",193,1,36
3178910,"Keyboard Soldier","",,"Free",76.37,"Sep 2024",114,0,7
1629320,"Dear Brother","",,"Free",76.37,"May 2021",182,0,5
2641890,"Project I","",,"Free",76.37,"Nov 2023",159,0,6
2873800,"Monster Battle","",,"₹ 250",76.37,"Jun 2024",66,0,8
4195460,"HoloType: Treasure Zombie Island","",,"₹ 450",76.37,"Feb 2026",637,1,143
4224830,"MineGeon: Renegades Demo","Demo",,"Free",76.37,"Dec 2025",0,3,22
433700,"Carpe Lucem - Seize The Light VR","",-80%,"₹ 138",76.37,"Apr 2016",367,0,4
1573080,"Recoiled","",,"Free",76.37,"Mar 2021",94,0,8
1921760,"Pocket Academy","",,"₹ 329",76.37,"Jun 2022",1408,4,173
2052990,"My Lovely Empress","",-70%,"₹ 269",76.37,"Aug 2024",6033,3,272
505060,"Warcube","",,"₹ 349",76.37,"Jan 2017",5900,0,121
1478030,"Mambo Wave","",,"₹ 52",76.36,"Jan 2021",1749,0,14
1060630,"ぶんまわしヒーロー / Full Swing Hero","",,"Free",76.36,"May 2019",786,0,14
847530,"HyperBowl","",,"₹ 42",76.36,"Jul 2018",109,0,6
342530,"Heroes Never Lose: Professor Puzzler's Perplexing Ploy","",,"₹ 359",76.36,"Nov 2015",497,0,19
3027820,"Nexus Rumble: The Ultimate Showdown","",,"Free",76.36,"Jul 2024",165,7,210
3063190,"Traveler Arena","",-30%,"₹ 336",76.35,"Nov 2025",1959,0,67
1367250,"Arabel","",-85%,"₹ 60",76.35,"Aug 2020",262,0,3
1499990,"Forgetter","",,"₹ 249",76.35,"Apr 2021",428,0,8
2059740,"Hoverboy","",,"Free",76.35,"Jul 2022",83,0,4
3891910,"戦国英雄譚-Samurai Heroes-","",-40%,"₹ 288",76.35,"Feb 2026",300,8,232
2311290,"Hentai Sera","",-40%,"₹ 31",76.35,"Mar 2023",246,0,6
722890,"Last Berserker™ : Endless War","",,"₹ 42",76.35,"Jan 2018",126,0,4
411870,"Discovering Colors - Animals","",,"₹ 229",76.35,"Apr 2016",123,0,5
3498010,"Sushi Cat - Tower Defense","",,"₹ 480",76.35,"Mar 2026",396,1,67
551690,"Counter Fight","",,"—",76.35,"Nov 2016",1380,0,19
2096510,"The Ouroboros King","",,"₹ 480",76.35,"Feb 2023",2717,9,160
486650,"Potato Thriller","",,"₹ 250",76.35,"Jun 2016",833,0,10
661130,"ChilloutVR","",,"Free",76.35,"Feb 2021",6906,31,1409
4004790,"There's No Differences: Dragons","",,"₹ 200",76.34,"Feb 2026",19,0,6
4310700,"100 Tiki Cats","",,"₹ 105",76.34,"Apr 2026",429,0,3
4038470,"Slumber Realm Demo","Demo",,"Free",76.34,"Oct 2025",0,0,4
3762280,"Mahjong House: Challenge All Achievements","",-25%,"₹ 39",76.34,"Jun 2025",28,0,4
3564970,"Welcome to the Sharehouse ~domestic life with three cute girls~ Demo","Demo",,"Free",76.34,"Apr 2025",0,1,6
3033960,"Bounce Ball","",,"Free",76.34,"Jul 2024",288,0,3
2989500,"Aerial Cleaner","",,"₹ 105",76.34,"Dec 2024",46,0,1
2685630,"Sling Puzzle: Golf Master","",,"₹ 690",76.34,"Feb 2024",35,0,1
2299520,"Japanese Style Tien Gow","",,"₹ 400",76.34,"Nov 2023",37,0,12
1857980,"The Paper Game","",,"₹ 200",76.34,"Jun 2022",57,0,2
713740,"Train Your Minibot","",,"₹ 349",76.34,"Jun 2021",47,0,2
3703470,"도형세계에서 렙업하자!","",,"₹ 200",76.34,"Aug 2025",15,0,8
3652080,"MasterRunners","",,"Free",76.34,"Feb 2026",47,1,9
2482810,"Beer n Pee Dreams VR","",,"₹ 105",76.34,"Aug 2023",13,0,2
3926040,"Deskcat","",,"₹ 52",76.34,"Aug 2025",21,0,5
3207270,"TiME WASTER","",,"₹ 105",76.34,"Oct 2024",28,0,2
2214030,"Aim Expert","",,"₹ 450",76.34,"Feb 2023",35,0,4
1814110,"Kitty Cat Squash","",,"₹ 130",76.34,"Dec 2021",16,0,2
1579000,"Super Head Ball","",,"₹ 219",76.34,"Dec 2021",48,0,5
1342270,"Nofrills Solitaire","",,"₹ 105",76.34,"Jun 2020",32,0,4
2336210,"Monochrome Heights","",,"₹ 690",76.34,"Oct 2025",48,0,4
1929450,"Oh Sheep!: Baaaa","",,"Free",76.34,"Sep 2022",38,0,3
1000750,"Rotund Rebound","",,"₹ 529",76.34,"Apr 2022",78,0,3
1763590,"Chair Spinning Simulator","",,"₹ 85",76.34,"Dec 2021",21,0,14
4299870,"Crystals Bureau","Demo",,"Free",76.34,"Mar 2026",0,0,6
4252570,"Atana Demo","Demo",,"Free",76.34,"Feb 2026",0,2,17
4068710,"Apes vs. Everyone","",,"₹ 250",76.34,"Nov 2025",13,0,4
4033310,"The Zamazingo","",,"₹ 52",76.34,"Oct 2025",39,0,3
3758650,"词力牌：LexiLoong","",,"₹ 345",76.34,"Jul 2025",9,0,2
3564360,"Pillar of gods","",,"₹ 200",76.34,"Mar 2025",55,0,6
3401580,"Snowman Mo Demo","Demo",,"Free",76.34,"Dec 2024",0,0,3
3311550,"Big Adventure: Trip to Europe 9 - Collector's Edition","",,"₹ 400",76.34,"Nov 2024",14,0,4
3137320,"Big Adventure: Trip to Europe 8 - Collector's Edition","",,"₹ 400",76.34,"Aug 2024",25,0,5
3133480,"Climbing with Silly Cat","",,"₹ 105",76.34,"Aug 2024",20,0,3
3131240,"Loss","",,"₹ 289",76.34,"May 2025",55,0,3
2638880,"Sut","",,"₹ 52",76.34,"Oct 2023",16,0,2
2519440,"Tangled Crisis","",,"₹ 245",76.34,"Dec 2025",59,0,3
4658790,"F.L.E.E.C.E Demo","Demo",,"Free",76.34,"May 2026",0,0,10
4557950,"Slime Reaper Demo","Demo",,"Free",76.34,"Apr 2026",0,1,15
4485560,"PredaDeck Demo","Demo",,"Free",76.34,"May 2026",0,0,4
4165970,"CRT: Corner Right There!","",,"₹ 155",76.34,"Mar 2026",27,0,9
3929830,"Joey The Duck","",-11%,"₹ 117",76.34,"Jun 2026",45,0,4
3829070,"Playing With The Big Boys","",,"Free",76.34,"Jul 2025",66,0,2
3383850,"The Little Adventure","",,"₹ 329",76.34,"Jan 2025",40,0,2
3218010,"少女 X 愛 X 麻將 Demo","Demo",,"Free",76.34,"Oct 2024",0,0,24
3165120,"Sime Is Back 3D Old School","",,"Free",76.34,"Oct 2024",64,0,2
3082610,"Cube Railway - Puzzle","",,"₹ 155",76.34,"Jul 2024",18,0,2
3078310,"Chrono Crimes Demo","Demo",,"Free",76.34,"Oct 2024",0,0,5
2888890,"Polar Pathways","",,"₹ 250",76.34,"Jun 2025",61,0,1
2698700,"Roku and Rei","",,"₹ 200",76.34,"Jun 2024",21,0,2
2587260,"Chill Seekers","",,"₹ 200",76.34,"Jun 2024",40,0,5
2374040,"Pixel Driver","",,"₹ 300",76.34,"Apr 2023",24,0,2
2132460,"Mr. Healer","",,"₹ 199",76.34,"Nov 2022",50,0,4
1999720,"Morse vs. Horse","",,"₹ 250",76.34,"Apr 2025",24,0,3
1512570,"She turned me into a newt!","",,"₹ 155",76.34,"Jan 2021",38,0,2
2671710,"Wild Thaw","",,"Free",76.34,"Dec 2023",57,0,2
4161550,"My Neko Pet","",,"₹ 52",76.34,"Dec 2025",34,0,5
2685670,"Lines On Sides","",,"₹ 155",76.34,"Aug 2024",51,0,5
3987470,"This Is Why We Don't Play Golf Demo","Demo",,"Free",76.34,"Sep 2025",0,0,10
1316460,"Bounty","",,"—",76.34,"Jun 2022",43,0,5
1206770,"Spaß Taxi","",,"₹ 199",76.34,"Dec 2019",40,0,2
3950030,"Willian's Magical Pass Level 3D","",,"₹ 345",76.34,"Nov 2025",23,0,6
3902600,"Sunrise Of The Time: End Of Blue","",-68%,"₹ 35",76.34,"Feb 2026",31,0,3
3899090,"Add Cross","",,"₹ 155",76.34,"Oct 2025",22,0,3
3201840,"The Last Light","",,"₹ 570",76.34,"Jan 2025",99,0,2
3170880,"MOBA Dodge Trainer","",,"₹ 200",76.34,"Sep 2024",34,0,16
3091510,"Puzzledorf - Demo","Demo",,"Free",76.34,"Jul 2024",0,0,3
3064870,"Last victim. House of Fear","",,"₹ 52",76.34,"Jul 2024",22,0,4
2487710,"EONIA Revelations","",,"₹ 730",76.34,"Mar 2026",90,0,3
2338260,"Human Multiplayer Game","",,"₹ 155",76.34,"Sep 2023",19,0,4
2254110,"Old Bira´s Farm","",,"₹ 105",76.34,"Jan 2023",20,0,2
2002700,"AI UNDER TEST","",,"₹ 155",76.34,"Jun 2022",28,0,2
1301840,"Maggie the Magnet","",,"₹ 105",76.34,"Jul 2022",30,0,4
2304230,"I'm On Merrymaking Watch","",,"₹ 52",76.34,"Feb 2023",34,0,2
1951850,"Fluff","",,"—",76.34,"Jan 2023",35,0,3
3139070,"Peter Pan: Hidden Objects","",,"₹ 400",76.34,"Jan 2025",48,0,2
4188100,"Hentai Cowgirl","",,"₹ 52",76.34,"Jan 2026",66,0,2
4082510,"Perciflette","",,"Free",76.34,"Dec 2025",32,0,3
3369570,"Mamizou's Mimic Check","",,"₹ 155",76.34,"Mar 2025",25,0,3
3281650,"Louis","",,"₹ 250",76.34,"Aug 2025",12,0,2
3033560,"Bajka","",,"₹ 480",76.34,"Oct 2025",74,0,2
2993190,"Emblems: Sunless Vow Demo","Demo",,"Free",76.34,"Jun 2024",0,0,6
2957860,"Lots of Things - Collector's Edition","",,"₹ 250",76.34,"May 2024",24,0,5
2502750,"Battery Hunter","",,"₹ 52",76.34,"Jul 2023",13,0,2
1293130,"Purry & Panther: Lost in Helsinki","",,"—",76.34,"Jun 2024",21,0,3
4765480,"Pick Ball Demo","Demo",,"Free",76.34,"May 2026",0,1,11
4484520,"Lux Anima Demo","Demo",,"Free",76.34,"Mar 2026",0,0,9
4370280,"Fireside Fables Demo","Demo",,"Free",76.34,"Feb 2026",0,0,4
4109080,"FamCram Demo","Demo",,"Free",76.34,"Feb 2026",0,0,3
3954440,"RESEED","",,"₹ 159",76.34,"Apr 2026",72,0,3
3926180,"Perilous Light","",,"₹ 105",76.34,"Oct 2025",42,0,3
3890570,"The Locked Room","",,"₹ 259",76.34,"Sep 2025",57,0,3
3706730,"Crystal Gaiden Origins Demo","Demo",,"Free",76.34,"May 2025",0,0,2
3610000,"Last Stretch","",,"₹ 52",76.34,"Apr 2025",32,0,5
3548200,"A Sexy Tour With : Riley","",,"₹ 155",76.34,"Apr 2025",68,0,3
3439470,"卡皮巴拉的幸福时光 Capybara's Happytime Demo","Demo",,"Free",76.34,"Oct 2025",0,0,20
3299100,"Null Transit","",,"₹ 300",76.34,"Dec 2025",48,0,4
3014720,"Abyssal Wrath Demo","Demo",,"Free",76.34,"Feb 2025",0,0,3
2938770,"V-Girl Maid Aruha","",,"—",76.34,"May 2024",69,0,2
2882980,"The Fanciful Chronicle","",,"Free",76.34,"Jun 2024",30,0,3
2869970,"V-Girl MILF Chloe","",,"—",76.34,"Apr 2024",75,0,3
2734180,"Cube-Field+","",,"₹ 155",76.34,"Jun 2025",18,0,4
1926660,"OUTLANDER","",,"Free",76.34,"Apr 2022",27,0,2
4582060,"Goddess of Strategy Demo","Demo",,"Free",76.34,"Jun 2026",0,0,8
4429480,"Apanana","",,"₹ 200",76.34,"Mar 2026",19,2,11
3934200,"Udder","",,"₹ 155",76.34,"Sep 2025",12,0,2
2513050,"King's Blade Demo","Demo",,"Free",76.34,"Jul 2023",0,0,11
4070770,"节奏勇者/ BeatHero Demo","Demo",,"Free",76.34,"Oct 2025",0,0,7
1281580,"Oh Frog","",,"₹ 529",76.34,"Apr 2020",61,0,7
3734790,"Crystal Effect : Elemental","",,"₹ 200",76.34,"Jun 2025",34,0,2
4700820,"Hentai World Nice","",,"₹ 54",76.34,"May 2026",64,0,2
2980880,"Hentai Sister","",,"₹ 52",76.34,"May 2024",66,0,3
2895140,"shock wave","",,"₹ 1300",76.34,"Apr 2024",14,0,3
2221790,"幻境咖啡馆-Dreamland coffee","",-40%,"₹ 207",76.34,"Jan 2023",100,0,3
1538340,"Field Survivor","",,"₹ 42",76.34,"Feb 2021",31,0,2
1380480,"Blobert","",,"₹ 42",76.34,"Mar 2021",13,0,2
1361150,"Day Island","",,"₹ 155",76.34,"Jul 2020",74,0,3
1204580,"First Contact","",,"₹ 105",76.34,"Feb 2020",67,0,4
1199780,"Santa's Holiday","",,"₹ 480",76.34,"Dec 2019",41,0,4
1181160,"Impossiball - Gamers Challenge","",,"₹ 125",76.34,"Dec 2019",27,0,7
1179570,"Jazz Lightning : Castle Dungeons","",,"Free",76.34,"Dec 2021",68,0,4
1140730,"Pixel Sentry","",,"₹ 52",76.34,"Sep 2019",17,0,3
1070440,"Dark Miasma","",,"₹ 459",76.34,"Oct 2019",63,0,6
1052030,"Star Impact","",,"₹ 199",76.34,"May 2019",62,0,4
1045530,"Stupid Quest - Medieval Adventures","",,"—",76.34,"Apr 2019",61,0,4
1034030,"Bashed.OS","",,"Free",76.34,"Feb 2019",62,0,3
983760,"Chrono Ghost","",,"₹ 459",76.34,"Jan 2019",65,0,5
923670,"Super Shopper","",,"₹ 125",76.34,"Sep 2018",29,0,2
911950,"Origami Flight","",,"₹ 199",76.34,"Apr 2019",83,0,2
821920,"OAOA - Off And On Again","",,"₹ 250",76.34,"May 2021",40,0,4
798170,"Dive","",,"₹ 165",76.34,"Mar 2018",94,0,2
589270,"xoEl Empire","",,"₹ 219",76.34,"Jun 2017",73,0,9
564480,"The Great Wobo Escape","",,"₹ 159",76.34,"Sep 2017",97,0,2
412760,"Revolve","",,"₹ 250",76.34,"Feb 2017",189,0,17
409610,"One Final Chaos","",,"₹ 259",76.34,"Oct 2015",146,0,4
1776700,"Klaus Lee - Thunderballs","",,"₹ 610",76.34,"Jun 2025",228,0,3
4606470,"Snack Smasher Demo","Demo",,"Free",76.34,"Apr 2026",0,0,5
2484180,"Deadshot","",,"₹ 259",76.34,"Sep 2024",75,0,3
4476090,"Geist Heist","",,"Free",76.34,"May 2026",51,0,6
2755020,"Five Gods of Kung Fu","",,"₹ 880",76.34,"Jul 2024",96,0,6
2431830,"The Dark Climb","",,"Free",76.34,"Jun 2023",47,0,2
4254020,"SokoGhost: Unfinished Business","",,"₹ 250",76.34,"Mar 2026",32,0,3
2437290,"Jumalien Demo","Demo",,"Free",76.34,"May 2023",0,0,4
3516450,"Take You Home","",,"₹ 250",76.34,"Mar 2026",28,0,3
1574510,"Kartoffl","",,"₹ 480",76.34,"Nov 2022",83,0,2
4518730,"People are Tools","",,"₹ 359",76.34,"May 2026",58,0,7
4039580,"AstroScaper Demo","Demo",,"Free",76.34,"Nov 2025",0,0,5
3826230,"Defiled West Demo","Demo",,"Free",76.34,"Aug 2025",0,0,5
4213520,"GEODE","",,"Free",76.34,"Jun 2026",47,3,9
2892190,"Dicey Chess","",,"₹ 300",76.34,"Nov 2024",21,0,4
4453080,"All You Can FISH! Demo","Demo",,"Free",76.34,"Mar 2026",0,0,12
2939420,"Battimals","",,"₹ 250",76.34,"Feb 2025",24,0,4
428930,"Into the Belly of the Beast","",,"₹ 479",76.34,"Jun 2016",436,0,3
4152730,"Desktop Stripper","",,"₹ 200",76.34,"Jan 2026",142,1,13
1479980,"Dragon Saddle Melee","",,"—",76.34,"Jan 2022",96,0,20
1841080,"Quantum Velocity","",,"₹ 480",76.34,"Mar 2022",36,0,4
2827450,"ATTA -Spot the Oddities in the Strange Hotel-","",-30%,"₹ 175",76.34,"Feb 2024",397,1,41
1737760,"Platonic","",,"₹ 529",76.34,"May 2022",367,0,17
2502200,"Project:;COLD case.mirage","",,"—",76.34,"Mar 2025",587,1,250
1030760,"SteamDolls - Prologue Demo FREE","",,"—",76.34,"Oct 2024",2055,0,9
821500,"Ria's Hook","",,"₹ 155",76.34,"Apr 2018",223,0,40
407300,"The Last NightMary - A Lenda do Cabeça de Cuia","",,"₹ 200",76.34,"Nov 2015",1266,0,412
334300,"Fake Colours","",,"₹ 459",76.33,"Jan 2015",295,0,1984
497700,"Safety First!","",-75%,"₹ 38",76.33,"Sep 2016",807,3,194
258890,"Type:Rider","",-83%,"₹ 44",76.33,"Nov 2013",1478,0,834
1157340,"Hentai Killer","",,"₹ 52",76.33,"Sep 2019",2034,0,2008
3013700,"Candy & Toys Store Simulator","",,"₹ 610",76.32,"Sep 2024",787,0,112
1505560,"Little Lives","",,"₹ 610",76.32,"Mar 2024",2408,0,62
783810,"牧剑：化神书(Tale Of Swords: Mystery Scroll)","",,"—",76.32,"Feb 2018",1888,0,69
963330,"Nya Nya Nya Girls (ʻʻʻ)_(=^･ω･^=)_(ʻʻʻ)","",,"₹ 52",76.32,"Dec 2018",787,2,12757
596950,"Rat Simulator","",,"₹ 250",76.31,"Jul 2017",983,0,27
406850,"Crush Your Enemies","",,"₹ 480",76.31,"Jul 2016",3456,0,207
1111930,"Underspace","",,"₹ 529",76.31,"Apr 2024",13577,6,135
3151420,"Mystic Explorer","",-60%,"₹ 100",76.30,"Jul 2025",209,5,50
1313050,"Cute Lady","",,"₹ 52",76.30,"May 2020",406,0,8
935560,"Hentai Strip Shot","",,"₹ 105",76.30,"Sep 2018",820,0,99
1123830,"Farm Manager 2021","",-42%,"₹ 875",76.30,"May 2021",26866,34,3227
1066140,"Now You See - A Hand Painted Horror Adventure","",,"₹ 199",76.29,"Sep 2019",473,0,7
1641240,"Hero's Quest","",,"₹ 200",76.29,"Mar 2023",606,2,137
1056390,"Ultra Savage","",,"—",76.29,"Apr 2019",910,0,1357
1139140,"Kimono Girls","",,"₹ 52",76.28,"Aug 2019",335,0,4
754120,"Ninja Stealth 3","",-90%,"₹ 26",76.28,"Dec 2017",351,5,3596
280790,"Creativerse","",,"₹ 899",76.28,"May 2017",115906,26,10929
555290,"Little Briar Rose","",,"₹ 199",76.27,"Dec 2016",2136,0,9
320610,"Questerium: Sinister Trinity HD Collector's Edition","",,"₹ 345",76.27,"Jan 2015",711,0,242
4668570,"Party of Lust","",,"₹ 159",76.26,"May 2026",486,1,43
3513430,"DashFire","",,"Free",76.26,"Aug 2025",217,0,13
3961540,"Duck Dash","",,"Free",76.26,"Sep 2025",155,0,8
1486690,"Flower in the Snow - Resurrection","",,"₹ 177",76.26,"Dec 2020",695,0,6
1337280,"Neon Girls","",,"₹ 52",76.26,"Jun 2020",376,0,4
1187620,"Hentai Pazu","",-40%,"₹ 31",76.26,"Dec 2019",356,0,4
960710,"DON'T GIVE UP: A Cynical Tale","",,"₹ 349",76.26,"Sep 2019",745,0,14
653220,"Chroma Blast","",,"Free",76.26,"Jul 2017",537,2,56
1569970,"Fireball Wizard","",-70%,"₹ 153",76.25,"Jun 2023",237,0,6
3495030,"100 Cyprus Cats","",,"₹ 105",76.25,"Oct 2025",615,0,8
2405120,"Pillars","",,"Free",76.25,"May 2023",57,1,3
997810,"Room Escape: Mark's Room","",,"₹ 155",76.25,"May 2025",43,0,5
1859650,"Ryzer: The Reflectors Path","",,"₹ 42",76.25,"Jan 2022",75,0,5
1315670,"Asteroids 44 (For Four)","",,"Free",76.25,"Jul 2020",65,0,5
1826480,"Escape Master","",,"Free",76.25,"Dec 2021",85,0,7
1531340,"Seasonspree","",,"₹ 200",76.25,"Sep 2024",207,0,6
4343350,"Punk Plush Panic","",,"Free",76.25,"Mar 2026",69,0,3
3844550,"Apartment 22","",,"₹ 199",76.25,"Jul 2025",60,0,3
3805100,"PLAGUN – The Plague Goes On","",,"₹ 250",76.25,"Nov 2025",299,0,13
3118310,"Be Fly","",,"₹ 52",76.25,"Sep 2024",34,0,5
1860540,"Star Sign","",,"₹ 450",76.25,"Oct 2023",154,0,6
2337290,"Ruku's Heart Balloon","",,"₹ 450",76.25,"Nov 2024",65,0,5
2162130,"Deck 'Em!","",,"₹ 155",76.25,"Mar 2023",71,0,3
1608710,"Gridform","",,"₹ 480",76.25,"Jul 2022",96,0,3
3095560,"Hentai Tales: Strange Land Apaku","",,"₹ 52",76.25,"Aug 2024",160,0,5
3066360,"AmaZoo","",,"₹ 587",76.25,"Feb 2025",70,0,5
2310430,"Arrows and Antiquity","",,"₹ 345",76.25,"Aug 2025",53,0,4
540410,"Queendoom","",,"₹ 480",76.25,"Nov 2016",196,0,4
2326840,"Hentai Miko","",,"₹ 52",76.25,"Mar 2023",111,0,3
2135210,"Stinky and Loof in Wonderland","",,"₹ 480",76.25,"Dec 2023",71,0,5
1542170,"vissekom","",,"₹ 155",76.25,"Jan 2021",63,0,5
1355980,"Minimal Maze","",,"₹ 42",76.25,"Jul 2020",64,0,2
1203460,"Koo & Yuu","",,"₹ 52",76.25,"Dec 2019",40,0,4
917910,"Lucid Path","",,"₹ 199",76.25,"Aug 2018",104,0,3
661480,"UniOne","",,"₹ 119",76.25,"Jun 2017",105,0,6
365090,"Super Snow Fight","",,"₹ 259",76.25,"Nov 2015",246,0,5
2397120,"subpar pool","",,"₹ 480",76.25,"Oct 2023",234,0,23
472060,"Ortus Regni","",,"Free",76.25,"Jun 2016",898,0,41
3177210,"酒馆战争","",,"Free",76.24,"Jul 2025",432,0,36
3655930,"Greed's Grub","",,"Free",76.24,"Apr 2025",121,0,8
798790,"PolyCube","",,"Free",76.24,"Nov 2018",224,0,136
503950,"Star Tactics Redux","",,"Free",76.24,"Sep 2016",304,0,825
1974290,"Sentinels of Earth-Prime","",,"₹ 810",76.24,"Apr 2023",632,1,109
1075170,"Weaving Tides","",,"₹ 569",76.24,"May 2021",1688,0,23
1128480,"Nice Jumper","",,"Free",76.23,"Aug 2019",577,0,54
111100,"Snuggle Truck","",,"₹ 250",76.23,"Feb 2012",474,0,181
323670,"Super Indie Karts","",,"₹ 880",76.23,"May 2015",3574,0,11
1177660,"Escape the Ayurok","",,"₹ 530",76.23,"Nov 2019",3452,0,83
1585440,"They Always Run","",-85%,"₹ 72",76.22,"Oct 2021",6017,0,67
752910,"Cookies vs. Claus","",,"₹ 125",76.21,"Dec 2017",534,0,49
641960,"BOXVR","",,"₹ 699",76.21,"May 2019",4970,1,64
1060670,"Taboos: Cracks","",,"₹ 105",76.21,"May 2019",6524,2,219
2591310,"Pure Badminton","",,"₹ 880",76.20,"Dec 2025",2726,58,426
1220370,"Ever Forward","",-85%,"₹ 68",76.20,"Aug 2020",3116,0,66
3073990,"Runeborn","",-35%,"₹ 185",76.20,"Mar 2026",2440,27,421
1259740,"Escape Dungeon","",,"₹ 610",76.20,"Nov 2020",10400,2,214
952920,"Hoyeonjigi","",,"₹ 209",76.19,"Nov 2018",278,0,4
4149320,"Don't Touch the Snail","",-33%,"₹ 55",76.19,"May 2026",476,8,38
1228330,"The Last One Month","",,"—",76.19,"Jan 2022",709,0,46
1729180,"Last Vanguard","",,"₹ 719",76.19,"May 2025",1308,1,15
612060,"Indie Dream","",,"₹ 42",76.19,"Jul 2019",194,0,13
428540,"Fragments of Him","",,"₹ 480",76.19,"May 2016",985,0,12
2072140,"Epic Astro Story","",,"₹ 329",76.18,"Oct 2022",469,0,30
1109420,"The Luminist","",,"Free",76.18,"Apr 2019",189,0,3
2116520,"Fried Panic","",,"Free",76.18,"Sep 2022",78,0,13
2361610,"In His Time","",,"₹ 280",76.18,"Oct 2023",408,0,11
1281530,"Bird Missions","",,"₹ 155",76.18,"May 2020",146,0,8
1202660,"Elizabeth","",,"₹ 185",76.18,"Feb 2020",332,0,10
1126510,"Sad :')","",,"Free",76.18,"Aug 2019",61,0,4
1014550,"One Synth","",,"Free",76.18,"Feb 2019",163,0,13
750660,"Knockout Checkers Chamber","",,"—",76.18,"Dec 2017",313,0,9
501530,"SturmFront - The Mutant War: Übel Edition","",,"₹ 199",76.18,"Aug 2017",367,0,24
3169040,"Seeking Cat","",,"₹ 52",76.18,"Sep 2024",131,0,3
658500,"Ultra Space Battle Brawl","",,"₹ 480",76.18,"Oct 2018",543,0,14
513230,"The Underground Man","",,"₹ 85",76.18,"Sep 2016",7493,0,2542
599460,"Weapon Shop Fantasy","",-90%,"₹ 34",76.18,"Feb 2017",12454,37,1607
1885540,"SEARCH ALL - CATS","",,"₹ 155",76.17,"Feb 2022",122,0,4
1224030,"Erra: Exordium","",,"₹ 739",76.16,"Nov 2023",2194,0,8
459370,"Riverbond","",,"₹ 1100",76.16,"Jun 2019",2484,0,15
2005050,"Dance Dash","",,"₹ 880",76.16,"Sep 2023",1757,0,14
957660,"Catizens","",,"₹ 800",76.16,"Nov 2024",4847,2,93
906100,"Observation","",,"₹ 1100",76.16,"May 2020",20568,6,1034
2856370,"Into the Emberlands","",-55%,"₹ 155",76.15,"Jan 2025",2507,4,106
2332410,"Hero of Fate","",,"₹ 118",76.15,"Sep 2023",1484,3,659
1435670,"Song of Farca","",-90%,"₹ 66",76.15,"Jul 2021",6113,13,204
368730,"No Time To Explain Remastered","",,"₹ 690",76.15,"Jul 2015",10425,0,513
3888200,"SandTable War: Three Kingdoms Demo","Demo",,"Free",76.14,"Sep 2025",0,38,196
1156900,"Output Pasture","",,"₹ 250",76.14,"Mar 2020",542,0,21
1124160,"VR Giants","",,"₹ 880",76.14,"Jun 2023",3149,1,32
1077970,"Dry Drowning","",,"₹ 529",76.14,"Aug 2019",2491,0,76
3057460,"There's No Aliens","",,"₹ 200",76.13,"Dec 2024",46,0,6
2347960,"D Life","",,"₹ 345",76.13,"Jun 2023",147,0,6
1858680,"Redneck Brawl Turbo","",,"₹ 530",76.13,"Apr 2025",38,0,3
1460310,"The Cat Banny","",,"₹ 105",76.13,"Dec 2020",67,0,2
3376950,"Rabolut: Escape From Hell","",,"Free",76.13,"Jan 2025",30,0,2
1222830,"Goalienator","",,"Free",76.13,"May 2021",52,0,4
3646120,"Levitation Simulator 2","",,"₹ 155",76.13,"Apr 2025",22,0,7
2363920,"Jigsaw Puzzle World Memories","",-50%,"₹ 52",76.13,"Jun 2023",51,1,4
2283280,"MiniBob","",,"Free",76.13,"Feb 2023",43,0,3
1644020,"Incredible Dracula: Legacy of the Valkyries","",-50%,"₹ 129",76.13,"Jun 2021",66,0,18
1102080,"Planaris 2+","",,"₹ 219",76.13,"Jul 2019",40,0,4
1085900,"PING REDUX","",,"Free",76.13,"Oct 2019",53,0,4
922820,"Lotus Bloom","",,"₹ 85",76.13,"Feb 2021",47,0,3
3724110,"Hardly Workin'","",,"—",76.13,"Jun 2025",126,0,7
2595770,"PentaZorg","",,"Free",76.13,"Dec 2023",49,0,3
772710,"Fay's Factory","",,"₹ 880",76.13,"May 2024",1249,0,11
4238190,"SUKIMA: The Creeping Gap","",,"₹ 370",76.13,"Mar 2026",83,0,16
2904510,"Mr. Scientist","",,"₹ 155",76.13,"Apr 2024",54,0,3
4212800,"Hentai Saki","",-50%,"₹ 26",76.13,"Jan 2026",143,0,5
4086740,"Hentai Succubus","",,"₹ 52",76.13,"Nov 2025",104,0,6
3946290,"Hentai Lunara","",,"₹ 52",76.13,"Sep 2025",144,0,4
2271040,"Domino Galaxy","",,"₹ 105",76.13,"Apr 2023",53,0,4
3923280,"Word Worm","",,"₹ 155",76.13,"Aug 2025",33,0,4
3875840,"Pigeon Coo-lette","",,"Free",76.13,"Aug 2025",29,0,4
3720880,"Aquaville","",,"₹ 259",76.13,"Apr 2026",160,0,40
3598250,"Virtual Frenzy- Nexus Corps","",,"Free",76.13,"Jun 2025",129,0,48
3511520,"The Artifactory","",-25%,"₹ 660",76.13,"Mar 2026",664,1,15
3196940,"Dice Goblin's Den","",,"₹ 570",76.13,"Mar 2026",375,0,7
2959000,"Shining Hero","",-40%,"₹ 93",76.13,"Jan 2025",62,0,7
2686950,"Byte Hack","",,"₹ 250",76.13,"May 2024",29,0,3
2277310,"Golden Rails: Valuable Package","",-50%,"₹ 172",76.13,"Mar 2023",76,3,30
2628560,"Breaking Box: Rush!","",,"₹ 105",76.13,"Oct 2023",19,0,2
432480,"Grenade Madness","",,"₹ 369",76.13,"Apr 2016",135,0,6
3084870,"Hidden Memories of The Gardens Between","",,"₹ 880",76.13,"Aug 2025",147,0,3
971040,"Pipeline VR","",,"₹ 456",76.13,"Dec 2021",131,0,4
910190,"Hive Slayer","",,"Free",76.13,"Oct 2020",129,0,5
4170850,"Hentai World Office","",,"₹ 52",76.13,"Dec 2025",105,0,4
4008260,"Hentai Age Summer","",,"₹ 52",76.13,"Sep 2025",107,0,2
3621440,"Cut it!","",,"₹ 52",76.13,"Apr 2025",8,0,2
2718070,"SEARCH ALL - SNAILS","",,"₹ 105",76.13,"Dec 2023",31,0,3
2497850,"NUNNA: Prologue","",,"Free",76.13,"Jul 2023",48,0,3
1737240,"天气","",,"₹ 42",76.13,"Sep 2021",107,0,3
1581050,"Memento Infernum","",,"Free",76.13,"Apr 2021",51,0,3
1501920,"Toewr le Fence [DISCONTINUED]","",,"Free",76.13,"Mar 2021",34,0,2
1317310,"The Machine's Garden","",,"₹ 125",76.13,"Aug 2020",71,0,4
1123360,"In Retrospect","",,"₹ 52",76.13,"Sep 2022",79,0,3
1071260,"Horizon Shift '81","",,"₹ 329",76.13,"Jun 2019",91,0,2
1053620,"MIDNIGHT Remastered","",,"₹ 42",76.13,"May 2019",172,0,2
882080,"Star'Shoot","",,"₹ 165",76.13,"Sep 2018",95,0,6
820640,"Aqua Lungers","",,"₹ 419",76.13,"Aug 2019",265,0,3
767200,"Chinese Ink Painting Puzzle & Creator / 國畫拼圖創作家","",,"₹ 125",76.13,"Feb 2018",981,0,6
729180,"Turtle: Voidrunner","",,"Free",76.13,"Oct 2017",38,0,3
719210,"Supposedly Wonderful Future","",,"₹ 349",76.13,"Apr 2018",146,0,4
678720,"Cat Quest: Demo","Demo",,"Free",76.13,"Aug 2017",0,0,56
3982320,"Jumbling Raccoons Demo","Demo",,"Free",76.13,"Apr 2026",0,0,16
4376520,"Gravitee Wars Demo","Demo",,"Free",76.13,"Feb 2026",0,0,11
2743320,"Njuma","",,"Free",76.13,"Jan 2024",56,0,3
3809560,"Evolvania Demo","Demo",,"Free",76.13,"Oct 2025",0,0,12
2473310,"Fledge","",,"₹ 250",76.13,"Jul 2024",74,0,4
3234320,"Spook-A-Boo Demo","Demo",,"Free",76.13,"Sep 2024",0,3,16
3621840,"My Goth Girl","",-50%,"₹ 27",76.13,"Dec 2025",67,1,6
797610,"Subsideria","",,"₹ 199",76.13,"Aug 2018",87,0,5
2966430,"Heartbeats","",,"₹ 200",76.13,"Mar 2025",87,0,7
3346770,"Split Apart Demo","Demo",,"Free",76.13,"Dec 2024",0,0,3
2836750,"Super Infection Massive Pathology","",,"₹ 480",76.13,"Jul 2025",109,0,4
1012450,"HopSquash!","",,"₹ 199",76.13,"Nov 2019",74,0,6
1120240,"Ded Inside","",-76%,"₹ 37",76.13,"Jul 2019",84,0,3
980950,"Crome: Before Purgatory","",,"Free",76.13,"Jan 2019",90,0,4
437090,"Wobbly Jungle","",,"₹ 85",76.13,"Apr 2016",116,0,338
1303350,"Rocky Mayhem","",,"Free",76.13,"Jun 2024",173,0,20
2427360,"Idle Taoist Mage Warrior","",,"₹ 250",76.13,"May 2023",281,4,190
1840730,"Ancient Islands","",-80%,"₹ 65",76.12,"Oct 2022",326,0,6
2721210,"True Disc Golf","",,"₹ 1100",76.12,"Feb 2026",322,0,41
2021410,"Make Love Not War","",,"₹ 52",76.12,"Sep 2022",487,0,8
1502630,"Neon Parkour","",,"₹ 74",76.12,"Jan 2021",72,0,6
3409860,"1+1=？ Demo","Demo",,"Free",76.12,"Jan 2025",0,0,8
4187000,"Watt's the Limit?","",,"₹ 259",76.12,"Apr 2026",159,1,32
3765830,"Sweet Whiskers: Cozy Kitty Stories","",,"₹ 105",76.12,"Sep 2025",126,0,6
2131020,"Escape Space","",,"₹ 480",76.12,"Jan 2024",219,0,6
2434660,"Red Door Yellow Door","",,"₹ 400",76.12,"May 2026",130,0,6
3249580,"Yakiniku Party Survival","",,"₹ 155",76.12,"Oct 2024",130,1,49
2761820,"Highway Drifter: Hajwala Simulator","",,"₹ 480",76.12,"Jan 2026",492,0,11
800290,"ViSP - Virtual Space Port","",,"₹ 459",76.12,"Feb 2019",478,0,7
593250,"Voxel Shot VR","",,"₹ 439",76.12,"May 2017",223,0,4
1914000,"Sweet Car Wash","",,"₹ 52",76.12,"Aug 2022",158,0,3
1767930,"Back again","",,"₹ 52",76.12,"Oct 2021",77,0,5
1250490,"Retro Vaders: Reloaded","",,"Free",76.12,"Apr 2020",72,0,3
1173850,"Zombie Panic In Wonderland DX","",,"₹ 349",76.12,"Nov 2019",454,0,4
1072610,"AvoCuddle","",,"₹ 199",76.12,"Jul 2019",5032,0,3
985510,"Necken","",,"₹ 199",76.12,"Apr 2021",605,0,6
953700,"I'm an adventurer","",,"₹ 125",76.12,"Oct 2018",154,0,17
507060,"Sceal: An Irish Folklore Adventure","",,"₹ 259",76.12,"Oct 2016",309,0,3
380100,"Flute Master","",,"₹ 459",76.12,"Jun 2016",208,0,32
1978460,"Death's Playground","",,"₹ 345",76.12,"Oct 2023",217,0,8
2482180,"As I Began to Dream","",,"₹ 730",76.12,"Nov 2025",452,0,8
1441400,"Mason: Building Bricks","",,"₹ 529",76.12,"Nov 2020",365,0,5
2898150,"Void Sols Demo","Demo",,"Free",76.12,"Mar 2024",0,0,95
4291080,"The Simen Rumors","",,"₹ 400",76.12,"Mar 2026",426,13,105
2050540,"Pocket Clothier","",,"₹ 329",76.11,"Jul 2022",363,1,32
2731640,"QUESTER | OSAKA","",,"—",76.11,"Mar 2024",707,1,68
1589680,"Torii","",,"₹ 205",76.11,"Nov 2022",628,0,7
2850940,"Timestamps: Lost Love","",,"₹ 880",76.11,"Nov 2025",1610,5,93
1493840,"BOT.vinnik Chess: Opening Traps","",,"₹ 105",76.11,"Dec 2020",162,0,8
3939940,"Shoot! & Ahhhhh~","",,"₹ 105",76.11,"Nov 2025",258,0,9
1197030,"Mystic Pillars X Kantara","",,"₹ 259",76.11,"Mar 2020",532,0,6
1080700,"Swordbreaker: Origins","",,"₹ 349",76.09,"May 2022",507,0,13
2838400,"Squiggle Drop","",,"₹ 250",76.09,"Aug 2024",134,1,23
3893900,"Arctic Digger TCG Collection","",,"₹ 480",76.09,"Feb 2026",183,0,108
1297230,"My Jigsaw Adventures - A Lost Story","",,"₹ 250",76.09,"May 2020",115,0,8
961640,"The Tower of Five Hearts","",,"₹ 459",76.09,"Nov 2018",1284,0,13
772090,"Once upon a Dungeon","",,"₹ 199",76.09,"Jan 2018",383,0,8
669710,"Outburst","",,"Free",76.09,"Mar 2020",313,0,87
2232290,"From The Rain","",,"₹ 155",76.09,"Dec 2022",151,0,4
2679650,"She Could Fly: Documentary Escape Game","",,"₹ 105",76.08,"Jul 2024",49,0,5
3698250,"Master of Cigkofte","",,"₹ 300",76.08,"Aug 2025",977,0,8
3876680,"101 Dogs Hidden","",-50%,"₹ 26",76.08,"Aug 2025",31,0,4
773130,"NYAN DESTROYER","",,"₹ 42",76.08,"Mar 2018",62,0,4
406780,"Welcome to Boon Hill","",,"₹ 299",76.08,"Oct 2015",295,0,11
4154870,"Alpha Nomos - Demo","Demo",,"Free",76.08,"Nov 2025",0,0,5
870870,"MeecheenMe","",,"Free",76.08,"Dec 2021",177,0,16
4338800,"天道模拟器之放置修仙","",,"Free",76.08,"Apr 2026",38,3,13
1393320,"Keyword: A Spider's Thread","",,"₹ 489",76.08,"Sep 2021",2206,0,46
382140,"SKYHILL","",-90%,"₹ 34",76.08,"Oct 2015",18493,69,2240
575940,"The Tenth Line","",,"₹ 400",76.07,"Mar 2017",2084,0,47
854080,"Dread Trials","",,"₹ 730",76.07,"Apr 2026",1825,21,410
302730,"Namariel Legends: Iron Lord Premium Edition","",-40%,"₹ 207",76.07,"Jun 2013",319,0,11
346460,"Vector 36","",,"₹ 530",76.07,"Jan 2017",3688,0,31
539330,"Light Fairytale Episode 1","",,"₹ 480",76.07,"May 2019",8303,0,22
1876730,"蔚蓝月下的回忆~SAPPHIRE MOON-FOREVER MEMORIES","",,"₹ 85",76.07,"Sep 2022",937,0,67
325060,"Parallax","",,"₹ 199",76.06,"Mar 2015",1673,0,22
1084790,"WarPlan","",,"₹ 1600",76.06,"Oct 2019",2339,6,45
603350,"Don't cut your hand","",-40%,"₹ 31",76.06,"May 2017",1197,0,23
1041400,"Fight Angel/格斗天使","",,"—",76.06,"Aug 2019",4476,0,40
603810,"A Girls Fabric Face","",,"₹ 155",76.06,"Mar 2017",607,1,8
3659410,"Your Big, Cute Monster Farm","",,"₹ 400",76.06,"Nov 2025",3054,199,3265
411680,"Loot Hound™","",,"₹ 299",76.05,"Nov 2015",548,0,33
1089820,"Reanimation Inc.","",,"₹ 349",76.05,"Oct 2019",563,1,28
480900,"Slap Village: Reality Slap","",,"₹ 155",76.05,"Jul 2016",1340,0,10
1092430,"Budget Cuts 2: Mission Insolvency","",,"₹ 690",76.04,"Dec 2019",3050,1,43
1489130,"Buildodge","",,"Free",76.03,"Apr 2021",125,0,14
2059570,"Forgotlings","",,"₹ 880",76.03,"Feb 2026",2264,0,29
341680,"stratO","",,"₹ 199",76.03,"Jun 2015",483,0,52
1227570,"Lotus Reverie: First Nexus","",-80%,"₹ 95",76.03,"Jan 2021",1061,0,21
288290,"Super Game Jam","",,"—",76.03,"May 2014",1206,0,48
860910,"Hentai 3018","",,"₹ 52",76.03,"May 2018",4954,0,1494
1305050,"Lightless","",,"Free",76.02,"Jun 2020",627,0,19
1507720,"Märchen Forest","",,"₹ 2596",76.02,"Jan 2021",4218,7,115
2712480,"Shikhondo: Youkai Rampage","",,"₹ 623",76.01,"Apr 2024",476,0,13
1202770,"kirakira stars idol project AI","",,"₹ 419",76.01,"Feb 2020",1125,0,11
2516980,"Heroes & Redemption","",,"Free",76.01,"Nov 2024",314,1,38
3868720,"Doomfields","",,"₹ 690",76.01,"Jul 2025",514,0,128
2456330,"Bloompunk","",,"Free",76.01,"Dec 2023",411,0,8
2308220,"Abyss Of Fire","",,"Free",76.01,"Feb 2023",152,0,5
780670,"Fantasy of Expedition","",,"₹ 349",76.01,"Sep 2020",3869,0,992
3947490,"Chicken Fren","",,"Free",76.00,"Jan 2026",115,11,65
1460610,"hocus 2","",,"₹ 125",76.00,"Mar 2021",149,0,5
677720,"Tangrams Deluxe","",,"₹ 199",76.00,"Aug 2017",151,0,8
1751800,"Ibatic","",,"Free",76.00,"Jan 2022",291,0,13
2381340,"-256","",,"Free",75.99,"Apr 2023",157,0,18
1910790,"Lunar Mirror","",,"₹ 349",75.98,"Jan 2023",8348,3,588
2091220,"Kach","",,"Free",75.97,"Aug 2022",247,0,14
2392280,"TDS - Tower Defense Strategy","",-28%,"₹ 583",75.97,"May 2025",1603,7,170
856880,"Fighting Fantasy Classics","",,"Free",75.96,"Jun 2018",2383,1,49
1904820,"Prison Life","",,"Free",75.96,"Sep 2022",4560,5,786
1609050,"Unforgettable You","",,"Free",75.95,"May 2021",110,0,4
1547300,"Drawy","",,"₹ 199",75.95,"Aug 2021",325,0,20
3637800,"Tales of The Nightmares™ Episode One","",,"₹ 200",75.95,"May 2025",430,1,5
2169570,"The Lost Legends of Redwall™: The Scout Anthology","",,"₹ 1100",75.95,"Feb 2024",1044,0,12
1730100,"69 Yuki Love","",,"₹ 250",75.95,"Sep 2021",204,0,8
427770,"Pills4Skills","",,"₹ 155",75.95,"Jan 2016",154,0,128
4011090,"Pizza Slice (Demo)","Demo",,"Free",75.95,"Oct 2025",0,0,138
1331340,"Break the Loop","",,"₹ 676",75.95,"May 2024",903,0,38
2203170,"Hentai DarkElf","",,"₹ 52",75.95,"Nov 2022",438,0,5
3493610,"THREAT -SCREAM AND ESCAPE-","",,"₹ 450",75.95,"Apr 2025",311,1,13
1700700,"There Is No Light 616","",,"—",75.95,"Nov 2021",6640,0,115
1267470,"Warriors of the Nile","",,"₹ 469",75.95,"Aug 2020",4583,5,3034
1457550,"Melody/心跳旋律","",,"₹ 165",75.94,"Dec 2020",674,0,9
1405660,"Shoot Shoot My Waifu","",,"₹ 165",75.94,"Oct 2020",1721,0,44
1046230,"Soccer Player Simulator","",,"₹ 52",75.93,"Mar 2019",273,0,7
1314770,"Three Kingdom: The Journey","",,"₹ 419",75.93,"Apr 2023",1508,3,169
2494780,"#DRIVE Rally","",-40%,"₹ 480",75.93,"Apr 2025",9751,6,129
1894220,"Square","",,"₹ 54",75.92,"Mar 2022",120,0,4
1258190,"Cyber Lady","",,"₹ 52",75.92,"Mar 2020",552,1,403
1192890,"Shoot Them","",,"₹ 155",75.92,"Dec 2019",610,0,8
2947890,"Guardians of the Sanctree: Early Birds","",,"—",75.92,"Jun 2024",1059,1,267
3783770,"Shadow of the Road Demo","Demo",,"Free",75.92,"Jul 2025",0,3,662
3169580,"Never Second in Rome","",,"₹ 610",75.92,"May 2026",4071,21,417
826940,"Maid of Sker","",,"₹ 569",75.92,"Jul 2020",15696,1,332
3188050,"Mini Mini Golf Golf","",,"₹ 480",75.91,"Dec 2024",434,0,8
1269890,"Virus Popper","",,"Free",75.91,"Apr 2020",218,0,14
1370630,"Sport Girls","",,"₹ 52",75.91,"Aug 2020",298,0,4
839670,"Alice's Adventures - Hidden Object Puzzle Game","",,"₹ 200",75.91,"Jun 2018",326,0,103
586320,"UFO - Unfortunately Fortunate Organisms","",,"₹ 52",75.91,"Jun 2017",184,0,611
419810,"House of Hell (Standalone)","",,"₹ 259",75.91,"Jan 2016",619,0,11
3959590,"Typing Break","",,"₹ 450",75.91,"Jan 2026",817,13,68
3448360,"Brainrot Battle Royale","",,"Free",75.91,"Jul 2025",134,0,29
1952930,"Soul Wargame","",,"₹ 499",75.91,"Jan 2023",941,2,49
359350,"Defunct","",,"₹ 299",75.91,"Jan 2016",2253,0,139
3426490,"End Transmission?","",,"Free",75.90,"Feb 2025",364,0,25
2432670,"Sex Coach: Hot Yoga","",,"₹ 690",75.90,"Aug 2025",7546,3,177
1491510,"Recon Control","",-91%,"₹ 44",75.90,"Nov 2021",1622,0,24
3414600,"Tropical Monster Girls Demo","Demo",,"Free",75.90,"Feb 2025",0,5,231
1040390,"Later Daters - Premium","",,"₹ 459",75.89,"Apr 2020",691,0,17
958050,"1001st Hyper Tower","",,"₹ 399",75.88,"Nov 2019",474,0,8
1195920,"Solar Panic: Utter Distress","",,"Free",75.88,"Jan 2020",246,0,5
1194390,"The Land of Crows","",,"Free",75.88,"Dec 2019",199,0,4
836540,"Viking Brothers 2","",-50%,"₹ 129",75.88,"Mar 2017",106,0,11
2073490,"To the Stars","",,"₹ 690",75.88,"Aug 2024",353,0,29
2151710,"Singularity Runner","",,"Free",75.88,"Nov 2022",103,0,9
3634590,"Coloring Voxels","",,"Free",75.88,"Aug 2025",581,19,365
428690,"Youtubers Life","",,"₹ 915",75.88,"May 2016",84584,23,7553
2097030,"Union of Gnomes","",,"₹ 690",75.87,"May 2025",2107,1,399
1074070,"Dust to the End","",,"₹ 595",75.87,"Aug 2021",9068,10,761
3445520,"100 Sri Lanka Cats","",,"₹ 105",75.86,"Sep 2025",829,0,4
2356970,"黑貓：逆光｜Black Cat：Back Light","",,"Free",75.86,"Jun 2023",88,0,5
3422090,"BETWEEN","",,"Free",75.86,"Apr 2025",44,0,2
1598810,"Life of Fly 2","",,"₹ 349",75.86,"Jun 2021",76,0,9
1302220,"The prisoner of the Night","",,"₹ 489",75.86,"Oct 2021",170,0,4
4415380,"Market is Fine","",,"₹ 345",75.86,"Apr 2026",105,0,7
3753590,"Find the Differences 3D","",,"₹ 199",75.86,"May 2026",93,0,6
3744510,"Golftacular!","",,"₹ 300",75.86,"Nov 2025",131,0,8
3164950,"Hentai Tales: The Secret Of Sato","",,"₹ 52",75.86,"Sep 2024",138,0,3
2641810,"1BIT CASTLE REMAKE","",,"₹ 200",75.86,"Jun 2024",117,0,5
1707790,"Dorfs: Hammers for Hire","",,"₹ 450",75.86,"Jun 2022",242,0,7
1252650,"Mini Golf Club","",,"₹ 459",75.86,"May 2020",108,0,8
615330,"Happy Penguin VR","",,"₹ 42",75.86,"Mar 2017",150,0,4
1686850,"Untangle","",,"₹ 199",75.86,"Aug 2021",143,0,5
1221830,"Farmer Pug Dash","",,"Free",75.86,"Jan 2020",43,0,4
1160440,"PARANOIHELL","",,"₹ 199",75.86,"Oct 2019",144,0,5
1094400,"Twin Ruin","",,"₹ 259",75.86,"Dec 2021",210,0,3
992200,"Feathery Ears 羽耳","",,"₹ 349",75.86,"Nov 2019",221,0,4
690550,"Pogo","",,"₹ 199",75.86,"Dec 2018",79,0,10
1704070,"Get Stuffed!","",,"Free",75.86,"Aug 2021",91,0,7
3806100,"Grand Strategy: The Three Kingdoms","",-32%,"₹ 360",75.86,"Mar 2026",145,1,19
1543790,"The Last Friend: First Bite","",,"Free",75.86,"Sep 2021",161,0,5
2377620,"Lord O' Pirates","",,"₹ 250",75.86,"Jul 2025",155,0,13
592020,"SmuggleCraft","",,"₹ 349",75.86,"May 2017",259,0,18
1346420,"Transpire","",,"₹ 52",75.86,"Mar 2021",36,0,6
465430,"Vertigo","",,"—",75.86,"Dec 2016",1744,0,49
357780,"Defend Your Life: TD","",,"₹ 480",75.86,"Apr 2015",1313,0,3130
3029650,"Pape Rangers - Prologue","",,"—",75.85,"Jun 2024",121,0,107
1175120,"群星战纪: 遗失的星辰 - STARS ERA: LOST STARS","",,"₹ 480",75.85,"May 2020",819,0,15
1890760,"Hentai Girls: Contact [18+]","",,"₹ 250",75.85,"Mar 2022",624,0,10
1126270,"Neon Tail","",,"₹ 1100",75.85,"Feb 2024",2267,0,24
1931510,"Attacker-chan!","",,"₹ 199",75.85,"Aug 2022",594,0,26
419990,"Ganbare! Super Strikers","",,"₹ 349",75.85,"Jul 2018",615,0,199
960040,"Clash of Chefs VR","",,"₹ 529",75.85,"Sep 2021",1107,1,20
491220,"Mr. Pumpkin Adventure","",,"₹ 200",75.85,"Jul 2016",1278,1,77
2185780,"Return to abyss 重返深渊","",,"₹ 250",75.85,"Jan 2023",4069,3,2066
671800,"Run!ZombieFood!","",-40%,"₹ 120",75.85,"Jul 2017",8131,12,691
1369720,"Innchanted","",-50%,"₹ 440",75.84,"Mar 2023",2694,3,133
2488630,"Mannequin","",,"Free",75.84,"Oct 2023",276,0,29
341040,"Wars Across The World","",-80%,"₹ 69",75.84,"May 2017",2079,3,105
732050,"Voxel Tycoon","",,"₹ 1100",75.84,"Apr 2021",29135,13,1728
2968020,"Deep Inside","",,"₹ 160",75.83,"Nov 2024",295,1,6
488760,"Left-Hand Path","",,"₹ 699",75.83,"Nov 2017",1885,0,17
2717450,"Museum Mystery: Deckbuilding Card Game","",,"Free",75.83,"Mar 2024",475,0,76
769920,"Odysseus Kosmos and his Robot Quest: Episode 1","",,"Free",75.83,"Jan 2018",2083,130,2999
517160,"Richie's Plank Experience","",,"₹ 459",75.83,"Dec 2017",4566,2,154
2151580,"Infinite Tao","",,"₹ 200",75.83,"May 2023",2123,15,2588
237430,"Expeditions: Conquistador","",,"₹ 565",75.83,"May 2013",12801,3,721
1783090,"Marmoset","",,"₹ 52",75.82,"Oct 2021",268,0,11
2644400,"Irritated Mind: Fear of Warehouse","",,"₹ 530",75.82,"Nov 2024",354,0,8
2492800,"Cat's Cosmic Atlas","",,"₹ 570",75.82,"Aug 2023",220,0,3
1440280,"Killer Inside Us","",,"₹ 155",75.82,"Oct 2020",225,0,12
1218580,"Zerograve","",,"₹ 329",75.82,"May 2022",289,0,3
1208540,"Royale Age: Battle of Kings","",,"—",75.82,"Jun 2021",197,0,14
1182530,"Shadows on the Vatican: Nightingale","",,"₹ 155",75.82,"Jul 2021",191,0,3
762190,"Epic Loon","",,"₹ 349",75.82,"Jul 2018",685,0,6
533050,"Lazy Galaxy: Rebel Story","",,"₹ 199",75.82,"Aug 2018",490,0,7
3956480,"Stocks: Main Force Simulator","",,"₹ 450",75.82,"Dec 2025",301,22,67
2250690,"SkyStrikers","",,"Free",75.82,"Oct 2024",269,0,15
2145810,"Bumblebee - Little Bee Adventure","",-50%,"₹ 174",75.82,"Feb 2023",3025,0,6
683670,"BLOKDODGE","",,"Free",75.82,"Sep 2017",87,0,10
391210,"Arclight Cascade","",,"Free",75.82,"Aug 2015",398,3,71
4179660,"Beauty Store Simulator - Prologue","",,"Free",75.82,"Feb 2026",518,0,32
1939430,"Super SplashTube Bros.","",,"Free",75.82,"Apr 2022",155,0,13
1139950,"Two Weeks in Painland","",,"Free",75.82,"Feb 2020",369,0,6
1298830,"Don't Fall","",,"₹ 329",75.82,"Jun 2020",192,0,15
2539820,"LAPIDARY: Jewel Craft Simulator","",-50%,"₹ 200",75.82,"Mar 2024",696,7,207
3966890,"Dawncaster | The RPG Cardventure","",,"₹ 880",75.82,"Feb 2026",2677,18,500
862480,"The Spiral Scouts","",,"₹ 349",75.82,"Jul 2018",1726,0,186
1914580,"Spirit Hunters: Infinite Horde","",,"₹ 400",75.82,"Jun 2023",4933,1,1816
1069650,"Ultimate Admiral: Age of Sail","",,"₹ 1300",75.82,"Apr 2021",25471,38,926
2194160,"Hentai CatMaid","",,"₹ 52",75.81,"Nov 2022",316,0,6
375600,"Air Brawl","",,"Free",75.81,"Jun 2015",5662,2,107
3202030,"龙胤立志传","",,"₹ 880",75.81,"Mar 2026",14495,3332,33667
868080,"Golf Galore","",,"₹ 42",75.80,"Jul 2018",305,0,401
908050,"Summer Catchers","",,"₹ 450",75.80,"Jul 2019",1847,0,42
1437700,"Autumn and Girls","",,"₹ 52",75.79,"Oct 2020",271,0,5
922250,"Heavy Burger","",,"—",75.79,"Nov 2018",350,0,6
1731870,"Viral Firar","",,"Free",75.79,"Sep 2021",472,0,153
988100,"Super Phantom Cat","",,"₹ 199",75.79,"Mar 2019",1390,0,20
1299620,"Fabled Lands","",,"₹ 850",75.79,"May 2022",8824,1,175
1200900,"Crypto: Against All Odds - Tower Defense","",,"—",75.78,"Mar 2021",682,0,24
1378890,"Indoorlands","",,"₹ 850",75.78,"Oct 2022",2684,1,74
2105990,"Lovebirb","",,"Free",75.78,"Mar 2023",417,0,32
1668610,"Blackhaven","",,"Free",75.78,"Jul 2021",635,0,27
207570,"English Country Tune","",,"₹ 250",75.78,"Nov 2011",479,0,165
2443960,"Room In Dream","",,"₹ 450",75.77,"Aug 2023",542,0,6
2091930,"2MD:VR Football Unleashed ALL✰STAR","",,"₹ 459",75.77,"Sep 2022",106,0,10
1858620,"DRAWER","",,"₹ 200",75.77,"Jan 2022",98,0,6
3375300,"Dark Shadows","",-85%,"₹ 51",75.77,"Feb 2025",64,0,3
3255340,"Art Detective: Hidden Through Ancient China","",,"₹ 250",75.77,"Oct 2024",79,0,4
4644670,"Cow Project 1986","",,"Free",75.77,"May 2026",47,1,3
3521230,"PARALLEL RIFT","",,"₹ 300",75.77,"Mar 2025",120,0,15
2596630,"Freestyle Ice Skater","",,"Free",75.77,"Dec 2023",103,0,12
1668890,"Surfing and Girls","",,"₹ 52",75.77,"Aug 2021",159,0,2
1563780,"BOK-BOK: A Chicken Dating Sim","",,"₹ 42",75.77,"Mar 2021",50,0,2
1519770,"n-body","",,"₹ 155",75.77,"Jan 2020",57,0,4
813250,"Unicorn Dungeon","",,"₹ 199",75.77,"May 2018",116,0,2
690630,"Light Fantastik","",,"₹ 165",75.77,"Mar 2018",100,0,8
686450,"The Little Ball That Could","",,"₹ 299",75.77,"Sep 2017",301,0,4
414490,"Crashnauts","",,"₹ 369",75.77,"Jul 2017",1161,0,7
1338100,"Teratopia","",,"₹ 459",75.77,"Jan 2021",239,0,7
1483890,"Loopomotive","",,"Free",75.77,"Mar 2021",85,0,5
3035490,"N3Rally","",,"₹ 880",75.77,"Jan 2025",459,0,14
1903630,"Evasion from Hell","",,"₹ 349",75.77,"Apr 2022",112,0,5
1700130,"Baking Bustle: Ashley’s Dream","",-50%,"₹ 129",75.77,"Oct 2021",64,0,7
2063960,"69 Berta Hot","",,"₹ 250",75.77,"Jul 2022",187,0,3
2226610,"Aggregator Elevator System","",,"Free",75.77,"Aug 2023",81,0,8
3423380,"Jong Kyu Pon","",,"Free",75.77,"Apr 2025",71,0,24
3385240,"Cats Visiting Christmas Town","",,"₹ 105",75.77,"Dec 2024",40,0,4
3480830,"Minimalist Box","",,"Free",75.77,"Apr 2025",73,0,5
1043710,"Unlanded","",,"₹ 200",75.77,"Jun 2024",150,0,3
618350,"Personal Disco VR","",,"₹ 329",75.77,"Apr 2017",168,0,5
629410,"VectorWave","",,"Free",75.77,"Nov 2017",99,0,33
1550020,"Fastest Hands In The WASD","",,"₹ 125",75.77,"Oct 2021",131,0,30
1328510,"Save Iron Globe","",,"Free",75.77,"Aug 2021",2663,0,4
876890,"Draw It! 2","",,"₹ 105",75.77,"Aug 2018",1373,0,6
858530,"Cat Lady","",,"—",75.77,"Oct 2019",561,0,11
781670,"The Directed","",,"Free",75.77,"Mar 2018",96,0,14
755830,"Lonely Astronaut","",,"Free",75.77,"Mar 2018",170,0,3
692950,"The Dew","",,"₹ 109",75.77,"Sep 2017",277,0,2
691240,"Going Nowhere: The Dream","",,"₹ 52",75.77,"Nov 2017",136,0,3
1423670,"Autopanic Zero","",,"Free",75.77,"Jul 2024",82,0,6
3143490,"My Sleeper","",,"₹ 450",75.77,"Nov 2025",526,0,12
833980,"Dave","",,"₹ 165",75.77,"Nov 2018",271,0,5
3752220,"RiftGuard","",,"₹ 52",75.77,"Sep 2025",91,0,32
1899810,"Dread X Collection 5","",,"₹ 349",75.77,"May 2022",1269,0,128
762590,"Zombie Derby 2","",,"₹ 165",75.76,"Sep 2016",595,0,39
443420,"Artificial Defense","",,"₹ 125",75.76,"Jun 2016",612,0,212
2960560,"Union of Gnomes: Prologue","",,"Free",75.76,"May 2024",751,0,205
251230,"Livelock","",,"₹ 349",75.76,"Aug 2016",11260,3,229
839310,"Signal Simulator","",,"₹ 719",75.76,"Apr 2018",4535,2,136
3110450,"Randal's Tuesday","",,"₹ 880",75.75,"Dec 2025",744,1,51
793880,"MIRAGE","",,"₹ 199",75.75,"Jun 2018",1034,0,28
562210,"Древняя Русь","",,"₹ 119",75.75,"Apr 2017",622,0,27
2936080,"ReSetna","",,"₹ 690",75.75,"Jan 2025",1095,0,15
1045650,"My Stunt Life","",-66%,"₹ 36",75.75,"May 2019",178,0,10
1661270,"Car Detailing Simulator: Prologue","",,"Free",75.75,"Nov 2021",9182,5,276
885570,"Nova-Life: Amboise","",,"Free",75.75,"Jul 2020",6437,33,766
2899310,"Card Engine","Application",,"₹ 690",75.74,"May 2024",1008,5,20
2633950,"Rugrats: Adventures in Gameland","",,"₹ 899",75.74,"Sep 2024",1340,0,17
1954520,"Dullpain","",,"₹ 530",75.74,"Jul 2023",460,0,31
1726130,"Pathless Woods","",,"₹ 880",75.74,"Apr 2024",15499,18,1857
232430,"Gone Home","",-85%,"₹ 103",75.73,"Aug 2013",16065,5,1198
2184470,"South Pole Bebop","",,"Free",75.72,"Dec 2024",464,0,10
1041690,"Mace and Grace: action fight blood fitness arcade","",,"₹ 349",75.72,"May 2020",315,0,12
924940,"Guard of Wonderland","",,"₹ 299",75.72,"Nov 2018",147,0,5
878020,"It's You: A Breakup Story","",,"₹ 199",75.72,"Aug 2018",125,0,5
727450,"Beats Of Fury","",,"₹ 345",75.72,"Apr 2020",203,0,5
899770,"Last Epoch","",,"₹ 1500",75.72,"Feb 2024",227492,1114,264708
2780940,"Paper Dash - Invasion of Greed","",,"₹ 480",75.71,"May 2024",22,0,2
2667100,"Project: NEO","",,"Free",75.71,"Feb 2024",32,0,4
4382410,"Micro Overdrive: Home Tour Demo","Demo",,"Free",75.71,"Feb 2026",0,0,4
4118340,"100 Olympic Cats","",,"₹ 105",75.71,"Apr 2026",621,0,2
4001910,"Maze Infinite Puzzle","",,"₹ 105",75.71,"Sep 2025",16,0,2
3748140,"Syr and The Stars' Revival","",,"₹ 896",75.71,"Apr 2026",98,0,6
3649930,"Bokeh Adventure","",-50%,"₹ 240",75.71,"May 2025",48,0,2
3326650,"Clione's Bomb-Bomb Sweeper","",,"₹ 206",75.71,"Dec 2024",50,0,3
3320390,"Slug's Sister Defense","",,"₹ 206",75.71,"Dec 2024",54,0,12
2767260,"Acapella Master","",,"₹ 250",75.71,"Feb 2024",42,0,4
2702340,"Bomber Festival","",,"₹ 52",75.71,"Mar 2025",310,0,13
2444900,"Walpurgis Raid","",,"₹ 250",75.71,"Dec 2023",74,0,3
1746820,"HYDROGEN","",,"₹ 300",75.71,"Jul 2024",55,0,2
4546050,"Game Dev Simulator","",,"₹ 400",75.71,"Apr 2026",12,0,2
3321360,"Seedbo And That Time The Sun Exploded","",,"₹ 52",75.71,"Dec 2024",15,0,3
2956200,"Brain Tester : Mind trick quiz 2","",,"₹ 155",75.71,"May 2024",29,0,5
2949980,"H Girl 4","",,"₹ 105",75.71,"May 2024",85,0,4
2780930,"Paper Dash - City Hustle","",,"₹ 480",75.71,"Mar 2024",29,0,3
2183870,"DIMENSIONLESS","",,"₹ 200",75.71,"Mar 2023",9,0,1
2142640,"Aery - Heaven & Hell","",,"₹ 349",75.71,"Aug 2023",247,0,2
2103690,"Monstir Iradicator","",,"Free",75.71,"Oct 2022",20,0,1
1824990,"Marmalade box","",,"₹ 300",75.71,"Dec 2021",14,0,2
1565240,"Skillsworn","",,"₹ 300",75.71,"Aug 2024",266,0,6
1281690,"Woody Chopper","",,"₹ 52",75.71,"Aug 2021",15,0,3
521300,"The Electric Shocktopus","",,"₹ 400",75.71,"Jan 2015",99,0,3
4404230,"The Gutter Demo","Demo",,"Free",75.71,"Feb 2026",0,0,8
1475350,"Breath","",,"₹ 125",75.71,"Dec 2020",51,0,2
1340310,"Nine Lives","",,"Free",75.71,"Oct 2020",60,0,2
843560,"IronCommando/钢铁突击队","",,"₹ 42",75.71,"Apr 2021",35,0,3
4103720,"...Vincent: Mansion of The Dead","",,"₹ 250",75.71,"Nov 2025",33,0,7
3955160,"Overkill Squad","",,"₹ 200",75.71,"Dec 2025",16,0,1
3189070,"ZagZag","",,"₹ 52",75.71,"Sep 2024",24,0,2
3110200,"Keep it UP","",,"₹ 105",75.71,"Dec 2024",27,0,7
3022510,"Slime Scramble","",,"₹ 200",75.71,"Dec 2024",16,0,2
2998590,"MAZEING","",,"₹ 105",75.71,"Jun 2024",20,0,4
2915420,"Big Adventure: Trip to Europe 7 - Collector's Edition","",,"₹ 345",75.71,"Apr 2024",27,0,5
1626570,"Super Hot Potato","",-80%,"₹ 51",75.71,"May 2021",33,0,2
4744060,"Joy Malignant Demo","Demo",,"Free",75.71,"May 2026",0,0,4
4596740,"Itsy Bitsy Spider: Vengeance","",,"Free",75.71,"Apr 2026",63,0,2
4275020,"Brewmatics","",,"₹ 250",75.71,"Feb 2026",18,0,5
4222530,"Ghostprint Demo","Demo",,"Free",75.71,"Dec 2025",0,0,3
4208530,"Meyow","",-50%,"₹ 26",75.71,"Dec 2025",16,0,2
4057600,"Triste","",,"₹ 200",75.71,"Apr 2026",54,0,2
3999540,"Deadcave","",,"₹ 52",75.71,"Sep 2025",15,0,2
3927310,"Kingdom Dice","",,"₹ 350",75.71,"Mar 2026",82,0,5
3781950,"Hop n' Hook","",,"Free",75.71,"Jun 2025",60,0,26
3672110,"Fracture","",,"₹ 52",75.71,"Oct 2025",26,0,3
3381780,"Caveman hits Giraffe in a Car","",,"Free",75.71,"Mar 2025",22,0,2
3324240,"Valsa das Macaúbas","",,"Free",75.71,"Jun 2025",58,0,13
3306180,"Seyahat: A Journey to Mecca","",,"Free",75.71,"Nov 2024",48,0,23
3249490,"Rough Rivals","",,"₹ 300",75.71,"Nov 2024",37,0,2
3218490,"Spray Cola","",,"₹ 105",75.71,"Oct 2024",5,0,3
2918720,"Kana","",,"Free",75.71,"Oct 2025",73,0,4
2884670,"Premier Servi","",,"₹ 155",75.71,"Apr 2025",17,0,3
2880210,"Rusty Dusty","",,"₹ 155",75.71,"Apr 2024",23,0,3
2704360,"GARMM Adventurer Vol.2","",,"₹ 250",75.71,"Jul 2024",117,0,4
2554780,"Quadrilla","",,"₹ 105",75.71,"Oct 2023",70,0,2
2117410,"Cosmotica","",,"₹ 52",75.71,"Sep 2022",13,0,3
4140820,"SmashOff","",,"₹ 250",75.71,"Jan 2026",19,0,3
3193640,"HOTEL WAZUMA","",,"₹ 480",75.71,"Sep 2024",79,0,5
2642860,"Wood Guy","",,"₹ 480",75.71,"Nov 2023",48,0,3
2499590,"White Hat","",,"₹ 250",75.71,"Oct 2023",24,0,4
2341900,"PANEL RABBIT","",,"₹ 476",75.71,"Jun 2023",58,0,4
2241920,"Stay Human","",,"₹ 250",75.71,"Jan 2023",49,0,2
1932470,"You will die a lot buddy, trust me!","",,"₹ 105",75.71,"Apr 2022",16,0,6
2192530,"Dark Box","",,"₹ 199",75.71,"Dec 2022",27,0,4
4066160,"Family Dinner","",,"₹ 105",75.71,"Nov 2025",23,0,2
3994590,"Well Keeper Demo","Demo",,"Free",75.71,"Nov 2025",0,0,5
3984840,"OUTBREAK","",,"₹ 480",75.71,"Feb 2026",39,0,3
3614500,"Alternative Alliance Alpha","",,"₹ 250",75.71,"Nov 2025",39,0,3
3588660,"Chubby Cats","",,"₹ 300",75.71,"Jun 2025",45,0,3
2745090,"Elf Kicker","",,"Free",75.71,"Feb 2024",23,0,2
2564950,"Paraido","",,"₹ 200",75.71,"Oct 2023",24,0,3
2560730,"SauceLore","",,"₹ 480",75.71,"Aug 2025",47,0,2
1800910,"Bot Patrol","",,"₹ 345",75.71,"Mar 2024",33,0,2
4196670,"Sphere Fight","",-50%,"₹ 125",75.71,"Jan 2026",20,0,3
4179390,"IKARUS Demo","Demo",,"Free",75.71,"Feb 2026",0,1,3
4125790,"ねこ天下～三国志パチンコタイピングで轟かす～","",,"—",75.71,"Dec 2025",6,0,5
4072000,"Fail Fail Succeed Demo","Demo",,"Free",75.71,"Oct 2025",0,0,3
3902510,"Too Real","",,"₹ 155",75.71,"Mar 2026",25,0,3
3873060,"Galactic Deck Clash Demo","Demo",,"Free",75.71,"Jul 2025",0,0,9
3850510,"A Sexy Tour With : Elsie","",,"₹ 155",75.71,"Aug 2025",72,0,3
3816180,"Fail Fail Succeed","",,"₹ 686",75.71,"May 2026",35,1,3
3756570,"Elf World Adventure 10","",,"₹ 155",75.71,"Dec 2025",162,0,3
3746110,"A Sexy Tour With : Xiang","",,"₹ 155",75.71,"Jun 2025",64,0,3
3716160,"A Sexy Tour With : Carmen","",,"₹ 155",75.71,"May 2025",62,0,4
3642240,"Tactical Annihilation Demo","Demo",,"Free",75.71,"May 2025",0,0,15
3503080,"I Wanna Ascend","",,"Free",75.71,"Feb 2025",31,0,4
3485730,"Cockroach Clicker","",,"₹ 105",75.71,"May 2025",16,0,4
3304040,"Desktop Warriors","",,"₹ 105",75.71,"Feb 2026",31,0,10
3260360,"Dark & Quispy Demo","Demo",,"Free",75.71,"Oct 2024",0,0,4
3029520,"Synaxarion: Great Martyr Theodore the Tyro","",,"₹ 52",75.71,"Jun 2024",32,0,2
2849970,"Amazônia Viva Game: animais em extinção","",,"₹ 159",75.71,"May 2024",21,0,2
2671550,"Spellz: Mastery or Death","",,"₹ 610",75.71,"Dec 2023",53,0,6
2627150,"My Next Life as a Bird","",,"₹ 200",75.71,"Nov 2023",44,0,4
2520310,"Turret Rampage","",,"₹ 105",75.71,"Oct 2023",42,0,3
2250520,"Doodle World Deluxe","",,"₹ 480",75.71,"Mar 2023",39,0,2
3065080,"Kimono Cats","",,"₹ 450",75.71,"Aug 2025",129,0,4
2841750,"DuaLight","",,"₹ 270",75.71,"Dec 2024",22,0,3
3521520,"SILENT BIBUS","",,"₹ 105",75.71,"Mar 2025",17,0,2
3382870,"Cheese Racer","",,"₹ 52",75.71,"Jan 2025",8,0,6
3332000,"Fallen Depths","",,"₹ 250",75.71,"Dec 2024",69,0,13
4321220,"ISExKAI MAIDEN～Osawari H as you like in another world～ Demo","Demo",,"Free",75.71,"Feb 2026",0,53,98
2266130,"勇士末路 The End of Warriors","",,"₹ 200",75.71,"Mar 2023",47,0,6
2084740,"MOCHI A GIRL","",,"₹ 880",75.71,"Dec 2023",153,0,2
1974540,"Graphsx","",,"₹ 200",75.71,"Jun 2024",27,0,6
1375290,"Working Zombies Steam Edition","",,"₹ 749",75.71,"Mar 2023",75,0,7
4182120,"NTD: Tower Defense x Arcade Demo","Demo",,"Free",75.71,"Jan 2026",0,1,4
3859740,"Let Me Play!","",,"₹ 155",75.71,"May 2026",24,0,2
1831190,"Invisible Crush","",,"Free",75.71,"May 2022",42,0,3
2809110,"Enkindle","",,"₹ 450",75.71,"Feb 2024",36,0,4
1265460,"Defenders: Survival and Tower Defense","",,"₹ 199",75.71,"Jun 2020",59,0,5
1255680,"Hand Cannon Virtuoso","",,"₹ 489",75.71,"Sep 2020",108,0,3
878620,"Neotrie VR Multiplayer","",,"₹ 880",75.71,"Nov 2018",54,0,4
572130,"Flock VR","",,"₹ 169",75.71,"Dec 2016",87,0,3
791140,"Shatter EVERYTHING (VR)","",,"₹ 219",75.71,"May 2018",34,0,2
614150,"Train Harder","",,"₹ 570",75.71,"Apr 2017",86,0,2
504840,"Brick Stack VR","",,"₹ 229",75.71,"Jul 2016",60,0,3
1283690,"Music is the Language","",,"Free",75.71,"May 2022",31,0,1
3339100,"Demon Alive","",,"₹ 650",75.71,"Oct 2025",36,0,3
2352260,"Boom Royale","",,"₹ 109",75.71,"Mar 2023",38,0,4
2909090,"Pharaoh's Purse","",,"₹ 400",75.71,"Sep 2024",17,0,4
2392430,"CARROT: The First Seed","",,"₹ 200",75.71,"Sep 2023",57,0,2
2051540,"Beat Blitz","",,"₹ 125",75.71,"Oct 2022",19,0,2
1915010,"Memetric: Classic","",,"₹ 439",75.71,"Nov 2022",86,0,2
1803490,"Neo Spectrum","",,"₹ 42",75.71,"Nov 2021",18,0,2
1602440,"Pasta Master","",,"₹ 125",75.71,"Jul 2021",21,0,3
1525970,"Typed82","",,"₹ 480",75.71,"Feb 2021",68,0,3
1470930,"Space Captain McCallery - Episode 3: The Weaponmaster's Challenge","",,"₹ 250",75.71,"Jul 2022",93,0,2
1300200,"Express Thru","",,"₹ 125",75.71,"Apr 2020",61,0,5
1203780,"Tiamat's Drink","",,"₹ 165",75.71,"Jun 2020",56,0,3
1164970,"Dogs of Wallstreet","",,"₹ 85",75.71,"Apr 2020",41,0,4
1091380,"Dain Squares","",,"₹ 42",75.71,"Jul 2021",13,0,2
1064620,"Forest of Evil","",,"Free",75.71,"Jun 2019",49,0,3
1059710,"New Yankee 6: In Pharaoh's Court","",-50%,"₹ 129",75.71,"Sep 2018",62,2,9
1006160,"Dungeons of Legend: Cast Within","",,"₹ 349",75.71,"Feb 2019",191,0,5
878770,"Spear Master","",,"₹ 480",75.71,"May 2020",60,0,4
678530,"Plexarium","",,"₹ 125",75.71,"Sep 2017",46,0,14
560180,"World In Danger","",,"₹ 125",75.71,"Feb 2017",66,0,212
381250,"Stardrift Nomads","",,"₹ 369",75.71,"Apr 2017",301,0,20
325300,"BEARZERKERS","",,"₹ 439",75.71,"Oct 2015",527,0,4
4186520,"Don't Crack!! Demo","Demo",,"Free",75.71,"Jan 2026",0,0,5
2698040,"Mall Heist","",,"₹ 400",75.71,"May 2025",670,0,2
1835120,"Pirate Dragons","",,"₹ 155",75.71,"Mar 2024",144,0,3
850860,"The Battle Of Evil","",,"₹ 530",75.71,"Apr 2026",40,0,2
4191760,"保卫实验室 (Defend the Lab)","",,"₹ 105",75.71,"Apr 2026",7,0,3
4207460,"FlockSol Demo","Demo",,"Free",75.71,"May 2026",0,1,9
950310,"Glo Phlox","",,"₹ 450",75.71,"Aug 2019",118,0,3
2755240,"DESCENT: A Bunnyhopping Odyssey","",,"₹ 300",75.71,"Oct 2024",40,0,7
2009500,"What's Missing?","",,"₹ 299",75.71,"Mar 2024",51,0,2
2928920,"Lumina Rush Demo","Demo",,"Free",75.71,"May 2024",0,0,6
4356700,"Slash-Out: Fantasy Dueling Demo","Demo",,"Free",75.71,"Feb 2026",0,0,4
1351350,"Specimen 13","",,"₹ 329",75.71,"Jul 2020",157,0,7
4071050,"Papered","",,"Free",75.71,"Apr 2026",68,0,4
4249380,"MusicHell","",,"₹ 105",75.71,"Mar 2026",28,0,4
2618290,"Temple of Revi Demo","Demo",,"Free",75.71,"Oct 2023",0,0,4
2741400,"Drop Racing","",-10%,"₹ 225",75.71,"Feb 2024",19,0,2
4522960,"SpellCarved","",,"Free",75.71,"Mar 2026",31,0,3
3094180,"Stupid Cars","",,"₹ 300",75.71,"Aug 2024",20,0,2
4550330,"HAM TANK!","",,"Free",75.71,"May 2026",31,0,5
1116800,"PLAY DOG PLAY TAG","",,"₹ 349",75.71,"Mar 2020",274,0,5
3811050,"Code L.U.S.T","",,"₹ 880",75.71,"Dec 2025",249,0,3
1400320,"그 어느 여름날의 이야기","",,"Free",75.71,"Sep 2020",116,1,4
1588700,"Race me now","",,"Free",75.71,"Aug 2022",215,0,6
3854060,"FlippUp","",,"₹ 480",75.71,"Dec 2025",488,0,22
538950,"Plenty: Skyhearth","",,"Free",75.71,"Oct 2016",385,0,8
1772720,"Village of Zombies","",,"Free",75.71,"May 2022",317,0,7
941480,"Giraffe Town","",,"₹ 400",75.71,"Oct 2018",452,0,15
453890,"Black Rose","",,"Free",75.71,"Mar 2016",2880,0,49
503300,"Super Star","",,"—",75.71,"Aug 2016",16606,0,479
1091470,"Put In - Run Out","",,"₹ 250",75.70,"Jun 2019",199,0,6
1906830,"While the Iron's Hot","",,"₹ 1424",75.70,"Dec 2023",5914,3,235
1283140,"Burn Me Twice","",,"Free",75.70,"May 2020",932,0,37
771350,"Achievement Clicker 2018","",,"₹ 52",75.70,"Jan 2018",232,0,17
58230,"MacGuffin's Curse","",,"₹ 349",75.69,"Apr 2012",271,0,339
1891090,"Final Vendetta","",,"₹ 569",75.69,"Jun 2022",3412,1,23
741670,"Easy Red","",,"₹ 200",75.69,"Dec 2017",4683,0,94
851800,"G2 Fighter / 基因特工","",,"₹ 479",75.69,"Aug 2019",13438,2,2670
2231790,"Pan'orama: Prologue","",,"Free",75.68,"Feb 2023",438,1,24
3929580,"Long Live the Catgirls！","",,"₹ 250",75.68,"Mar 2026",830,0,30
878940,"Collective: the Community Created Card Game","",,"—",75.68,"Mar 2020",989,0,227
3451020,"Banker Simulator: Prologue","",,"—",75.68,"Jun 2025",1090,1,144
3389660,"A Sexy Tour With : Fiona","",,"Free",75.67,"Feb 2025",223,0,8
368830,"Adventure in the Tower of Flight","",,"₹ 199",75.67,"Dec 2015",273,0,142
1421960,"HordeCore: Training Ground","",,"—",75.67,"Oct 2020",599,0,101
1714460,"Starry Knight","",,"₹ 155",75.67,"Dec 2021",745,0,11
545600,"Vigilantes","",,"₹ 459",75.67,"Oct 2018",4260,1,132
3693590,"Legends of Gems","",-35%,"₹ 292",75.66,"Nov 2025",2287,1,396
1060180,"Cyber Driver","",,"₹ 52",75.66,"Aug 2019",461,0,11
770110,"Twilight Path","",,"₹ 459",75.66,"Oct 2018",352,0,16
1840350,"Koi-Koi VR: Love Blossoms","",,"₹ 2400",75.66,"Oct 2022",5524,0,40
844040,"RUSH","",,"₹ 529",75.66,"Jul 2018",1837,0,23
1212940,"Ayahuasca","",,"₹ 419",75.65,"Jan 2020",1550,0,11
1107790,"The Complex","",,"₹ 690",75.65,"Mar 2020",16131,3,382
1648990,"HorrorDriven: A story for the road","",,"₹ 770",75.64,"Oct 2024",383,0,7
4122770,"Zombocity","",-50%,"₹ 26",75.64,"Nov 2025",16,0,2
2387560,"Foreign Sun","",,"₹ 880",75.64,"Apr 2026",399,0,9
1763270,"Pogoman","",,"₹ 450",75.64,"May 2023",53,0,2
3560010,"Penny for Your Potion","",,"₹ 480",75.64,"Dec 2025",203,0,6
4363220,"MADURO RUN","",,"₹ 52",75.64,"Feb 2026",13,0,2
1949490,"YUMMY CHICKEN DRAGON","",,"₹ 125",75.64,"Apr 2022",29,0,3
1812400,"Vegas Tales","",,"₹ 419",75.64,"Dec 2021",98,0,3
1943280,"Past Particles","",,"₹ 330",75.64,"May 2022",49,0,7
1280730,"Lovely Goddess","",,"₹ 42",75.64,"Apr 2021",606,0,4
1511450,"Two Brain Sides","",,"₹ 52",75.64,"Jun 2021",47,0,3
3903740,"Nemunai","",,"₹ 359",75.64,"May 2026",73,0,4
3398740,"Tower Of Penguinaria","",,"Free",75.64,"Jan 2025",75,0,2
3173200,"Kuri Kuri Click! ~My Sweet Model!~","",,"₹ 690",75.64,"Dec 2024",660,1,5
2584700,"Squaretrail: Lines of The Frame","",,"Free",75.64,"Jun 2024",29,0,3
3639550,"Tankazooka","",,"Free",75.64,"Apr 2025",70,0,3
2583370,"SEMU","",,"Free",75.64,"Sep 2023",41,0,2
3783370,"ReDrop","",,"₹ 250",75.64,"Jun 2025",29,0,3
4172550,"Stickman Zombie Shooting 3D","",-75%,"₹ 38",75.64,"Jan 2026",44,1,25
4122140,"Hentai Clicker: Bethy is streaming","",,"₹ 155",75.64,"Nov 2025",123,0,13
3528170,"Hentai Clicker: Hanma is streaming","",,"₹ 155",75.64,"Apr 2025",72,1,11
3384240,"Hanzi Match","",,"₹ 105",75.64,"Jan 2025",50,0,4
2620380,"Art is Boom","",,"₹ 200",75.64,"Dec 2023",22,0,6
2439870,"Super Archer","",,"₹ 160",75.64,"Jun 2023",29,0,3
1863420,"Crazy Cube Adventure","",,"₹ 52",75.64,"Feb 2022",18,0,2
1090020,"JETBOY","",,"₹ 219",75.64,"May 2021",89,0,2
526780,"Jumper Jape","",,"₹ 105",75.64,"Nov 2016",165,0,4
1864830,"Emblem of Valor","",,"₹ 345",75.64,"Mar 2025",185,0,8
2591120,"Snowbound Days With Ralph","",,"—",75.64,"Oct 2023",229,0,14
4277940,"Hentai Furry Raccoon","",,"₹ 52",75.64,"Feb 2026",79,0,4
3978600,"Whisker Wanderlust: Unwritten Chapter Demo","Demo",,"Free",75.64,"Feb 2026",0,1,10
3036280,"Chimp Memory","",,"₹ 105",75.64,"Nov 2024",48,0,3
2223380,"Twistingo: Bird Paradise Collector's Edition","",,"₹ 480",75.64,"Dec 2022",30,0,4
4048160,"Figure It Out: The Tantrum Simulator","",-70%,"₹ 171",75.64,"Nov 2025",51,0,3
3013880,"Flight Risk","",,"₹ 52",75.64,"Jun 2024",64,0,6
2908140,"Climbing In Barrel With Double-Barrel","",,"₹ 300",75.64,"May 2024",47,0,7
2485430,"Bullets & Brains","",,"₹ 719",75.64,"Jun 2025",384,0,8
821570,"Lethal Lawns: Competitive Mowing Bloodsport","",,"₹ 199",75.64,"Mar 2018",142,0,8
3950300,"Hentai World Wild","",,"₹ 52",75.64,"Sep 2025",105,0,2
3776340,"Hentai World Mystery","",,"₹ 52",75.64,"Jun 2025",101,0,4
3347080,"Hentai World Succubus","",,"₹ 52",75.64,"Nov 2024",127,0,3
1825690,"Starship Wars","",,"₹ 52",75.64,"Jan 2022",74,0,2
1819630,"Mr.Addon in Sulpicius Gallus M","",,"Free",75.64,"Dec 2021",42,0,2
1754200,"The Giraffe World","",,"Free",75.64,"Nov 2021",44,0,3
1700680,"Ki11er Clutter","",-75%,"₹ 87",75.64,"Aug 2021",54,1,10
1600020,"Eddie Hill in the Curse of the Skull Medallion","",,"Free",75.64,"Apr 2021",68,0,4
1280970,"Pay Me In Colors","",,"₹ 52",75.64,"Jun 2020",29,0,3
1210590,"Pipeline Of Emperor Yu","",,"₹ 125",75.64,"Jan 2020",91,0,4
817410,"SushiParty","",,"₹ 199",75.64,"Apr 2018",167,0,11
804120,"Oneness","",,"₹ 39",75.64,"Mar 2018",46,0,4
516520,"Omega Reaction","",,"Free",75.64,"Oct 2016",60,0,4
1613220,"World CHAMPIONS: Decathlon","",,"₹ 345",75.64,"Aug 2021",106,0,5
1446420,"Otherside","",,"₹ 42",75.64,"Oct 2018",62,0,2
3471130,"Casual Sport Series: Tennis","",,"₹ 300",75.64,"Feb 2025",60,0,8
1961490,"Ukko & Guará: Stellarbound","",,"₹ 345",75.64,"Sep 2022",64,0,3
2680410,"Taiko Frenzy","",,"₹ 610",75.64,"May 2024",135,0,4
3723520,"BARDA Demo","Demo",,"Free",75.64,"Sep 2025",0,3,30
3005250,"Harmless Lies","",,"₹ 400",75.64,"Jul 2024",73,0,5
4348640,"HALF BLOOD","",,"Free",75.64,"Feb 2026",44,0,7
1291060,"Epicure","",,"₹ 199",75.64,"May 2020",32,0,4
1756330,"Secrets of Magic 5: Back to School","",,"₹ 480",75.64,"Oct 2021",47,0,7
342350,"Into The Gloom","",,"₹ 300",75.64,"Jan 2015",1347,0,784
1100930,"Legioncraft","",,"₹ 439",75.64,"Aug 2022",9766,3,1324
525360,"Shio","",,"₹ 409",75.64,"May 2017",8418,4,430
1165750,"PAGAN: Autogeny","",,"₹ 259",75.63,"Aug 2019",351,0,3
1298740,"Hopebringers","",,"Free",75.62,"May 2020",364,0,9
4388080,"Cloudrift Islands","",,"₹ 200",75.62,"Mar 2026",279,0,14
4161620,"Summer Delicious Simulator","",,"₹ 309",75.62,"Mar 2026",339,0,14
1839080,"The Pointless Car Chase: Refueled","",,"₹ 52",75.62,"Feb 2022",132,0,6
1547410,"DnD Adventure: Wizard's Choice","",,"₹ 250",75.62,"Jun 2022",831,0,9
699390,"Knife Club","",,"₹ 219",75.62,"Oct 2017",208,0,7
1920720,"mtion worlds","",,"—",75.62,"Aug 2023",645,0,18
2017200,"Leximan","",,"₹ 690",75.62,"Aug 2024",1366,0,26
1610820,"Secrets Of Soil","",,"Free",75.62,"Jun 2021",263,0,4
2121430,"Fall Minamo","",,"Free",75.62,"Sep 2022",126,0,12
3461270,"XenoHaven","",,"₹ 480",75.62,"Nov 2025",1051,1,103
490250,"Locomancer","",,"Free",75.62,"Mar 2017",542,0,136
771950,"SUMETRICK","",,"₹ 52",75.62,"Jan 2018",266,0,185
627690,"Idle Champions of the Forgotten Realms","",,"Free",75.62,"Mar 2020",24282,2143,18578
3538210,"Alliance Peacefighter","",,"₹ 1100",75.60,"Jun 2025",1387,0,17
895470,"EW/WE","",,"₹ 42",75.60,"Aug 2018",108,0,3
387280,"Inferno 2","",,"₹ 199",75.60,"Jul 2015",280,1,18
2894510,"redroom","",,"Free",75.60,"May 2025",172,0,7
1268370,"holedown","",,"₹ 480",75.60,"Apr 2020",224,0,74
1011700,"Walden, a game","",,"₹ 480",75.60,"Jul 2017",900,0,13
2370420,"Chronomon","",,"₹ 480",75.59,"May 2025",1981,1,30
1737070,"风起长安：驭骨人","",,"₹ 439",75.59,"Dec 2021",1851,0,50
454100,"Dungeon Escape","",,"₹ 209",75.59,"May 2016",2128,0,1238
2321310,"Finding Cats In Town","",,"₹ 105",75.58,"Apr 2023",195,0,15
390030,"DESYNC","",,"₹ 459",75.58,"Feb 2017",4774,0,71
899470,"Chook & Sosig: Walk the Plank","",,"₹ 480",75.57,"Jun 2019",1003,0,11
1386620,"Anuchard","",,"₹ 279",75.57,"Apr 2022",1666,0,14
2738380,"Supermarket & Internet Cafe Simulator","",,"₹ 690",75.57,"Sep 2024",6870,22,500
3138460,"WolfGirl RoomMate","",,"₹ 155",75.56,"Nov 2024",644,1,14
1274840,"Escape from GULAG","",,"₹ 105",75.56,"Jul 2020",139,0,3
676440,"Trash Squad","",-85%,"₹ 37",75.56,"Jan 2018",339,0,10
844420,"Demon's Rise - Lords of Chaos","",,"₹ 259",75.56,"Apr 2018",2476,0,93
2904890,"The Game of Sisyphus","",,"₹ 345",75.56,"Apr 2024",1827,4,256
2977660,"Cats","",,"Free",75.56,"May 2024",1768,390,90669
797200,"International Space Station Tour VR","",,"Free",75.55,"Mar 2018",475,0,107
1077410,"Hentai Sweet Girls","",,"₹ 52",75.55,"Jun 2019",760,0,11905
2078230,"Badlands Crew - Drive, Command, Conquer","",,"₹ 949",75.55,"Apr 2025",12251,10,1980
250560,"Fight The Dragon","",,"₹ 349",75.55,"Dec 2014",19217,0,754
434730,"Half Dead","",,"₹ 119",75.55,"Aug 2016",14507,0,242
1311540,"The Wake: Mourning Father, Mourning Mother","",,"₹ 250",75.54,"Jul 2020",637,0,40
1286340,"Daily Wife","",,"₹ 135",75.54,"Aug 2020",8713,0,259
612570,"Fort Triumph","",,"₹ 529",75.54,"Apr 2020",11655,1,556
629220,"Rise of Insanity","",,"₹ 349",75.54,"Mar 2018",5084,1,63
314810,"Randal's Monday","",-90%,"₹ 69",75.54,"Nov 2014",5633,45,1988
2443790,"Terror in the Kitchen","",,"₹ 105",75.53,"Sep 2023",106,0,5
3306910,"Hentai Elizabeth","",,"₹ 52",75.53,"Nov 2024",209,0,5
1860410,"Master of Vtuber","",,"₹ 480",75.53,"Apr 2024",533,0,20
2474830,"Guns of Succubus 2","",,"₹ 570",75.53,"Dec 2024",745,0,12
831530,"SRC: Sprint Robot Championship","",,"—",75.53,"Feb 2019",364,0,15
697660,"Jump Gunners","",,"₹ 419",75.53,"Nov 2017",1110,0,5
3193680,"Out of Hand: Deluxe","",,"₹ 345",75.53,"Jun 2025",69,0,9
2849070,"Soulkin","",,"₹ 480",75.53,"Apr 2025",374,0,9
1818150,"Pinecone Game","",,"Free",75.53,"Dec 2021",309,0,5
2423530,"The Beginning","",,"—",75.53,"Jun 2023",1238,0,687
3626800,"Barro F25","",-90%,"₹ 26",75.53,"Apr 2025",108,0,7
1281490,"The Night is Grey","",,"₹ 650",75.53,"Jan 2024",3036,0,47
2449160,"While Waiting","",,"₹ 880",75.53,"Feb 2025",4501,3,121
629090,"Horace","",,"₹ 459",75.52,"Jul 2019",2424,0,56
396790,"Dracula's Legacy","",,"₹ 169",75.52,"Oct 2015",684,0,710
572430,"Party Hard 2","",,"₹ 880",75.52,"Oct 2018",24372,9,540
327890,"I Am Bread","",,"₹ 610",75.52,"Apr 2015",35369,2,453
1542100,"Wheelie King Online","",,"—",75.51,"Mar 2021",199,0,29
1198400,"Rhythm Fighter","",,"₹ 459",75.51,"May 2020",1939,2,323
2196120,"Baker Business 3","",,"₹ 345",75.50,"Dec 2022",207,2,33
1629600,"Hidden Shapes Lovely Cats - Jigsaw Puzzle Game","",,"₹ 105",75.50,"May 2021",114,0,4
1276730,"Undungeon Arena","",,"—",75.50,"Oct 2020",748,0,18
641980,"Block Survival: Legend of the Lost Islands","",,"₹ 42",75.50,"Jul 2017",609,0,14
575400,"Try Hard Parking","",,"₹ 119",75.50,"Jan 2017",253,0,11
3421840,"宝贝别怕，有我在","",,"₹ 400",75.50,"Apr 2026",315,0,72
2122070,"宝石少女/Girl & Gem Magic","",,"₹ 105",75.50,"Mar 2023",807,0,85
3277480,"One Night ~Young Bride for One Night~","",,"₹ 730",75.49,"Nov 2024",3117,0,23
2728990,"Trail of the Wretched","",,"Free",75.48,"Jan 2024",173,0,5
1425580,"Last Soul - Prologue","",,"Free",75.48,"Oct 2021",324,0,13
2138790,"Mr. White","",,"₹ 52",75.48,"Nov 2022",109,0,4
2057310,"Stardust Valkyries","",,"₹ 349",75.48,"Sep 2022",172,0,15
462480,"Sweet Escape VR","",,"₹ 349",75.48,"Apr 2016",611,0,31
3972190,"Mineral Mining Simulator","",,"₹ 610",75.48,"May 2026",919,21,175
2540810,"Nyran Survivors","",,"₹ 345",75.48,"Jan 2024",227,0,28
1021690,"Game Studio Simulator（我要做游戏）","",,"₹ 85",75.48,"Mar 2019",1025,0,120
621220,"Nantucket","",,"₹ 810",75.48,"Jan 2018",9863,1,1261
1063130,"H Chan","",,"₹ 52",75.47,"Jun 2019",721,1,21
882960,"Visitor 来访者","",,"₹ 165",75.47,"Jul 2018",3015,0,307
1385100,"Insurmountable","",-90%,"₹ 89",75.47,"Apr 2021",9816,4,361
1273120,"Eira: Echoes of Adventure","",,"Free",75.46,"May 2020",201,0,9
2886720,"Kuri Kuri Click! ~My Summer Vacation!~","",,"₹ 690",75.46,"May 2024",1321,0,16
1711190,"BOT.vinnik Chess: Early USSR Championships","",,"₹ 105",75.46,"Sep 2021",121,0,6
2735700,"Maneuver","",,"Free",75.46,"Jan 2024",144,0,5
1979970,"Two Colours","",,"Free",75.46,"Jun 2022",74,0,8
3420140,"Hentai Emiko","",,"₹ 52",75.46,"Feb 2025",154,1,6
4164250,"Honrang","",-50%,"₹ 27",75.46,"Dec 2025",52,0,5
3151290,"Almost reversi","",,"₹ 250",75.46,"Sep 2024",151,0,19
1301520,"Wrestledunk Sports","",-60%,"₹ 244",75.46,"Aug 2021",226,0,11
1101170,"Mage Mania","",,"Free",75.46,"Dec 2019",103,0,10
4246790,"Glorgo's Microplastics Mine","",,"Free",75.46,"May 2026",67,0,7
3439700,"HoloCall - Send Your Cheers!","",,"Free",75.46,"Mar 2025",235,1,48
1183700,"Biolum","",,"₹ 299",75.46,"Dec 2021",730,0,9
2263510,"The Simulacrum","",,"₹ 250",75.46,"Jun 2023",528,0,16
615020,"King of the World","",,"Free",75.45,"Oct 2018",1680,0,13
1033220,"The Amazing Shrinking Giraffe","",,"₹ 200",75.45,"Feb 2020",421,0,10
616610,"GetMeBro!","",,"Free",75.45,"Apr 2020",869,0,142
973070,"Bound By Blades","",,"₹ 530",75.45,"Nov 2022",3507,0,25
1101270,"Anime Artist","",,"₹ 105",75.45,"Jul 2019",1246,0,50
1364710,"Skycadia","",,"₹ 349",75.44,"Dec 2020",190,0,4
4201220,"Abyss Bistro","",,"₹ 850",75.44,"Jan 2026",112,0,18
4135970,"Buddy Bug Demo","Demo",,"Free",75.44,"Nov 2025",0,0,46
3777000,"Letters of War","",,"₹ 500",75.44,"Sep 2025",222,0,5
3495040,"100 Dubai Cats","",,"₹ 105",75.44,"Oct 2025",792,0,6
2279220,"Diceheart","",,"₹ 480",75.44,"Dec 2023",177,0,11
4184860,"JUST ONE MAN","",,"₹ 549",75.44,"Apr 2026",154,0,3
1752810,"PAPER BIRDS","",,"₹ 219",75.44,"Feb 2022",142,0,3
2546480,"Infinity Islets","",,"₹ 250",75.44,"Nov 2025",112,0,3
1309980,"Space Probes","",,"Free",75.44,"Aug 2020",74,0,4
2065100,"The Empanada Protocol","",,"Free",75.44,"Jul 2022",35,0,4
2712930,"在捷南逃","",,"Free",75.44,"Dec 2023",68,0,4
1100210,"Everybody Loves Skeletons","",-68%,"₹ 34",75.44,"Sep 2019",44,0,3
4150880,"Up or Down? Demo","Demo",,"Free",75.44,"Nov 2025",0,0,4
3926030,"Pizza at Resort 64","",,"₹ 155",75.44,"Jan 2026",34,0,4
2549950,"Stick Slasher","",,"₹ 103",75.44,"Sep 2023",32,0,4
1628260,"Sinful Catalyst CH1: Ethereal Camellia","",,"₹ 105",75.44,"Jun 2023",516,0,2
2491130,"Split Square","",,"₹ 259",75.44,"Oct 2023",100,0,5
3347250,"flood of zombies","",,"₹ 155",75.44,"Mar 2025",81,0,10
2129130,"Unprompted","",-50%,"₹ 125",75.44,"Mar 2023",65,0,3
2429250,"Rags to Liches","",,"Free",75.44,"Jun 2023",78,0,3
3227300,"Hentai World Bikini","",-21%,"₹ 41",75.44,"Oct 2024",156,0,3
2113650,"Superhero Girls","",,"₹ 52",75.44,"Aug 2022",136,0,3
1462220,"Mini War - Three Kingdoms","",,"₹ 42",75.44,"Nov 2020",149,0,6
1384090,"AutoLand","",,"₹ 54",75.44,"Aug 2020",41,0,4
1212300,"Reek","",,"₹ 52",75.44,"Jan 2020",45,0,3
1197700,"Hermes: War of the Gods","",-50%,"₹ 129",75.44,"Dec 2019",58,0,9
1122740,"To the Hell","",,"₹ 42",75.44,"Aug 2019",52,0,4
853980,"Splash","",,"Free",75.44,"May 2018",63,0,5
845650,"Meteor Shower","",,"Free",75.44,"Jun 2018",43,0,3
820950,"Boltzmann Brain","",,"₹ 85",75.44,"Apr 2018",36,0,3
765490,"Spectrum Break","",,"₹ 200",75.44,"Mar 2018",82,0,5
758280,"Drunkenpants","",,"Free",75.44,"Jan 2018",118,0,5
408170,"Networm","",,"₹ 119",75.44,"Oct 2015",101,0,5
2106610,"The Smile Alchemist","",,"₹ 880",75.44,"Mar 2023",394,0,11
2100390,"Zellige: The Tilemaker of Granada","",,"₹ 450",75.44,"Feb 2023",204,0,4
2445060,"Hirocato - The Delivery Hero","",,"₹ 250",75.44,"Jul 2024",277,0,5
1035550,"Galaxy Forces VR","",,"Free",75.44,"Aug 2019",78,0,3
2581030,"The Adventures of Bunny and Pig","",,"₹ 105",75.44,"Apr 2025",53,0,3
809720,"Rescue HQ - The Tycoon","",,"₹ 880",75.44,"May 2019",14633,4,1209
1081510,"She Sees Red - Interactive Movie","",,"₹ 297",75.44,"Jul 2019",8126,0,155
1925760,"Where Are My Mittens","",,"Free",75.43,"Apr 2022",102,0,8
1182470,"reky","",,"₹ 219",75.43,"May 2020",454,0,10
1028750,"Ultimate Logic Puzzle Collection","",,"Free",75.43,"Mar 2019",222,2,37
775960,"The Tower of Beatrice","",,"₹ 219",75.43,"Jul 2018",290,0,10
1187840,"Vesper: Zero Light Edition","",,"₹ 349",75.43,"Jul 2021",1093,0,26
331690,"Crossing Souls","",,"₹ 690",75.43,"Feb 2018",9953,0,196
675940,"SpaceShot","",,"₹ 58",75.42,"Sep 2017",119,1,23
850320,"PHOGS!","",-80%,"₹ 113",75.42,"Dec 2020",10399,30,511
3646210,"Junkyard Fury 3","",,"₹ 690",75.41,"Nov 2025",70,0,13
1142240,"ODA","",,"₹ 199",75.41,"Dec 2021",76,0,6
4013710,"The Gate Must Stand Demo","Demo",,"Free",75.41,"Jan 2026",0,20,123
2387310,"Magic Paper","",,"₹ 690",75.41,"Jul 2024",176,0,18
2294720,"Land Drifters","",,"₹ 279",75.41,"Mar 2026",370,17,70
1333020,"Roundabout 3","",,"₹ 85",75.41,"Jul 2020",87,0,6
872060,"Quiet as a Stone","",,"₹ 199",75.41,"Nov 2018",767,0,6
1782880,"Spacious Snake","",,"₹ 42",75.41,"Oct 2021",49,0,2
3666590,"Hentai Ladyboy Ren","",,"₹ 52",75.41,"May 2025",121,0,4
2948230,"Catcelona: Indies' Special 2025","",,"₹ 250",75.41,"Feb 2025",50,0,4
3771190,"Giant’s Heart","",,"₹ 480",75.41,"Mar 2026",202,0,7
2873130,"Hentai Tales: The Neko Returns","",,"₹ 52",75.41,"Apr 2024",173,0,4
846080,"Where Thoughts Go","",,"₹ 349",75.41,"Nov 2018",330,0,11
3267680,"Hentai Slash","",,"₹ 52",75.41,"Oct 2024",161,0,3
2197360,"Hot Heat Reset","",-87%,"₹ 32",75.41,"May 2023",196,0,4
1560450,"the Sequence [2]","",,"₹ 250",75.41,"Nov 2021",353,0,8
972850,"The Blame","",,"₹ 85",75.41,"Dec 2018",51,0,3
791960,"Cactus Jumper","",,"₹ 42",75.41,"Jan 2018",50,0,4
506150,"Dragon Bros","",,"₹ 359",75.41,"Sep 2016",619,0,5
407100,"Gulf of Aden - Task Force Somalia","",,"₹ 349",75.41,"Dec 2015",429,0,73
1039040,"Copperbell","",,"₹ 199",75.41,"Jul 2019",197,0,3
311720,"Sproggiwood","",,"₹ 690",75.41,"Oct 2014",7079,1,131
1229900,"ARIA CHRONICLE","",-50%,"₹ 249",75.41,"Jul 2020",7524,5,1389
2700100,"Last Minute Shopping","",,"Free",75.40,"Dec 2023",224,0,11
790450,"ANYKEY","",,"Free",75.40,"Mar 2018",186,0,23
270490,"The Forest of Doom (Standalone)","",,"₹ 259",75.40,"Oct 2014",2275,0,70
664090,"Eternity Warriors VR","",,"₹ 479",75.40,"Sep 2017",5174,0,49
508600,"ROD: Revolt Of Defense","",,"₹ 58",75.40,"Aug 2016",1440,0,152
2302990,"Vacuum Warrior - Idle Game","",,"Free",75.40,"Jun 2023",599,136,815
359840,"Shift Happens","",-90%,"₹ 75",75.40,"Feb 2017",16944,69,3905
837460,"Batbarian: Testament of the Primordials","",,"₹ 690",75.39,"Oct 2020",3291,0,36
1719390,"Cards and Castles 2","",,"Free",75.39,"Nov 2023",841,0,228
2665460,"Windward Horizon","",,"₹ 880",75.39,"May 2025",6566,6,649
659190,"Sorry, James","",,"₹ 345",75.39,"Nov 2017",3589,1,191
1167950,"Vampire's Fall: Origins","",-85%,"₹ 62",75.39,"Jan 2020",7755,8,662
323580,"Jotun: Valhalla Edition","",,"₹ 690",75.39,"Sep 2015",40585,3,27501
1337820,"Emergence","",,"Free",75.38,"Aug 2020",390,0,9
1388860,"UNMEMORY","",-29%,"₹ 291",75.38,"Oct 2020",480,0,7
917920,"The Other Half","",,"₹ 52",75.38,"Nov 2018",870,0,6
953900,"Pantsu Hunter: Back to the 90s","",,"₹ 329",75.38,"Jan 2019",1522,1,88
4259310,"叨叨巫师Chant Wizard Demo","Demo",,"Free",75.37,"Jan 2026",0,6,176
3861290,"北城捷運糾察隊(Northern City Metro Patrol)","",,"₹ 150",75.37,"Aug 2025",381,0,4
2382600,"Nomad","",,"Free",75.37,"May 2023",143,0,5
2728040,"SherloCAT Holmes Nonogram","",,"₹ 250",75.37,"Oct 2024",133,0,19
612640,"Dunk Lords","",,"₹ 349",75.37,"Mar 2020",407,0,33
681060,"Shooty Squad","",,"Free",75.37,"Aug 2017",295,0,11
1294300,"Sockventure: Prologue","",,"—",75.37,"May 2020",238,0,21
1235120,"Meme Run 2","",,"₹ 199",75.37,"Jul 2020",122,0,7
2700780,"my eyes deceive","",,"Free",75.37,"Feb 2024",569,6,38
1475890,"Mandinga - A Tale of Banzo","",,"₹ 400",75.36,"Sep 2021",399,0,5
2698230,"Karin's Instruction","",,"₹ 200",75.36,"Feb 2024",649,0,8
1577080,"Classic Racers Elite","",,"₹ 345",75.36,"Sep 2024",498,0,7
4109750,"Love x Fantasy: Horny Elf","",,"₹ 105",75.36,"Nov 2025",336,0,8
994290,"Five Day Great Escape 五日大逃亡","",,"₹ 42",75.36,"Jun 2019",44,0,5
793630,"GROOD","",,"₹ 199",75.36,"Mar 2018",149,0,4
1053560,"Saint Hazel's Horsepital","",,"Free",75.36,"May 2019",150,0,5
1945260,"Jelly Express","",,"₹ 345",75.36,"Oct 2023",2608,0,120
1148490,"Second Front","",,"₹ 1500",75.36,"Jan 2023",8222,5,351
898780,"Escape Game","",-66%,"₹ 36",75.35,"Nov 2018",256,0,10
691320,"Gun Club VR","",,"₹ 529",75.35,"Aug 2018",5040,1,39
676480,"Jettomero: Hero of the Universe","",,"—",75.34,"Sep 2017",1112,0,7
355280,"Brave Furries","",,"Free",75.34,"May 2014",226,0,807
4150570,"NIGHT SHIFT NIGHTMARE","",,"Free",75.34,"Nov 2025",169,0,12
2013580,"XP Soccer","",,"₹ 345",75.34,"Nov 2022",884,0,17
1589380,"Horatio Goes Snowboarding","",,"₹ 219",75.34,"Jul 2021",158,0,204
3109370,"Slot Waste","",,"₹ 105",75.34,"Aug 2024",309,0,5
831770,"Zombie Derby","",-75%,"₹ 41",75.34,"May 2013",1695,0,8
1575470,"Frogun","",,"₹ 459",75.34,"Aug 2022",3305,0,123
1826910,"Please Subscribe: Streamer Career","",,"₹ 250",75.33,"Feb 2022",381,0,38
286300,"Algo Bot","",,"₹ 349",75.33,"Feb 2018",1375,0,1143
298560,"Captain Forever Remix","",,"₹ 349",75.33,"Jun 2016",6520,0,118
335790,"Words for Evil","",,"₹ 169",75.31,"Aug 2014",1777,0,634
1069360,"Plasticity","",,"Free",75.31,"May 2019",1816,0,38
701730,"Yi and the Thousand Moons","",,"₹ 125",75.30,"Nov 2017",360,0,2
735850,"Trailer Park Boys: Greasy Money","",,"—",75.30,"Feb 2018",1696,7,1113
1515020,"Kingsblood","",,"—",75.29,"Jun 2023",1078,0,32
3123250,"Nightwatch: Closer","",,"₹ 250",75.29,"Sep 2024",80,0,8
424640,"Karaski: What Goes Up...","",,"₹ 409",75.29,"Mar 2016",672,0,61
495900,"Lance A Lot: Classic Edition","",,"₹ 199",75.29,"Oct 2016",1472,0,13
1949300,"EXIT - The Curse of Ophir","",,"₹ 400",75.29,"Jun 2022",265,1,14
446030,"Corroded","",,"—",75.29,"Apr 2017",585,0,683
298280,"XenoRaptor","",,"₹ 349",75.29,"Dec 2019",2182,0,31
567750,"Gamer Career Tycoon","",,"₹ 200",75.29,"Mar 2018",952,0,103
527340,"What The Box?","",,"₹ 259",75.29,"Sep 2016",4302,0,161
1296510,"Dread X Collection","",,"₹ 259",75.28,"May 2020",1743,0,45
370770,"Holodrive","",,"Free",75.28,"Mar 2021",4146,0,1635
606230,"Thea 2: The Shattering","",,"₹ 899",75.28,"May 2019",18179,27,1349
2451640,"Furry Myth 🦁","",,"₹ 248",75.27,"Feb 2024",2504,1,115
2413660,"Bucket Brawl: Ahlman Edition","",,"Free",75.27,"Jun 2023",734,5,37
1034750,"The Flower Collectors","",,"₹ 529",75.27,"Apr 2020",1603,0,16
457480,"Domino Sky","",,"₹ 200",75.27,"Apr 2016",533,0,877
351490,"Intergalactic Bubbles","",,"₹ 58",75.27,"May 2015",808,0,816
318230,"Convoy","",,"₹ 479",75.27,"Apr 2015",16692,0,464
1119800,"Brume","",,"₹ 349",75.26,"Oct 2019",903,0,11
1577320,"Somewhere in the Shadow","",,"₹ 155",75.26,"Aug 2021",644,0,70
1674150,"Gromopoli","",,"Free",75.25,"Oct 2025",222,0,23
1077530,"SUPER BUILD","",,"₹ 459",75.25,"Aug 2019",5089,1,29
359920,"Highlands","",,"₹ 199",75.25,"Apr 2015",2601,0,40
3353100,"Passant: A Chess Roguelike","",,"₹ 570",75.25,"Aug 2025",3575,1,369
328270,"Leviathan: The Last Day of the Decade","",,"₹ 250",75.25,"Nov 2014",3461,1,133
3403880,"KLAWS","",,"₹ 105",75.24,"Jan 2025",243,0,9
3881680,"Firefly Haven","",,"₹ 155",75.24,"Aug 2025",109,1,40
1977890,"Skylost","",,"Free",75.24,"May 2022",239,0,7
1932700,"Entomophobia","",,"₹ 105",75.24,"May 2024",285,0,6
811130,"Forever Space","",,"Free",75.24,"Mar 2018",94,0,4
485260,"Talent Not Included","",,"₹ 610",75.24,"Aug 2016",351,0,30
300620,"Flyhunter Origins","",-83%,"₹ 34",75.24,"Dec 2014",231,0,200
2172120,"Rift Rangers","",,"₹ 250",75.24,"May 2023",287,0,12
1036660,"MiniGolf Maker","",,"₹ 259",75.24,"Feb 2022",444,0,15
3809410,"Beer Manufacture Simulator","",-22%,"₹ 374",75.24,"Mar 2026",2598,15,444
434740,"Lichtspeer","",,"—",75.24,"Sep 2016",1644,0,19
3108980,"Part-Time Witch","",,"₹ 359",75.24,"Apr 2026",8778,17,297
1098510,"LOST EGG","",,"₹ 155",75.24,"Jun 2019",486,2,38
931280,"Iron Marines","",-50%,"₹ 229",75.24,"May 2019",10872,18,498
1969280,"Automaton Kingdom","",,"Free",75.23,"May 2022",196,0,13
386740,"Puzzle Strike","",,"₹ 479",75.23,"Dec 2015",329,0,27
2007470,"SEARCH ALL - BIRDS","",,"₹ 155",75.23,"Jun 2022",49,0,3
1600130,"Food and Girls","",,"₹ 52",75.23,"May 2021",179,0,3
868060,"Immortal Darkness: Curse of The Pale King","",,"—",75.23,"Oct 2018",1558,0,9
834920,"Operation Osama Bin Laden","",,"₹ 85",75.23,"May 2021",171,0,4
818410,"Space Hole 2018","",,"₹ 200",75.23,"Oct 2018",125,0,5
342920,"Toto Temple Deluxe","",,"₹ 349",75.23,"Sep 2015",527,0,20
750850,"The Dream Collector","",,"₹ 85",75.23,"Dec 2017",407,0,7
1805390,"Follow the Black Kitten","",,"Free",75.23,"Jan 2022",123,0,4
1603720,"Thy Creature","",,"₹ 880",75.23,"Nov 2022",919,0,43
3517980,"Secrets of Blackrock Manor - Escape Room","",,"₹ 480",75.23,"Aug 2025",480,3,44
464150,"Regalia: Of Men and Monarchs","",,"₹ 529",75.23,"May 2017",5931,2,294
582330,"Warriors: Rise to Glory","",,"₹ 529",75.23,"Jan 2022",4523,2,345
1269520,"Let Me Out","",-60%,"₹ 180",75.22,"Aug 2024",1517,0,24
1928670,"Hajis هاجس","",,"₹ 450",75.22,"Oct 2022",234,0,68
1596440,"ARKOS","",-75%,"₹ 87",75.22,"Nov 2021",787,0,14
1013320,"Firestone – Idle Clicker Online RPG","",,"Free",75.22,"Apr 2024",6096,1708,3343
1303010,"Vincemus - Air Combat","",,"₹ 459",75.21,"Dec 2024",1560,0,14
3193730,"Seek","",,"₹ 259",75.21,"May 2025",416,0,21
786680,"Dungeons Forever","",,"Free",75.21,"Feb 2018",455,0,64
2735950,"Necro Rumble","",,"Free",75.21,"Jan 2024",231,0,50
1022780,"Animal Fight Club","",,"₹ 250",75.20,"Apr 2019",1410,1,122
955170,"铁道物语：陆王（Railway Saga:Land King）","",,"₹ 349",75.19,"May 2019",1987,3,255
393200,"Bad Rats Show","",-71%,"₹ 35",75.19,"Jul 2016",1611,0,346
418950,"DreadOut: Keepers of The Dark","",,"₹ 345",75.19,"Mar 2016",6373,0,558
2129150,"Horror Tale 1: Kidnapper","",,"₹ 199",75.18,"Jan 2023",312,0,10
1001070,"Koi","",,"₹ 52",75.18,"Feb 2019",362,0,26
903040,"The Castles of Burgundy","",,"₹ 459",75.18,"Feb 2019",1069,7,46
1331910,"Morkredd","",,"₹ 880",75.18,"Dec 2020",2317,1,68
3916620,"Idle Pixel Fantasy","",,"Free",75.18,"Sep 2025",669,65,556
998930,"Seek Girl","",,"Free",75.18,"Mar 2019",16206,3,735
1193990,"Trapped","",,"₹ 165",75.17,"Dec 2019",364,0,4
1643180,"Artist Life Simulator","",-44%,"₹ 542",75.17,"Dec 2022",1455,1,24
964040,"Snood","",,"Free",75.17,"Dec 2018",243,6,56
420060,"Candle","",,"₹ 250",75.17,"Nov 2016",3941,2,58
3344150,"Gift Collector [ギフトコレクター]","",-35%,"₹ 195",75.16,"Dec 2024",345,1,29
2531370,"Blacksmith. Song of two Kings.","",,"₹ 1100",75.16,"Feb 2024",2470,0,184
3900380,"El 39","",-60%,"₹ 80",75.16,"Nov 2025",907,0,47
2262080,"Omega Crafter","",,"₹ 1100",75.16,"May 2025",13919,8,1819
374670,"Ember Strike","",,"—",75.16,"May 2016",1460,0,209
2837580,"Rally Arcade Classics","",,"₹ 880",75.15,"Sep 2024",901,0,17
1079130,"Hentai Cowgirl","",,"₹ 52",75.15,"May 2019",410,0,4
997180,"be you","",,"Free",75.15,"Feb 2019",518,0,13
415400,"Cross Set","",,"₹ 42",75.15,"Nov 2015",363,0,497
2828820,"The Red Button","",,"Free",75.15,"Mar 2024",58,4,112
3570430,"Snakecremental","",,"₹ 200",75.15,"Apr 2025",462,5,207
1747450,"成土市的我 CTcity","",,"₹ 230",75.14,"Apr 2024",478,0,10
1962030,"Blade Jumper","",,"₹ 259",75.14,"Sep 2022",142,0,5
1571380,"Startenders: Intergalactic Bartending","",,"₹ 459",75.14,"Apr 2024",517,0,13
1315860,"Work And Girls","",,"₹ 52",75.14,"May 2020",235,0,5
1168940,"Crystal core","",,"—",75.14,"Oct 2019",95,0,4
1018420,"uuu so smislom","",,"₹ 52",75.14,"Mar 2019",74,0,5
686520,"Gnomes Garden New home","",,"₹ 690",75.14,"Dec 2017",128,1,11
379760,"Gravity Error","",,"₹ 259",75.14,"Aug 2015",221,0,7
4360200,"Only Faces Remain","",,"Free",75.14,"Mar 2026",93,0,6
1391540,"Uberlaufer","",,"₹ 482",75.14,"Nov 2021",1278,0,10
1004190,"Flowers in Dark","",,"—",75.14,"Jan 2019",1090,0,10
1045580,"Deleveled","",,"₹ 349",75.14,"Sep 2020",1561,0,150
920680,"Fate Hunters","",,"₹ 459",75.13,"Jul 2019",5424,0,301
3116400,"Hentai Akari","",,"₹ 52",75.12,"Aug 2024",128,0,3
2701590,"Cthulhu Mythos ADV The Isle Of Ubohoth","",,"₹ 810",75.12,"Jun 2024",1070,0,49
1788430,"BOT.vinnik Chess: Late USSR Championships","",,"₹ 105",75.12,"Dec 2021",123,0,3
2468780,"TEAM SIX - Armored Troops","",,"₹ 52",75.12,"Jul 2023",143,0,5
4286930,"Colored Pencil Bakery","",,"₹ 480",75.12,"Apr 2026",135,1,32
2273500,"JOIN tiles - Anatolian game to play","",,"₹ 54",75.12,"Feb 2023",41,0,2
624830,"Battle Summoners VR","",,"—",75.12,"May 2017",463,0,8
500110,"Glider Island","",,"₹ 349",75.12,"Apr 2017",436,0,9
1699380,"Super Shooter","",,"₹ 200",75.12,"Feb 2022",159,0,4
1042570,"Human Rights","",,"Free",75.12,"Apr 2019",85,0,6
979790,"Change : A Little Story","",,"₹ 85",75.12,"Dec 2018",183,0,4
973440,"Otokomizu～漢水～","",,"₹ 529",75.12,"Feb 2019",430,0,15
930840,"东方百问~TouHouAsked","",,"₹ 42",75.12,"Oct 2018",351,0,16
652890,"Vanguard Knights","",,"₹ 199",75.12,"Jan 2019",245,0,3
726630,"Mare Nostrvm","",,"₹ 880",75.12,"Nov 2017",883,0,13
3508630,"ISLANDERS: New Shores Demo","Demo",,"Free",75.12,"Mar 2025",0,1,130
459680,"Auro: A Monster-Bumping Adventure","",,"Free",75.12,"Apr 2016",699,1,9
397570,"Shmadow","",,"₹ 119",75.12,"Nov 2015",890,0,34
2330870,"CD 2: Trap Master","",,"₹ 690",75.12,"Mar 2024",3239,0,418
2719940,"The Bonerooms","",,"Free",75.12,"Oct 2024",3685,37,1254
319470,"Ninja Pizza Girl","",,"₹ 259",75.11,"Sep 2015",1355,0,62
755470,"The World Next Door","",,"₹ 250",75.11,"Mar 2019",1940,0,34
4315300,"Hopping Ninja-san","",,"Free",75.10,"Feb 2026",21,0,4
3120740,"Strandzha Adventures 3D","",,"₹ 155",75.10,"Aug 2024",18,0,2
1294970,"Undead Darlings ~no cure for love~","",,"₹ 1300",75.10,"Sep 2020",628,0,9
1141300,"Sloth Quest","",,"₹ 199",75.10,"Jun 2020",38,0,2
3922090,"Centipede Simulator","",,"₹ 209",75.10,"May 2026",64,0,4
3763930,"A Better Tomorrow","",,"Free",75.10,"Sep 2025",122,0,10
3729020,"Hentai Magic","",,"₹ 52",75.10,"Jun 2025",105,0,3
1909760,"Hexa Td - Free Game","",,"Free",75.10,"Sep 2024",38,2,8
1702220,"Cool Animals","",,"₹ 200",75.10,"Jun 2022",38,0,3
2579000,"Knight Speed","",,"Free",75.10,"Dec 2023",26,0,2
2197600,"Chess Royale","",,"₹ 52",75.10,"Nov 2022",67,0,9
2188180,"Maruja Mallo","",,"Free",75.10,"Nov 2022",39,0,2
2407840,"Lobber","",,"Free",75.10,"Sep 2023",60,0,2
1631830,"Squish","",,"₹ 459",75.10,"Jun 2022",120,0,15
1504260,"My Last Memories About You","",,"₹ 165",75.10,"Jan 2021",57,0,3
1295760,"Moonfall","",,"₹ 199",75.10,"May 2020",171,0,4
4681790,"Plobania 47/B Demo","Demo",,"Free",75.10,"May 2026",0,0,36
4562790,"Rob o Bot Demo","Demo",,"Free",75.10,"Mar 2026",0,0,6
4262040,"Bottle It!: Beverage Simulator Demo","Demo",,"Free",75.10,"Dec 2025",0,0,11
3968410,"Magic Maho: Dream Runner Demo","Demo",,"Free",75.10,"Sep 2025",0,0,3
3767490,"Castlebound Demo","Demo",,"Free",75.10,"Jun 2025",0,1,8
3225730,"Umbra Lumen","",,"₹ 149",75.10,"Apr 2026",115,0,6
2986340,"Flood","",,"₹ 345",75.10,"Sep 2025",53,0,10
2116950,"Tiny Solar System","",,"₹ 176",75.10,"Oct 2022",91,0,7
4270980,"Hentai Clicker: Celestia is streaming","",,"₹ 155",75.10,"Jan 2026",129,0,8
4148390,"Hentai Clicker: Eva is streaming","",,"₹ 155",75.10,"Nov 2025",114,0,12
2919070,"Rope-Kun Adventure","",,"₹ 480",75.10,"Mar 2026",146,0,8
2320990,"Hentai Puzzles: The Origin","",-40%,"₹ 31",75.10,"Mar 2023",77,0,3
2089040,"La Sombra","",,"₹ 200",75.10,"Feb 2024",65,0,3
509820,"Super Grav","",,"₹ 300",75.10,"Nov 2016",128,0,4
1898860,"whale.","",,"₹ 105",75.10,"Feb 2022",34,0,4
1767950,"Slime Dice","",,"₹ 200",75.10,"Aug 2022",61,0,8
3997330,"Hentai Sayo","",,"₹ 52",75.10,"Oct 2025",104,0,7
2066960,"New Tanks","",,"₹ 250",75.10,"Aug 2022",612,0,3
4081970,"Fish Box","",,"₹ 250",75.10,"Jan 2026",32,0,4
3527160,"Tumbles Demo","Demo",,"Free",75.10,"Apr 2025",0,0,4
3030490,"Direction!LevelUP!","",,"₹ 105",75.10,"Jul 2024",28,0,6
2563140,"Star Farmer: Prologue","",,"Free",75.10,"Sep 2023",65,0,7
2372580,"Dominoes Colors","",,"₹ 105",75.10,"Jan 2024",41,0,4
2192280,"architect","",,"₹ 155",75.10,"Feb 2023",93,0,2
2952370,"Dik Journey GOLD","",,"₹ 690",75.10,"May 2024",185,0,10
3262490,"PolyWar","",,"Free",75.10,"Nov 2024",44,0,6
1285100,"Faking to Dance","",,"Free",75.10,"May 2022",29,0,4
770860,"Annwn: the Otherworld","",,"₹ 459",75.10,"Mar 2019",168,0,3
4247120,"Bumper Blitz TD","",,"₹ 719",75.10,"May 2026",97,1,29
4404450,"⟨Unknown_Terminal⟩","",,"Free",75.10,"Feb 2026",56,0,6
4363980,"Hentai World Cave","",-21%,"₹ 41",75.10,"Feb 2026",94,0,3
4232240,"Hentai World Tour","",,"₹ 52",75.10,"Jan 2026",98,0,3
4060560,"Hentai Age Idol","",,"₹ 52",75.10,"Oct 2025",114,0,2
3738610,"Hentai World Bunny","",-21%,"₹ 41",75.10,"Jun 2025",148,0,2
3594430,"Hentai World West","",,"₹ 52",75.10,"Apr 2025",106,0,2
2836910,"SEARCH ALL - LOLLIPOPS","",,"₹ 105",75.10,"Feb 2024",26,0,2
1401990,"Missing Features: 2D","",,"₹ 85",75.10,"Dec 2020",40,0,3
1309280,"Corners","",,"₹ 42",75.10,"Nov 2020",40,0,3
1208110,"Prometheus Wept","",,"₹ 690",75.10,"Jun 2025",1059,0,4
1199010,"Tower Of God: One Wish","",,"₹ 299",75.10,"Sep 2019",40,0,7
1197360,"The Santa Challenge","",,"₹ 155",75.10,"Dec 2019",36,0,3
1180190,"Call of VII","",,"₹ 42",75.10,"Feb 2020",38,0,4
980880,"Twinfold","",,"₹ 219",75.10,"Dec 2018",124,0,5
865800,"Octo Gravity","",,"₹ 52",75.10,"Jul 2018",85,0,4
853410,"YAPP2: Yet Another Pushing Puzzler","",,"₹ 105",75.10,"Jul 2018",99,0,4
831680,"Hero Go","",,"₹ 105",75.10,"May 2018",64,0,4
805340,"Cubiques 2","",,"₹ 199",75.10,"Mar 2018",62,0,2
757490,"Mapas do Horizonte - Um jogo para conhecer BH","",,"Free",75.10,"Sep 2017",74,0,10
459520,"Kinacoustic","",,"₹ 480",75.10,"May 2016",336,0,9
419710,"Rogue Singularity","",,"₹ 459",75.10,"Aug 2019",207,0,4
1181300,"Abda Redeemer: Space alien invasion","",,"₹ 155",75.10,"Oct 2021",76,0,3
1194670,"Fairyfail","",,"₹ 349",75.10,"Jul 2021",67,0,8
3206020,"Shrouded Aspect","",,"₹ 690",75.10,"Aug 2025",684,0,8
1428970,"Where the Snow Settles","",,"—",75.10,"Jul 2021",165,0,4
3212510,"Enci's Solution Demo","Demo",,"Free",75.10,"Sep 2024",0,0,10
2800510,"Job Joust","",,"₹ 480",75.10,"Aug 2024",106,0,6
2105700,"Guilded Hearts","",,"₹ 610",75.10,"Sep 2023",182,0,21
4109440,"It's Not You, It's M.E","",,"₹ 105",75.10,"Dec 2025",33,0,2
3340740,"City Multi Fun","",,"₹ 250",75.10,"Dec 2024",124,0,5
2508150,"Untrusted: hackers at large","",,"₹ 635",75.10,"Jan 2026",382,0,13
3480430,"Stair Tap","",,"Free",75.10,"Mar 2025",23,0,4
1312480,"Ratico Puzzle Adventure","",,"₹ 105",75.10,"Apr 2025",19,1,2
2920070,"The Croaker","",,"₹ 52",75.10,"Apr 2024",26,0,5
4127470,"Seconda","",,"Free",75.10,"Nov 2025",74,0,3
4070990,"Archival Anemoia","",,"Free",75.10,"Jan 2026",76,0,3
3915230,"Monster Girls Onsen","",,"₹ 400",75.10,"Sep 2025",1891,0,32
2180350,"幻斋阴阳录 Genzai:Serialization","",,"₹ 200",75.10,"Jan 2023",404,0,45
2184610,"Hentai BodySuit","",,"₹ 52",75.10,"Oct 2022",380,0,7
477310,"Space Hole 2016","",,"₹ 52",75.10,"Sep 2016",148,0,148
2892310,"GIRLDIVERS","",,"₹ 690",75.10,"Nov 2024",3669,0,88
670350,"The Free Ones","",,"—",75.10,"Jul 2018",4347,0,82
933820,"Endzone - A World Apart","",-41%,"₹ 891",75.10,"Mar 2021",98758,89,6426
1863920,"モールス信号で愛を伝えよ。","",,"Free",75.09,"May 2022",202,0,7
3484860,"迷雾之村Misty Village","",,"₹ 105",75.09,"Feb 2025",91,0,9
2549940,"I will make you scared of this Red Box.","",,"Free",75.09,"Apr 2024",78,0,4
3943750,"Fly Over! 100KM! Mountains!","",,"Free",75.09,"Oct 2025",75,0,7
2489460,"Cropisle TD","",,"₹ 105",75.09,"Sep 2023",95,0,7
3604550,"Ball Scooping Friends","",,"₹ 200",75.09,"May 2025",167,1,172
1668840,"Beautiful Defenders","",,"₹ 52",75.09,"Oct 2021",199,0,2
1219580,"Prison Forever","",-50%,"₹ 52",75.09,"Jan 2020",103,0,4
914000,"Tiny Battle Simulator","",,"₹ 199",75.09,"Sep 2018",405,1,12
530510,"Manipulated","",,"₹ 125",75.09,"Mar 2017",261,0,8
2786020,"Vindefiant","",,"₹ 690",75.09,"Apr 2025",794,1,22
1900490,"White Mirror","",,"Free",75.09,"Aug 2022",105,0,7
1840150,"Vigorus","",,"Free",75.09,"Mar 2022",433,0,17
3214690,"Chronicles of Delights: Isekai Adventure","",,"₹ 155",75.09,"Dec 2024",736,0,9
671170,"Great eSports Manager","",,"₹ 369",75.09,"Aug 2017",1061,1,89
630720,"Mana Spark","",,"₹ 399",75.09,"Sep 2018",5173,1,154
1611490,"[Chilla's Art] Night Delivery | 例外配達","",,"₹ 155",75.09,"Jun 2021",2628,3,130
1670120,"Turn the Line!","",,"₹ 899",75.08,"Apr 2022",1051,0,33
630550,"Faulty Apprentice","",,"₹ 529",75.08,"Nov 2019",3746,0,52
290530,"Clandestine","",,"₹ 480",75.08,"Nov 2015",10160,0,136
1228410,"WATCH / 透视","",,"₹ 379",75.07,"Dec 2020",408,0,12
2081670,"CALAMITY CREATURES","",,"Free",75.07,"Jul 2023",289,0,13
1591670,"Mark & Lara: Partners In Justice","",,"₹ 199",75.07,"Apr 2021",238,0,14
1587290,"Witch of Mystery Tower","",,"₹ 349",75.07,"Mar 2022",1165,0,20
1458000,"Air Bounce - The Jump 'n' Run Challenge","",,"₹ 199",75.07,"Dec 2020",114,0,8
371650,"COLINA: Legacy","",,"₹ 199",75.07,"Sep 2018",2620,0,20
2832320,"PC Tycoon 2","",,"₹ 400",75.07,"Mar 2024",914,5,221
1982340,"Blanc","",,"₹ 852",75.07,"Feb 2023",6956,4,339
557040,"99Vidas","",-50%,"₹ 219",75.06,"Dec 2016",2516,0,76
1969440,"Sunday Gold","",,"₹ 1649",75.06,"Oct 2022",7000,0,193
481180,"System Crash","",,"₹ 459",75.05,"Mar 2016",1972,0,52
1089310,"Nordlicht","",,"₹ 250",75.04,"Sep 2019",1153,0,5
2537300,"大宋英雄传(SongHeros)","",,"₹ 480",75.04,"Apr 2025",692,0,29
324520,"Defense Zone 3 Ultra HD","",,"₹ 349",75.04,"Dec 2016",1164,14,85
3133750,"Super Tax City Demo","Demo",,"Free",75.03,"Aug 2024",0,0,156
2230000,"1WEEK","",,"₹ 250",75.03,"Oct 2023",313,0,4
1026940,"Hei","",,"₹ 200",75.03,"Apr 2019",96,0,3
2946260,"Poker Dungeon : Joker's Madness","",,"₹ 450",75.03,"May 2024",209,0,44
2871040,"Lil' Airport","",,"₹ 155",75.03,"Oct 2024",186,0,13
2602270,"Puma: the Cat","",,"₹ 155",75.03,"Nov 2023",79,0,2
4089280,"Arctic Digger TCG Collection Demo","Demo",,"Free",75.03,"Oct 2025",0,0,8
3566580,"Legendary Heroes Survivors","",,"₹ 155",75.03,"Apr 2025",123,1,11
3234440,"Biodacity The Mansion","",,"Free",75.03,"Apr 2025",359,0,6
625830,"BattleSky VR","",,"₹ 419",75.03,"Jan 2018",363,0,13
667010,"Dracula: Vampires vs. Zombies","",,"₹ 479",75.03,"Aug 2017",559,0,8
1232920,"Parliament - Parlement","Application",,"Free",75.03,"May 2020",182,0,2
2098280,"The Perfect Garden","",,"₹ 52",75.03,"Aug 2022",27,0,3
1856550,"Magnus Imago","",,"₹ 292",75.03,"Feb 2022",162,0,4
1631160,"Logic Car","",,"₹ 299",75.03,"Jul 2021",164,0,15
1219320,"Pets Sniper Shooting","",,"₹ 42",75.03,"Jan 2020",41,0,24
775730,"Dialing","",,"₹ 42",75.03,"Mar 2017",49,0,3
740000,"绝境幸存者 Escape Zombie Land","",,"₹ 299",75.03,"Dec 2017",482,0,8
642600,"Burst Fighter","",,"₹ 480",75.03,"Sep 2017",335,0,5
336840,"Color Guardians","",,"₹ 459",75.03,"May 2015",352,0,15
3957430,"Captain Puff MacFly","",,"₹ 155",75.03,"Mar 2026",65,0,6
3335430,"Dumbriel: Magnificent Adventure in Hell Demo","Demo",,"Free",75.03,"May 2025",0,0,7
2241800,"Snow Folks","",,"₹ 155",75.03,"Jan 2024",217,0,7
879050,"Drakkar Crew","",,"₹ 690",75.03,"Jun 2024",1702,0,40
789730,"Not Without My Poop","",,"₹ 52",75.03,"Feb 2018",148,0,8
756100,"Curse of the Old Gods","",,"Free",75.02,"Dec 2017",157,0,5
4150960,"Truckin It","",,"Free",75.02,"Jan 2026",136,0,405
747910,"Disassembly 3D","",,"₹ 699",75.02,"Dec 2017",1509,1,38
242880,"Sir, You Are Being Hunted","",,"₹ 565",75.02,"Aug 2013",19807,0,744
921800,"Encased: A Sci-Fi Post-Apocalyptic RPG","",,"₹ 1680",75.02,"Sep 2021",50169,35,3743
2672900,"DOMINO The Little One","",,"Free",75.01,"Nov 2023",171,0,24
1209450,"Potion Commotion","",,"Free",75.01,"Apr 2020",1205,1,32
4434680,"Welcome to Elite Cafe","",,"₹ 469",75.00,"May 2026",182,2,31
2719300,"Honey Homer RPS","",,"₹ 105",75.00,"Jan 2024",54,0,3
2500780,"Waifu Club - Azumi","",,"₹ 52",75.00,"Feb 2024",291,0,2
2191400,"决斗小爱","",,"Free",75.00,"Feb 2023",70,0,3
1962930,"Jacks or Better - Video Poker","",,"₹ 250",75.00,"Apr 2022",14,1,6
4579980,"Potato Simulato: Together Demo","Demo",,"Free",75.00,"Apr 2026",0,0,6
4616550,"Stickerino Demo","Demo",,"Free",75.00,"Apr 2026",0,1,3
4232920,"Little Immortal Cultivator Demo","Demo",,"Free",75.00,"Dec 2025",0,0,9
4184540,"Xmas Survivors","",,"₹ 200",75.00,"Dec 2025",25,0,7
4129870,"The Abyssal Maze","",,"₹ 209",75.00,"Mar 2026",11,0,2
3971890,"Learn To Love","",,"₹ 250",75.00,"Nov 2025",138,2,6
3907850,"Slimes Arena","",,"₹ 250",75.00,"Sep 2025",14,0,3
3324560,"SUPER SCORE SHOOTER CLASSIC","",,"₹ 105",75.00,"Jan 2025",79,0,4
3244270,"MAHOROBA CAT","",,"₹ 450",75.00,"Jul 2025",42,0,2
3136410,"Memento Dawn Demo","Demo",,"Free",75.00,"Aug 2024",0,0,3
2953790,"WASDJK","",-50%,"₹ 26",75.00,"Jun 2024",35,0,3
2865660,"Sky Jumping","",,"₹ 155",75.00,"Jul 2024",271,0,3
2698730,"Shooting Squirrel Simulator","",,"₹ 105",75.00,"Dec 2023",19,0,2
2323440,"Mimi and Lisa - Adventure for Children","",,"Free",75.00,"Mar 2023",54,0,3
1804000,"MergeTD","",,"₹ 52",75.00,"May 2023",26,0,3
3965840,"ArcaneDeck ChessWraith","",,"₹ 480",75.00,"Oct 2025",20,0,1
3365440,"Chromesthesia VR Music Visualizer","",,"₹ 690",75.00,"Dec 2024",38,0,3
2603560,"Pixel Arcade","",,"₹ 480",75.00,"Nov 2024",34,0,2
3756170,"Inside Light Switcher’s Mind","",,"₹ 52",75.00,"Sep 2025",7,0,2
4492450,"El Cipitío: The Cuscatlecan Legends","",,"₹ 564",75.00,"Apr 2026",122,0,5
4059650,"Purrfect  Stall","",,"Free",75.00,"Oct 2025",40,0,3
3626630,"Astro Busters Demo","Demo",,"Free",75.00,"Apr 2025",0,0,1
2027420,"Blastonier","",,"Free",75.00,"Aug 2022",24,0,11
1723760,"Sorcerer Knights","",,"₹ 337",75.00,"Sep 2021",45,0,3
1659340,"Be The ONE","",,"₹ 85",75.00,"Aug 2021",28,0,2
1278710,"FPS Robot Attack Minigame","",,"₹ 52",75.00,"May 2020",21,0,3
4650140,"MAGE: Mega Awesome Gregarious Encounters Demo","Demo",,"Free",75.00,"May 2026",0,0,4
2062330,"Omega Squad","",,"₹ 250",75.00,"Jul 2022",22,0,2
1947490,"Death's Dungeon","",,"₹ 199",75.00,"Mar 2023",24,0,3
1431020,"Blurple Food Wars","",,"₹ 199",75.00,"Jan 2021",25,0,4
3916550,"Musical Maze","",,"₹ 259",75.00,"Jan 2026",48,0,3
3344270,"Jack Street","",,"₹ 105",75.00,"Aug 2025",20,0,1
3254130,"BLOOD=BULLETS","",,"₹ 105",75.00,"Oct 2024",16,0,2
2100090,"Dodge","",,"₹ 100",75.00,"Aug 2022",13,0,3
4395700,"Random Dragons Demo","Demo",,"Free",75.00,"Feb 2026",0,0,3
4331860,"Melody Friends Demo","Demo",,"Free",75.00,"Jan 2026",0,0,6
4296410,"Gravscape","",,"₹ 209",75.00,"Mar 2026",23,0,3
4251230,"Mansion of a Million Monsters! Demo!","Demo",,"Free",75.00,"Jan 2026",0,0,2
4213290,"ARC Aquarium","",,"₹ 155",75.00,"Jan 2026",17,0,3
3923530,"Maid Mech Demo","Demo",,"Free",75.00,"Feb 2026",0,0,9
3810810,"Cube Ninja","",,"Free",75.00,"Aug 2025",40,0,2
3725960,"9 Lives To Escape","",,"₹ 105",75.00,"May 2025",11,0,2
3721790,"Crabs And Rats","",,"₹ 155",75.00,"Dec 2025",30,0,3
3241910,"The Spirit Guide","",,"Free",75.00,"Oct 2024",38,0,3
3165230,"最终战车","",,"₹ 250",75.00,"Sep 2024",221,0,4
3047340,"赛博杀手 Cyberkiller2049","",,"₹ 400",75.00,"Oct 2024",22,0,3
2962270,"Celestial Contact","",,"₹ 52",75.00,"May 2024",22,0,2
2653720,"Firepower Forge","",,"₹ 345",75.00,"Jul 2024",12,0,6
2603290,"Block The Monster","",,"₹ 570",75.00,"Nov 2023",56,0,3
2578690,"Arch Rivals","",,"Free",75.00,"May 2024",22,0,4
2556040,"傀儡の宿 - Kairai Inn -","",,"₹ 250",75.00,"Sep 2023",90,0,5
2489970,"Speard","",,"₹ 200",75.00,"Aug 2023",17,0,4
2472870,"Doctor Cat","",,"₹ 105",75.00,"Jul 2023",25,0,2
2454750,"Liekki","",,"Free",75.00,"Apr 2026",92,0,5
2297320,"Robot Room Cleaner","",,"₹ 300",75.00,"Feb 2023",32,0,3
4369790,"ミステリ―アドベンチャー　犯人はメイド Demo","Demo",,"Free",75.00,"Feb 2026",0,0,5
3929940,"Hentai Novel: Lily is stripping","",,"₹ 155",75.00,"Sep 2025",62,0,2
2716720,"Make it! Takoyaki","",,"₹ 155",75.00,"Dec 2023",57,0,5
2455860,"Strange Parallel：Sele","",,"₹ 1300",75.00,"Mar 2024",102,0,2
2116690,"Protocol Delta","",,"₹ 155",75.00,"Apr 2024",10,0,2
2064370,"Space Monkeys","",,"₹ 125",75.00,"Jul 2022",17,0,3
2079990,"Monch!","",,"₹ 480",75.00,"May 2025",51,0,3
2209940,"Talus","",,"₹ 105",75.00,"Mar 2023",35,0,1
2944240,"Spready","",,"₹ 250",75.00,"Oct 2024",21,0,2
2133770,"Tyler Tactics","",,"₹ 52",75.00,"Dec 2022",26,0,3
4218410,"Christmas Across America Collector's Edition","",,"₹ 480",75.00,"Dec 2025",18,0,7
3959160,"Your Weight","",-20%,"₹ 43",75.00,"May 2026",16,0,5
3874510,"Nightmare Mines","",,"₹ 97",75.00,"Aug 2025",13,0,4
3417780,"Yokai Tales","",,"₹ 300",75.00,"Aug 2025",115,0,2
2907000,"Desktop Creatures","",,"₹ 52",75.00,"May 2024",28,0,4
2697540,"FastPack","",,"₹ 250",75.00,"Apr 2025",21,0,6
2666260,"Galactic Breakout","",,"₹ 105",75.00,"Jan 2024",30,0,2
2251180,"Fort Valen","",,"₹ 300",75.00,"Apr 2023",33,0,3
1935300,"Stack World","",,"₹ 200",75.00,"Sep 2023",15,0,2
4614580,"Cat Watch","",,"₹ 109",75.00,"May 2026",16,0,2
4556140,"The Sorting Bureau Demo","Demo",,"Free",75.00,"May 2026",0,1,30
4410230,"Time to Try","",,"₹ 53",75.00,"Mar 2026",13,0,6
4396660,"Cat Mirror","",,"₹ 75",75.00,"Mar 2026",9,1,2
4274750,"东方厄神路","",,"₹ 200",75.00,"Mar 2026",14,0,5
4155910,"Hentai Tales: Fairy Princess Hypnosis - Icy Passion","",,"₹ 52",75.00,"Jan 2026",108,0,5
4049270,"Iluminatus Bizarre Ascent","",,"₹ 300",75.00,"Dec 2025",85,0,6
4046190,"魔力喵吉克 Demo","Demo",,"Free",75.00,"Feb 2026",0,0,6
3976310,"A Sexy Tour With : Juana","",,"₹ 155",75.00,"Sep 2025",57,0,3
3917590,"Blendkins","",,"₹ 300",75.00,"Jun 2026",39,0,3
3620830,"A Few Days With : Olivia","",,"₹ 155",75.00,"May 2025",81,0,2
3582540,"Foxxel Quest - A Puzzle Adventure","",,"₹ 200",75.00,"Apr 2025",19,0,1
3543710,"A Few Days With : Hazel","",,"₹ 155",75.00,"Apr 2025",66,0,3
3507830,"Buzz Off!","",-50%,"₹ 100",75.00,"Feb 2026",16,0,2
3399770,"Miryam: The Polluted Land","",,"₹ 250",75.00,"Mar 2025",49,0,8
3297070,"A Sexy Tour With : Stella","",,"₹ 155",75.00,"Dec 2024",84,0,3
3296240,"Math Master","",,"₹ 52",75.00,"Dec 2024",13,0,4
3190480,"A Few Nights With : Margaret","",,"₹ 155",75.00,"Oct 2024",120,0,3
3163170,"A Few Nights With : Francesca","",,"₹ 155",75.00,"Oct 2024",115,0,4
3157550,"Rogumon","",,"₹ 155",75.00,"Jul 2025",73,0,5
2918020,"Ball Blitz!","",,"₹ 155",75.00,"Apr 2024",12,0,25
2875340,"Tamako","",,"Free",75.00,"Aug 2025",52,0,2
2694230,"Shinobi Saga","",,"Free",75.00,"Jun 2024",45,0,3
2587340,"GroOove","",,"Free",75.00,"Nov 2024",33,0,2
2098940,"Torch","",,"Free",75.00,"Jan 2023",48,0,4
1653190,"Sumorbit","",,"₹ 400",75.00,"Nov 2024",85,0,4
1218480,"SkyPrimal","",,"₹ 199",75.00,"Feb 2021",194,0,3
2214650,"Rolando Deluxe","",,"₹ 480",75.00,"Apr 2024",72,0,3
3469600,"Level 13","",,"₹ 200",75.00,"Mar 2025",24,0,3
2775610,"Phyto","",,"₹ 345",75.00,"Nov 2024",36,0,3
3100780,"Emily_","",,"₹ 200",75.00,"May 2025",59,0,3
2979720,"Seekers of Eclipse Demo","Demo",,"Free",75.00,"May 2024",0,0,10
2697610,"Keep of the knights","",,"₹ 105",75.00,"Apr 2025",50,0,2
3600730,"Desktop Standing Card Plates","",,"₹ 52",75.00,"Apr 2025",9,0,2
1338570,"Sheng Tian (升天) - Episode 1","",,"₹ 199",75.00,"Oct 2020",86,0,3
1288640,"Myth of Future Dimension","",,"₹ 399",75.00,"Dec 2023",56,0,2
1914270,"Ultimate Super Bean","",,"₹ 250",75.00,"Mar 2022",17,0,4
3160520,"Traffic Race 3D 2","",,"₹ 345",75.00,"Sep 2024",14,0,3
2668440,"Snake Galaxy Online","",,"₹ 250",75.00,"Dec 2023",20,0,4
1218750,"Orum's Death Run","",,"₹ 42",75.00,"Mar 2020",19,0,34
844970,"Cowboy : Attack of Wild Animal","",,"₹ 125",75.00,"May 2018",75,0,5
2989140,"Forest Construction VR","",,"₹ 690",75.00,"Mar 2026",204,0,9
518000,"Edge Guardian","",,"₹ 319",75.00,"Sep 2016",97,0,3
510950,"HVR Demo","Demo",,"Free",75.00,"Aug 2016",74,0,10
1298890,"Whispers from Within: Moving On","",,"₹ 105",75.00,"Jul 2020",28,0,1
971340,"Orc Towers VR","",,"Free",75.00,"Dec 2018",32,0,2
682250,"Mayas' Virtual Brush","",,"Free",75.00,"Sep 2017",47,0,2
1986430,"CARROT: Pancakes and Waffles","",,"₹ 200",75.00,"Aug 2022",62,0,2
1952550,"Mini Island: Cosmos","",,"₹ 199",75.00,"Jul 2022",64,0,3
1822500,"Mixx Island: Remix Vol. 2","",,"₹ 250",75.00,"Jan 2022",88,0,5
1796900,"航天计划","",,"₹ 42",75.00,"Nov 2021",46,0,2
1707670,"Square Word: Summer Edition☀️","",,"₹ 200",75.00,"Jul 2023",16,0,2
1411040,"ThrustLander","",,"₹ 459",75.00,"Nov 2021",50,0,2
1381630,"Pumpkin Dog Xtreme","",,"₹ 105",75.00,"Sep 2020",21,0,3
1318000,"HTD","",,"₹ 349",75.00,"Oct 2020",37,0,3
1281350,"Pandemic Crisis","",,"₹ 155",75.00,"May 2020",77,0,6
1263630,"Maggie's Movies - Second Shot","",-75%,"₹ 120",75.00,"Nov 2024",125,0,7
1260490,"Astro-g","",,"₹ 165",75.00,"Jun 2020",20,0,2
1132930,"Phantom 3D","",,"₹ 250",75.00,"Aug 2019",81,0,2
1132510,"Depixtion: Halloween","",,"—",75.00,"Oct 2019",21,0,4
1128610,"Affinity","",,"₹ 165",75.00,"Sep 2019",33,0,2
1102510,"Come Back: Chapter 1","",,"₹ 199",75.00,"Jul 2019",66,0,3
1078930,"Fatty Space","",,"—",75.00,"May 2019",51,0,4
990390,"Riddles of the Owls' Kingdom. Magic Wings","",,"₹ 219",75.00,"Jan 2019",26,0,6
932270,"July the Lost Child","",,"₹ 125",75.00,"Oct 2018",72,0,2
791000,"Atomic Heist","",,"₹ 125",75.00,"Apr 2018",70,0,3
770820,"Factory Hiro","",,"₹ 125",75.00,"Jan 2018",41,0,2
717540,"De Mambo","",,"₹ 419",75.00,"Nov 2025",84,0,3
710630,"GOLDRUSHERS","",,"₹ 349",75.00,"Sep 2017",72,0,2
371380,"Dr. Spacezoo","",,"₹ 479",75.00,"May 2016",332,0,3
4396680,"Outplay","",,"₹ 155",75.00,"May 2026",19,0,26
2018140,"LEEN","",,"₹ 165",75.00,"Jun 2022",61,0,10
2443250,"Urgent Message","",,"₹ 52",75.00,"Apr 2025",33,0,13
1470870,"Because its hot! Prologue","",,"Free",75.00,"May 2021",59,0,2
2161830,"Truer than You","",,"₹ 730",75.00,"Jul 2025",106,0,3
2014210,"Every Hue of You","",,"₹ 570",75.00,"Jul 2023",262,0,6
2607790,"Monster Killcker","",,"₹ 105",75.00,"Oct 2023",17,0,7
4306400,"Hellish Scrub","",,"Free",75.00,"May 2026",71,0,3
3686450,"John Parkour","",,"₹ 155",75.00,"Sep 2025",26,0,3
3291700,"Nirih","",,"₹ 570",75.00,"Dec 2025",51,0,5
1544480,"Book of the Old","",,"₹ 349",75.00,"Mar 2021",117,0,7
3993250,"5 Golden Skulls","",,"₹ 359",75.00,"Apr 2026",19,0,4
3770140,"Dragon March Demo","Demo",,"Free",75.00,"Jun 2025",0,0,8
2470150,"Mirth Island Demo","Demo",,"Free",75.00,"Jun 2026",0,1,5
2708140,"Reflectron","",,"₹ 155",75.00,"Apr 2024",25,0,4
3386150,"You're here again","",,"₹ 200",75.00,"Dec 2025",28,0,3
1461090,"喰人記","",,"₹ 399",75.00,"Apr 2021",106,0,3
1707410,"Aspect","",,"₹ 199",75.00,"May 2022",35,0,4
3417520,"A Directionless Cycle","",,"₹ 250",75.00,"Jun 2025",30,0,6
4572210,"Last Chance: Birth Demo","Demo",,"Free",75.00,"Apr 2026",0,0,2
2800790,"Orc Incursion","",,"₹ 480",75.00,"Feb 2025",46,0,3
2875510,"RAD: Repeat After Death","",,"₹ 635",75.00,"Apr 2026",82,0,7
3077810,"Dear Flower Demo","Demo",,"Free",75.00,"Aug 2024",0,0,3
1147840,"Hyper Storm","",,"₹ 52",75.00,"Oct 2019",70,0,3
2961840,"Shore Doodle","",,"₹ 105",75.00,"Aug 2024",55,0,2
946090,"Hentai Neighbors","",,"₹ 54",75.00,"Oct 2018",2185,0,13
616560,"Ultimate Epic Battle Simulator","",,"₹ 459",75.00,"Apr 2017",87888,15,10326
2658590,"Anger Of Peace 5","",,"₹ 52",74.99,"Nov 2023",98,0,3
2511440,"Infinite Seek and Find","",,"₹ 200",74.99,"May 2024",89,0,7
4152560,"Perished Truth","",,"₹ 480",74.99,"Jan 2026",347,0,7
1913200,"Mark's Magnificent Marble Maze","",,"₹ 349",74.99,"Aug 2022",103,0,6
1637630,"Catarro","",,"₹ 199",74.99,"Jun 2021",69,0,6
4398010,"A Game About Making A Planet Demo","Demo",,"Free",74.99,"Feb 2026",0,0,67
1982590,"Little Harvest","",,"₹ 155",74.99,"Jun 2023",31,0,3
1492290,"Boulders: Puzzle","",,"—",74.99,"Oct 2021",49,0,2
2457000,"Space Vikings","",,"₹ 155",74.99,"Aug 2023",62,0,3
1959470,"Ambulance Emergency Simulation","",,"₹ 400",74.99,"Apr 2022",145,0,4
4120610,"Hentai Clara","",-50%,"₹ 26",74.99,"Dec 2025",89,0,8
3381080,"Hentai Aina","",,"₹ 52",74.99,"Jan 2025",119,0,5
4098760,"Intimate Massage with a Snow Leopard Lady","",,"₹ 480",74.99,"Nov 2025",276,0,12
2811750,"Grimm's Folly","",,"₹ 690",74.99,"Mar 2025",25,0,8
3661310,"Hack And Climb Demo","Demo",,"Free",74.99,"May 2025",0,0,15
2615130,"Cozy Room Decorator","",,"₹ 250",74.99,"Mar 2024",522,0,5
1304170,"Drifter King Online","",,"₹ 250",74.99,"May 2020",149,0,5
744600,"Balloonatics","",,"₹ 480",74.99,"Nov 2023",280,0,8
3102020,"Flappy Alien","",,"₹ 52",74.99,"Jul 2024",25,0,5
2978430,"Hentai City","",,"₹ 52",74.99,"Jun 2024",139,0,3
2625960,"Doodle Streets: London 1950's","",,"₹ 530",74.99,"Apr 2024",67,0,5
2179660,"Hot Milf 9","",-50%,"₹ 26",74.99,"Oct 2022",117,0,2
2099000,"Western Girls","",,"₹ 52",74.99,"Aug 2022",98,0,2
1501090,"Yin Yang","",,"—",74.99,"Jan 2021",51,0,6
1363790,"Deadly Way","",,"₹ 260",74.99,"Jul 2020",627,0,2
1236160,"The Last Archwing","",,"₹ 199",74.99,"Mar 2020",105,0,4
1175170,"Incredible Dracula: The Ice Kingdom","",-50%,"₹ 129",74.99,"Nov 2018",60,0,7
1113090,"Crown of the Empire","",,"₹ 690",74.99,"Sep 2020",69,1,7
1052760,"Hexa Path","",,"₹ 105",74.99,"Apr 2019",72,0,2
677260,"Nuclear Wipeout","",,"Free",74.99,"Oct 2017",58,0,4
447000,"Grimsfield","",,"₹ 229",74.99,"May 2016",227,0,4
1508000,"Venice 2089","",,"₹ 345",74.99,"Oct 2022",1220,0,9
1491530,"Mastermine","",,"₹ 155",74.99,"Feb 2021",78,0,8
2889980,"The Reeve","",,"₹ 200",74.98,"May 2024",156,0,51
1207480,"Pupper park","",,"₹ 155",74.98,"Nov 2019",136,0,4
3826020,"Stop Breaking My Castle!","",,"Free",74.98,"Aug 2025",138,0,20
1294780,"Pathfinders: Memories","",-40%,"₹ 93",74.98,"Feb 2021",141,0,5
1385940,"Panty&Demons","",,"₹ 269",74.98,"Dec 2021",230,0,8
752330,"Shape of America: Episode One","",,"₹ 199",74.98,"Feb 2018",210,0,6
4186760,"A Christmas Journey With : Noelle","",,"Free",74.98,"Dec 2025",141,0,6
1086750,"Flux Caves","",,"₹ 250",74.98,"Jun 2019",183,0,5
699940,"MEMETYPER","",,"₹ 54",74.98,"Sep 2017",83,0,5
874440,"Border Bots VR","",,"₹ 1499",74.98,"Feb 2024",1025,0,28
1623420,"Serious Sam: Kamikaze Attack!","",,"₹ 155",74.98,"Jul 2021",543,0,17
664000,"HammerHelm","",,"₹ 459",74.98,"Apr 2021",6118,2,101
730050,"Verdant Skies","",,"₹ 529",74.98,"Feb 2018",3934,0,59
377900,"Empire TV Tycoon","",,"₹ 369",74.98,"Oct 2015",12845,5,296
587420,"Cart Racer","",,"₹ 105",74.97,"Jun 2017",615,0,778
226740,"Monster Loves You!","",,"₹ 369",74.97,"Mar 2013",4378,0,526
4380930,"RUIN: Beast City Demo","Demo",,"Free",74.96,"Feb 2026",0,0,10
766630,"Dust and Salt","",,"₹ 400",74.96,"Jan 2018",835,0,17
562660,"Pandarama: The Lost Toys","",,"₹ 52",74.96,"Dec 2016",240,0,1736
371140,"Aegis Defenders","",,"₹ 565",74.95,"Feb 2018",9397,4,855
308060,"Black The Fall","",,"₹ 999",74.95,"Jul 2017",8455,0,302